# Blender 4.4.3
# www.blender.org
mtllib Dino.mtl
o Mesh
v 0.005147 8.063521 -5.751453
v -0.251195 7.982384 -5.709656
v -0.224039 7.675803 -6.238414
v -0.686640 7.661044 -5.594371
v -0.219130 7.245677 -7.097322
v 0.005148 6.845202 -8.005907
v -0.684444 7.364640 -6.135224
v -1.103816 6.828530 -5.931081
v -1.200953 6.571836 -5.077211
v -0.216435 6.726269 -7.971584
v 0.005148 6.399822 -8.785256
v -0.651222 6.952131 -6.994850
v -0.192952 6.292259 -8.752371
v -0.571328 6.465189 -7.882148
v -0.186940 5.846601 -9.529546
v -0.966106 6.436676 -6.753738
v -0.526833 6.060273 -8.659804
v -0.844593 6.024449 -7.719799
v -1.097208 5.847083 -6.537749
v -1.140057 6.244513 -5.680021
v -1.013376 5.895560 -5.571987
v -0.937070 5.418221 -5.446682
v -0.598368 5.281265 -4.682477
v -0.916481 5.603145 -6.439923
v -0.972009 5.504296 -7.537169
v -0.735864 5.683563 -8.524102
v -0.861926 5.234630 -8.387609
v -0.463828 5.661081 -9.474530
v -0.806781 5.267754 -7.426642
v -0.636273 5.330753 -9.378420
v -0.300107 5.386455 -10.241324
v -0.529291 5.053452 -10.115118
v -0.755324 4.989812 -9.280210
v -0.226632 4.972562 -10.994122
v 0.005149 5.066503 -11.027515
v -0.172380 4.555040 -11.788964
v 0.005149 4.616786 -11.801109
v -0.417300 4.739973 -10.894217
v -0.703704 5.027656 -8.314449
v -0.602661 4.778454 -10.001667
v -0.113372 4.088720 -12.690624
v 0.005149 3.828532 -13.235221
v -0.592311 4.806464 -9.208047
v -0.508899 4.734676 -8.219018
v -0.402086 4.560734 -9.107039
v -0.474061 4.643079 -9.962348
v -0.479080 4.556428 -10.839731
v -0.316750 4.351790 -11.710705
v -0.173736 3.964065 -12.642995
v -0.139071 3.846456 -12.591686
v -0.284286 4.165292 -11.631423
v -0.387705 4.408226 -10.783128
v -0.069366 3.788352 -13.227775
v -0.089561 3.679153 -13.174527
v -0.037196 3.723885 -13.348474
v -0.316395 4.443976 -9.899360
v -0.005307 3.696439 -13.387689
v 0.005149 3.704234 -13.390019
v -0.020428 3.653381 -13.376318
v 0.005149 3.624176 -13.370943
v -0.046968 3.644994 -13.316421
v 0.005149 3.605278 -13.304862
v 0.005149 3.773946 -12.563385
v -0.114250 3.907041 -12.199020
v -0.176334 4.055256 -11.595906
v 0.005149 4.000316 -11.569383
v -0.240409 4.259017 -10.738447
v 0.005148 4.310474 -9.848905
v 0.005148 4.426093 -9.026962
v 0.005148 4.542228 -8.165983
v -0.445028 4.850843 -7.291883
v -0.670617 4.999390 -7.330752
v -0.498657 5.022605 -6.306746
v 0.005148 4.858408 -6.275991
v 0.005147 5.032030 -5.312846
v -0.797660 5.213073 -6.349180
v -0.608964 5.183415 -5.385869
v -1.848369 7.602208 3.460271
v -1.749019 7.536139 3.624347
v -1.702147 7.355419 3.440834
v -1.782794 7.454746 3.263321
v -2.026910 7.168071 2.987220
v -2.114137 7.251097 3.267954
v -1.602378 7.243272 3.151105
v -1.752128 7.395030 3.010045
v -1.526959 7.153177 2.817502
v -1.708475 7.353159 2.721513
v -2.248743 6.761088 2.902608
v -2.552721 6.388158 3.207011
v -1.675861 7.394277 2.410917
v -1.931510 7.111426 2.632555
v -2.475976 6.368669 2.848567
v -2.762162 6.093078 3.173075
v -1.880969 7.211440 2.381835
v -2.190930 6.750276 2.212631
v -2.190931 6.742067 2.563534
v -1.698610 7.520473 2.171306
v -2.673649 6.050798 2.804903
v -2.981084 5.699512 3.036916
v -2.420608 6.398486 2.533077
v -1.752994 7.689895 1.962787
v -1.604105 7.711004 1.807777
v -1.760387 8.023945 1.734642
v -1.904374 7.295601 2.166613
v -2.015698 7.399161 1.960446
v -2.830249 5.670808 2.800658
v -2.892038 5.238325 2.595443
v -2.608192 6.003604 2.538666
v -2.797634 5.628424 2.519958
v -2.908680 5.656639 2.169534
v -2.690976 6.007571 2.204726
v -3.122189 5.464005 2.029213
v -2.448661 6.380938 2.208426
v -2.699117 6.548077 1.982781
v -2.992268 6.105692 1.952049
v -3.146819 5.843767 1.932840
v -3.309814 5.555946 1.900612
v -3.552712 5.660118 1.957916
v -3.337649 6.278024 2.033022
v -3.549515 5.944932 2.068562
v -3.694165 6.054502 2.356906
v -3.731760 6.115009 2.712608
v -3.971263 5.827734 2.797376
v -3.468669 6.396210 2.301535
v -3.095863 6.655532 2.023505
v -3.574395 6.062726 3.016127
v -3.592645 5.689199 3.251966
v -3.536457 6.420385 2.656156
v -2.446254 6.890938 1.949739
v -3.271654 6.762935 2.253397
v -2.135832 6.944287 2.051896
v -2.297491 7.105556 1.893333
v -2.845039 7.129229 2.033122
v -2.156792 7.509526 1.846334
v -3.040298 7.239857 2.194601
v -3.087366 7.226629 2.593767
v -3.305480 6.797707 2.640534
v -3.372683 6.357999 2.989131
v -3.221680 6.278106 3.259899
v -3.224789 6.760138 3.019282
v -2.543257 7.299161 1.869226
v -1.847530 7.998406 1.903320
v -2.806045 7.765880 2.173078
v -2.378178 7.601521 1.839531
v -1.996842 8.129804 1.869769
v -1.888429 8.425481 1.723399
v -2.030626 8.571055 1.946246
v -2.608441 7.701731 1.967186
v -2.191924 8.296288 2.000834
v -2.364771 8.421696 2.174708
v -2.489787 8.456306 2.409988
v -2.731256 8.046998 2.387213
v -2.561609 8.448654 2.765260
v -2.456662 8.768982 2.754694
v -2.928500 7.638631 2.594097
v -2.788830 7.971598 2.686203
v -2.602662 8.290209 3.115512
v -2.364889 8.633348 3.548628
v -2.809204 7.503238 3.006046
v -2.483218 8.185171 3.424127
v -2.703419 7.855694 3.055356
v -2.988348 7.175107 3.011790
v -3.030731 6.655676 3.301743
v -2.804192 7.084757 3.269659
v -2.620434 7.450299 3.277535
v -2.536891 7.782610 3.317973
v -2.330844 7.725662 3.477122
v -2.243482 8.066633 3.656669
v -2.017307 7.875183 3.671385
v -1.939778 8.071106 3.835579
v -2.282391 7.446766 3.426118
v -2.543155 6.950997 3.376258
v -2.340031 6.837122 3.230802
v -2.776617 6.527402 3.383868
v -2.976188 6.227309 3.389919
v -2.969972 5.959350 3.211743
v -3.194270 6.054916 3.294990
v -3.067335 6.050896 3.374511
v -3.429246 5.917752 3.193546
v -3.303196 5.823488 3.240959
v -3.189996 5.771484 3.351337
v -3.297490 5.525777 3.312372
v -3.090571 5.713987 3.146307
v -3.216848 5.482221 3.175335
v -3.112890 5.421638 3.056396
v -0.925428 5.686064 -1.726916
v -1.010884 5.286894 -2.152908
v -1.108014 5.328875 -1.670541
v -1.150685 5.103236 -2.077066
v -1.122019 5.754735 -1.351259
v -1.232133 6.203008 -1.042853
v -1.217264 5.059209 -1.653287
v -1.203294 4.912811 -2.126465
v -1.431702 5.852714 -1.073013
v -1.281827 5.366889 -1.343864
v -1.277122 4.847882 -1.712719
v -1.321061 5.052800 -1.285814
v -1.494840 5.431384 -0.995766
v -1.537102 5.839147 -0.894968
v -1.632581 5.847486 -0.801570
v -1.545368 6.238844 -0.733976
v -1.735196 5.485079 -0.781737
v -1.697933 5.865624 -0.803058
v -1.658383 6.307630 -0.820764
v -1.899982 5.824860 -0.730133
v -1.612610 5.086319 -0.863088
v -2.263051 5.882632 -0.698054
v -2.500162 6.513838 -1.167417
v -1.983317 5.213957 -0.667036
v -1.968931 4.721600 -0.792380
v -1.673821 4.750607 -0.916270
v -1.370009 4.779410 -1.301224
v -1.681351 4.333667 -1.143848
v -1.386052 4.393597 -1.445697
v -1.204369 4.460772 -1.806880
v -1.103655 4.519433 -2.170769
v -1.181211 4.083108 -2.043158
v -1.083141 4.130336 -2.316992
v -1.202360 3.748013 -2.417987
v -1.406375 4.028446 -1.731660
v -1.375395 3.661743 -2.059998
v -1.647279 3.957709 -1.414141
v -1.370041 3.290086 -2.368562
v -1.224308 3.384637 -2.675056
v -1.628953 3.600465 -1.750027
v -1.587799 3.203325 -2.130749
v -1.389509 2.985831 -2.663373
v -1.201504 3.055557 -2.921012
v -1.585267 2.907766 -2.457793
v -1.362890 2.679963 -2.870560
v -1.546035 2.599628 -2.618848
v -1.532191 2.344476 -2.708361
v -1.746665 2.546501 -2.546375
v -1.741615 2.304013 -2.615927
v -1.793862 2.840947 -2.382442
v -1.920469 2.581694 -2.732339
v -1.841067 3.160059 -2.072998
v -2.017955 2.881605 -2.530514
v -2.044124 2.649946 -3.007101
v -2.096882 2.353813 -3.066592
v -1.916428 3.540614 -1.590108
v -2.149298 3.230879 -2.217855
v -2.115777 2.969207 -2.813069
v -2.141874 2.723393 -3.310935
v -2.207827 3.533604 -1.725829
v -1.983950 3.880776 -1.284712
v -2.035395 4.287681 -0.993674
v -2.292899 3.291287 -2.580980
v -2.173752 3.030940 -3.100941
v -2.000569 2.775261 -3.575766
v -2.292694 3.362674 -2.895898
v -1.992978 3.083434 -3.313215
v -1.878093 2.857415 -3.761416
v -1.912753 2.495729 -3.938051
v -1.887037 3.151516 -3.508318
v -1.786916 2.694890 -3.991122
v -1.784832 2.500019 -4.092201
v -1.598746 2.526540 -4.142835
v -1.668920 2.972584 -3.848606
v -1.628546 2.740415 -4.028546
v -1.457062 2.728361 -4.014978
v -1.413910 2.525860 -4.105196
v -1.265956 2.555837 -3.950846
v -1.363490 2.919198 -3.782146
v -1.132837 2.539525 -3.839925
v -1.707170 3.216842 -3.623804
v -1.200938 2.855284 -3.657557
v -1.454525 3.202403 -3.582042
v -1.168162 2.816727 -3.400765
v -1.136264 2.755640 -3.138264
v -1.267633 3.173910 -3.463624
v -1.240133 3.112903 -3.224737
v -1.303019 3.505037 -3.283964
v -1.227069 3.448605 -3.017494
v -1.514732 3.536379 -3.412915
v -1.119084 3.789954 -2.860462
v -1.249826 3.892948 -3.167763
v -1.773621 3.546093 -3.435791
v -1.049431 4.199141 -2.716089
v -1.540002 3.938159 -3.311358
v -1.221220 4.296233 -3.068894
v -1.992171 3.498983 -3.309687
v -1.075066 4.574905 -2.573976
v -1.268602 4.652419 -2.921708
v -1.860979 3.931909 -3.294908
v -1.574026 4.356656 -3.210200
v -2.145422 3.431233 -3.109198
v -1.175784 4.884499 -2.463146
v -1.352528 4.915493 -2.827505
v -1.144353 5.090590 -2.480251
v -1.607524 4.760967 -3.012736
v -2.144914 3.871847 -3.159256
v -1.974219 4.363008 -3.241740
v -0.996450 5.243976 -2.570718
v -0.803917 5.495201 -2.213624
v -1.282064 5.093880 -2.886285
v -2.338786 3.776253 -2.935175
v -1.602655 4.996244 -2.880585
v -2.336036 4.277563 -3.040170
v -2.049590 4.814224 -3.096000
v -0.785737 5.424740 -2.758715
v -0.602762 5.467817 -2.259134
v -2.427482 3.721775 -2.725513
v -1.170900 5.271549 -2.979504
v -0.943312 5.428092 -3.261810
v -0.704751 5.532429 -3.358455
v -2.539726 4.153608 -2.615302
v -2.487608 3.664679 -2.378023
v -1.519482 5.164155 -3.017066
v -1.219668 5.454445 -3.555313
v -1.228289 5.730215 -3.880834
v -1.397591 5.321131 -3.215771
v -1.728046 5.569359 -3.168136
v -2.060914 6.141917 -3.028986
v -2.391702 3.610112 -2.025069
v -2.268883 5.690885 -2.666005
v -2.253462 6.259865 -2.737472
v -2.489636 5.701032 -2.181740
v -2.465380 6.377788 -2.400713
v -1.966617 5.309909 -2.933313
v -2.603498 4.068492 -2.168447
v -2.534216 3.985256 -1.740871
v -2.043090 5.138415 -2.882757
v -2.356304 5.374373 -2.548322
v -2.464468 4.776106 -2.841773
v -2.687388 4.647618 -2.399685
v -2.418385 5.159584 -2.603066
v -2.716529 4.527904 -1.917640
v -2.590313 5.125321 -2.180681
v -2.561628 5.342227 -2.134117
v -2.632003 5.806244 -1.500077
v -2.737979 5.379094 -1.561898
v -2.768504 4.992123 -1.695123
v -2.667243 4.383987 -1.436890
v -2.670263 5.332675 -1.045588
v -2.327788 3.888654 -1.409269
v -2.393891 4.261985 -1.123429
v -2.769517 4.860790 -1.274792
v -2.232163 4.457117 -0.860747
v -2.598614 4.530842 -1.116641
v -2.439409 4.465579 -0.949915
v -2.478357 4.704066 -0.784198
v -2.222497 4.683274 -0.711355
v -2.220036 4.952175 -0.615427
v -2.659198 4.770321 -0.990568
v -2.645348 5.033218 -0.868786
v -2.392854 5.353714 -0.657040
v -2.465133 5.003305 -0.672109
v -2.577187 5.863780 -1.034279
v -2.530502 6.485724 -1.655322
v -2.612761 6.095473 -1.895254
v -2.544560 6.030179 -2.159447
v 0.005147 5.031967 -4.188591
v 0.005147 5.092391 -4.710479
v -0.533983 5.257147 -4.072302
v -0.961623 5.690782 -4.657036
v -0.457346 5.180984 -3.433867
v 0.005147 4.988450 -2.856775
v -0.363953 5.149724 -2.826094
v -0.614205 5.391045 -2.796371
v -0.387881 5.253490 -2.254948
v 0.005147 5.077410 -2.317131
v -0.217520 5.315303 -1.865089
v -0.220939 5.472892 -1.589983
v -0.655233 5.622422 -1.732511
v -0.755841 5.742003 -1.756558
v -0.989179 6.041276 -1.366255
v -0.474986 5.582326 -1.696956
v -0.238579 5.619532 -1.287877
v 0.005146 5.537863 -1.214196
v -0.570443 5.788080 -1.332704
v -0.813113 5.829494 -1.324994
v -0.284075 5.604912 -0.993613
v -1.112034 5.957996 -0.888451
v -0.978572 5.859796 -0.777353
v -0.503874 5.765448 -1.074229
v -0.348531 5.570279 -0.444376
v 0.005146 5.478423 -0.392120
v 0.005146 5.515793 0.018851
v -1.346581 6.406738 -0.493357
v -0.617765 5.740387 -0.547148
v -0.461960 5.657838 -0.046754
v 0.005146 5.657141 0.511162
v -0.844567 5.859411 -0.111209
v -0.504611 5.765958 0.470266
v -0.807201 5.809291 -0.656995
v -1.061426 5.976543 -0.182850
v -1.294091 6.011835 -0.250517
v -0.978932 5.893435 0.421189
v -1.374313 6.163942 -0.360804
v -1.492886 6.373692 0.096280
v -1.220509 6.078244 0.386828
v -1.528325 6.605144 0.026156
v -1.644218 6.836004 0.592222
v -1.524446 6.566168 0.516544
v -1.587817 6.924748 1.069310
v -1.405549 6.212629 0.160436
v -1.392009 6.405881 0.507762
v -1.482213 6.774437 1.057213
v -1.349461 6.973665 1.566198
v -1.340703 6.567271 1.013337
v -1.300963 6.807225 1.501097
v -1.174324 6.264764 0.955515
v -0.968928 6.034722 0.908013
v -1.064526 6.313156 1.321224
v -0.462808 5.925961 1.001474
v -0.863566 6.115623 1.249888
v -0.529528 6.160014 1.523260
v 0.005146 6.140890 1.548899
v -0.554436 6.396394 2.079726
v 0.005146 6.400224 2.106481
v -0.802290 6.326848 1.659473
v -1.190500 6.602691 1.431830
v -0.960633 6.512444 1.751463
v -1.009055 6.642980 2.034724
v -0.479106 6.439084 2.518350
v 0.005145 6.526998 2.559489
v 0.005145 6.597289 2.878660
v -0.851771 6.584407 2.494565
v -0.355127 6.509398 2.920985
v 0.005145 6.680016 3.274745
v -0.712831 6.591962 2.975147
v -1.111537 6.792122 2.857685
v -0.487104 6.642442 3.482276
v -0.244340 6.618382 3.364173
v -1.221985 6.886786 2.419660
v -1.336041 6.972074 2.917693
v -1.388785 7.088354 2.416111
v -1.448112 7.181474 1.967046
v -1.495638 7.239427 2.389604
v -1.509894 7.382432 1.957826
v -0.374350 6.705394 3.635865
v -0.204638 6.713634 3.610157
v 0.005145 6.881560 3.770777
v -0.177097 6.851292 3.801978
v -0.366508 6.842174 3.825269
v -0.566909 7.149352 4.075978
v -0.919246 7.089893 3.986190
v -0.155145 7.145176 4.072682
v 0.005145 7.104527 4.102345
v -0.365508 7.167192 4.068468
v -0.173779 7.226338 4.373421
v -0.158518 7.287624 4.660711
v 0.005145 7.180636 4.671745
v 0.005145 7.224265 4.778396
v -0.360957 7.246755 4.353735
v -0.788163 7.230932 4.053602
v -1.127992 7.240961 3.907886
v -0.270804 7.328836 4.666490
v -0.500336 7.221366 4.371455
v -0.418699 7.278104 4.689021
v -0.212885 7.447541 4.896860
v -0.151452 7.386791 4.904271
v -0.156920 7.465089 5.136844
v 0.005145 7.382822 5.266020
v -0.610441 7.358698 4.327742
v -0.153760 7.461309 5.372338
v 0.005145 7.371616 5.374156
v -0.147114 7.398390 5.656456
v 0.005145 7.358404 5.718933
v 0.005145 7.379947 5.926774
v -0.239961 7.521170 5.124961
v -0.409671 7.371311 4.915265
v -0.922751 7.346047 4.074342
v -0.517379 7.420358 4.674327
v -0.791146 7.354449 4.380991
v -1.100692 7.438382 3.937465
v -1.008463 7.555404 4.126943
v -1.237965 7.390980 3.821059
v -1.343798 7.246192 3.678314
v -0.474805 7.569616 4.921907
v -0.780322 7.391402 4.707797
v -0.889020 7.639975 4.427282
v -1.095077 7.650481 4.171359
v -1.156426 7.556241 3.945939
v -1.455096 7.299013 3.544497
v -1.459548 7.153297 3.299332
v -1.173413 7.678322 4.023294
v -1.280437 7.708025 3.984371
v -1.146089 7.841757 4.214105
v -0.999375 7.686224 4.424769
v -1.085220 7.967609 4.431226
v -0.894774 7.769540 4.695820
v -1.023712 7.839105 4.703744
v -1.097835 8.074820 4.702118
v -1.262787 8.249742 4.702473
v -1.178518 8.156075 4.934597
v -1.263201 8.451488 4.963159
v -1.074921 7.892172 4.924307
v -1.107001 8.290774 5.121080
v -1.213129 8.561450 5.188838
v -0.950901 7.832528 4.901670
v -0.882953 7.773465 4.911598
v -1.028558 8.061297 5.133138
v -1.008356 8.123379 5.301600
v -0.876401 7.999160 5.091655
v -0.804307 7.941288 5.317736
v -0.810147 7.916303 5.099483
v -0.735082 7.782085 5.391093
v -0.728442 7.540661 5.016556
v -0.715298 7.662066 5.257143
v -0.530697 7.601849 5.110622
v -0.580023 7.656913 5.343169
v -0.397174 7.493498 5.149617
v -0.383254 7.560761 5.357873
v -0.474634 7.631678 5.563601
v -0.237929 7.510007 5.370089
v -0.230969 7.477551 5.498210
v -0.348928 7.515286 5.530612
v -0.285392 7.450696 5.710030
v -0.371859 7.561874 5.763307
v -0.444539 7.689512 5.838764
v -0.291113 7.629971 6.068923
v -0.204634 7.436300 5.923358
v -0.244073 7.519013 5.996428
v -0.094550 7.463523 6.262343
v -0.102135 7.395877 5.933501
v 0.005144 7.433278 6.268471
v -0.054228 7.480322 6.637985
v 0.005144 7.476968 6.869747
v 0.005144 7.463520 6.606302
v -0.649733 6.631346 3.489717
v -0.790167 6.656412 3.198245
v -0.772725 6.481378 3.332124
v -0.696379 6.520201 3.515092
v -0.756825 6.306905 3.445709
v -0.676270 6.166335 3.559712
v -0.616229 5.996119 3.723860
v -0.584716 6.103615 3.801479
v -0.651296 5.894021 3.926762
v -0.708894 5.898055 4.226648
v -0.756858 5.914059 4.463517
v -0.677022 5.978839 4.479080
v -0.679815 5.947995 4.666385
v -0.859514 5.858462 4.635236
v -0.828574 5.870333 4.220757
v -0.864882 5.895836 4.455232
v -0.955231 5.911801 4.469844
v -0.957275 5.913847 4.234049
v -1.030883 5.988794 4.507577
v -1.036092 6.013232 4.281266
v -1.051778 6.032760 4.635752
v -1.052314 5.997378 4.739595
v -1.014820 6.094028 4.507078
v -1.044507 6.109386 4.660030
v -0.981661 6.193073 4.687346
v -0.958757 6.149203 4.814563
v -0.862215 6.209846 4.821357
v -0.989712 6.177451 4.522417
v -0.883107 6.243772 4.698077
v -0.763712 6.210167 4.795748
v -1.026159 6.150996 4.325911
v -0.887155 6.232668 4.551422
v -0.752487 6.201454 4.575417
v -0.796350 6.230869 4.692786
v -0.911307 6.252614 4.373739
v -0.688380 6.086884 4.526153
v -0.773609 6.216124 4.376547
v -0.686399 6.098673 4.299313
v -0.640468 5.990898 4.253348
v -0.926399 6.296894 4.215724
v -0.775393 6.254459 4.199188
v -0.622774 6.132108 4.124389
v -0.589464 6.010900 4.046283
v -1.050595 6.192896 4.106243
v -0.950409 6.373309 4.045254
v -0.635211 6.252037 3.887176
v -0.616812 6.194831 3.643679
v -0.781501 6.332021 3.989858
v -1.080628 6.020548 4.005023
v -0.706660 6.391869 3.753860
v -0.684465 6.347228 3.581590
v -1.052330 6.292264 3.941135
v -0.816223 6.430180 3.885911
v -0.947418 6.463637 3.969849
v -0.725000 6.569184 3.678547
v -0.815548 6.630371 3.862305
v -0.688067 6.752893 3.701733
v -0.547858 6.842833 3.776051
v -0.824789 6.809286 3.851944
v -0.725941 6.930501 3.921600
v -0.969482 6.665140 3.925838
v -0.981517 6.882735 3.905509
v -1.043255 6.426552 3.879928
v -1.150609 6.944927 3.842740
v -1.100919 6.660332 3.864990
v -1.204606 6.628471 3.698631
v -1.112590 6.219727 3.808164
v -1.287153 6.925392 3.678995
v -1.356186 6.909158 3.418016
v -1.262919 6.544397 3.433909
v -1.236223 6.866549 3.168509
v -1.125028 6.379733 3.735072
v -1.136293 6.306213 3.556016
v -0.988138 6.775319 3.114074
v -1.156860 6.499967 3.274699
v -0.964658 6.494006 3.249324
v -1.107629 6.139588 3.628805
v -1.051467 6.279963 3.427260
v -0.911622 6.279045 3.382897
v -1.086083 6.020134 3.743503
v -1.008021 6.113879 3.515454
v -0.849108 6.108795 3.445302
v -0.964428 5.904727 3.936848
v -1.007208 5.943380 3.680373
v -0.782458 5.833510 3.897654
v -0.906952 5.962379 3.511766
v -0.695071 5.991623 3.527002
v -0.876350 5.877031 3.757281
v -0.689005 5.868716 3.760092
v -0.774294 5.845859 3.768588
v -0.665716 5.921002 3.643323
v -0.774957 5.882727 3.604742
v -0.799897 5.961863 3.481649
v -0.907317 5.908034 3.643478
v -0.178555 10.869906 6.748776
v -0.178066 11.005939 6.423961
v -0.427170 10.872379 6.385744
v -0.170259 11.183414 6.001500
v 0.005144 11.427343 5.443855
v -0.176444 11.374280 5.441356
v -0.446433 11.025350 5.953260
v -0.707102 10.626887 6.321175
v -0.954045 10.327592 6.284598
v -0.770242 10.719069 5.901722
v -0.483395 11.152770 5.409893
v -0.201749 11.520207 4.844519
v -0.548816 11.254702 4.857204
v -0.224649 11.622898 4.247303
v 0.005144 11.683828 4.228326
v -0.591942 11.302341 4.299667
v -0.250186 11.597455 3.644708
v 0.005144 11.685187 3.615163
v -0.603880 11.280033 3.699446
v -0.263113 11.490082 3.042813
v 0.005144 11.592869 3.025798
v 0.005144 11.444017 2.259605
v -0.663423 11.208662 3.124696
v -0.299214 11.346418 2.321951
v -0.279868 11.224285 1.696090
v -0.273701 11.132840 1.192513
v -0.327230 11.022243 0.625932
v 0.005145 11.214821 0.570374
v -0.516433 11.002599 1.250363
v -0.547604 11.050198 1.765412
v -0.702212 11.026503 2.460384
v -1.000273 10.696135 2.885653
v -0.947910 10.743373 3.324194
v -0.969118 10.825887 3.855826
v -0.383649 10.895502 0.086271
v 0.005145 11.089233 0.003691
v 0.005145 10.886563 -0.541881
v -0.408758 10.701516 -0.453621
v -0.699361 10.759638 0.176768
v -0.420988 10.475668 -0.951900
v 0.005145 10.419250 -1.483310
v -1.242440 10.279737 3.527654
v -0.957015 10.867518 4.393051
v -0.630947 10.899977 0.663316
v -0.716768 10.572680 -0.384223
v -0.980357 10.332675 -0.314122
v -0.848382 10.647453 0.217367
v -0.846704 10.772766 0.682276
v -0.738374 10.323489 -0.919873
v -1.280053 10.341901 3.990248
v -0.802896 10.870145 1.248116
v -0.802908 10.916803 1.769313
v -1.009992 10.478621 0.295618
v -0.997276 10.689548 1.251898
v -1.022266 10.595995 0.784352
v -1.244750 10.207507 0.395261
v -0.861580 10.890095 2.341598
v -1.234059 10.301452 0.879609
v -1.046780 10.809708 2.183386
v -1.021452 10.785558 1.797710
v -1.255125 10.400721 1.324787
v -1.102051 10.652334 2.662260
v -1.237597 10.553013 1.908662
v -1.222019 10.635431 2.406245
v -1.329474 10.296988 2.914806
v -1.408905 10.322477 2.605685
v -1.467750 10.226375 2.135583
v -1.473208 10.095598 1.645066
v -1.649421 9.919608 2.368162
v -1.274412 10.269967 3.157463
v -1.623779 9.950723 2.796511
v -1.571393 9.937022 3.115430
v -1.570232 9.802403 3.449339
v -1.739067 9.689031 3.281501
v -1.812163 9.334064 3.715744
v -1.477387 9.824136 3.771138
v -1.494238 9.854809 4.164424
v -1.661739 9.344043 3.964228
v -1.228949 10.371689 4.501616
v -0.926494 10.868795 4.902174
v -0.837440 10.805654 5.423205
v -1.149408 10.399609 4.977297
v -1.035370 10.358788 5.888283
v -1.092116 10.395060 5.433632
v -1.240922 9.949645 5.437427
v -1.379912 9.916610 5.019066
v -1.496871 9.891582 4.603814
v -1.163709 9.966357 5.894842
v -1.556903 9.384230 4.292174
v -1.111335 9.947536 6.243101
v -1.118313 9.683059 6.422534
v -1.041717 9.682950 6.646373
v -1.048453 9.515855 6.529571
v -1.161517 9.678050 6.205350
v -1.104625 9.498569 6.392013
v -1.144971 9.467139 6.188072
v -1.137327 9.282829 6.074602
v -1.203241 9.636683 5.874880
v -1.148959 9.430754 6.035274
v -1.318268 9.582966 5.471901
v -1.218073 9.321238 5.792070
v -1.213129 9.205764 5.819398
v -1.260370 9.417553 5.722911
v -1.420990 9.519566 5.042171
v -1.282233 9.165969 5.570613
v -1.353864 8.917370 5.329298
v -1.342548 8.889767 5.487666
v -1.279082 9.268889 5.488089
v -1.521295 9.444004 4.667290
v -1.368189 9.050584 5.287653
v -1.406982 9.199259 5.027785
v -1.487331 9.130971 4.693827
v -1.421266 8.958001 5.007411
v -1.383417 8.695666 4.973451
v -1.384735 8.616107 5.209960
v -1.428021 8.519287 4.986278
v -1.569953 8.800915 4.730694
v -1.639752 9.046442 4.369781
v -1.480865 8.538463 4.730049
v -1.434923 8.305827 4.741084
v -1.234317 8.117483 4.483726
v -1.773257 8.989653 4.090322
v -1.580424 8.696125 4.424175
v -1.430382 8.149770 4.527188
v -1.452530 8.401423 4.424529
v -1.439578 7.982348 4.242032
v -1.243078 8.001738 4.226763
v -1.614287 8.132503 4.065914
v -1.727732 8.568924 4.144765
v -1.418737 7.695298 4.006495
v -1.482641 7.508748 3.727491
v -1.357609 7.459555 3.773288
v -1.567001 7.793042 3.899561
v -1.784111 8.101991 3.914314
v -1.926424 8.957574 3.815215
v -1.503246 7.331982 3.520531
v -1.594525 7.317851 3.490815
v -1.696618 7.773098 3.837294
v -1.916686 8.498960 3.919571
v -1.534855 7.191163 3.229257
v -1.643226 7.514733 3.677149
v -1.844023 7.799913 3.778791
v -2.087579 8.469421 3.798102
v -2.183801 9.004234 3.567305
v -2.453914 8.745322 3.149889
v -2.303171 9.105179 3.133468
v -1.983557 9.375251 3.449653
v -2.304795 9.110868 2.696575
v -2.308740 8.736755 2.388624
v -2.118832 9.448146 3.055403
v -1.833145 9.737028 2.941869
v -2.098408 9.415888 2.623036
v -1.818382 9.709097 2.466417
v -2.172379 9.020606 2.335762
v -2.182279 8.672738 2.176269
v -2.005322 9.341746 2.242016
v -1.831605 9.591808 2.191489
v -2.058660 8.955009 2.094620
v -1.706933 9.735302 1.897555
v -1.932700 9.296327 2.016079
v -1.935867 8.883513 1.883064
v -1.490441 9.955151 1.497117
v -1.824188 9.221757 1.813893
v -1.916520 8.786435 1.680950
v -1.465279 9.993136 1.274572
v -1.681156 9.600209 1.660255
v -1.837120 9.157097 1.598943
v -1.675246 9.549732 1.462830
v -1.792615 9.521636 1.166548
v -1.501022 9.928977 0.983843
v -1.893742 9.073641 1.283365
v -1.520333 9.914807 0.446886
v -1.932019 8.453875 1.091115
v -1.728840 9.656900 0.730247
v -1.893681 9.189181 0.930003
v -1.960618 8.727564 0.858270
v -1.828847 9.462704 0.907449
v -1.873393 9.344150 0.539781
v -1.721728 9.637172 0.463839
v -1.879997 9.216693 0.053752
v -1.941458 9.025963 0.664686
v -1.758815 9.498822 -0.051779
v -1.567164 9.737908 -0.170963
v -1.934385 8.873857 0.158764
v -1.772562 9.334545 -0.317059
v -1.280515 10.007150 -0.254366
v -1.594225 9.438620 -0.676736
v -1.277346 9.792623 -0.808999
v -1.002304 10.071241 -0.851656
v -1.978675 8.555623 0.267851
v -1.913882 8.864233 -0.159299
v -1.818368 9.080791 -0.329858
v -1.782629 8.996725 -0.574939
v -2.039177 8.263245 0.432158
v -1.978333 8.574082 -0.349075
v -2.037492 8.171719 -0.196065
v -2.019322 7.836850 -0.030480
v -1.922127 8.212449 1.193035
v -1.862621 8.009973 -0.662233
v -1.824472 8.386240 -0.838496
v -1.687334 8.795996 -1.013891
v -2.007438 7.966793 0.614620
v -1.859082 7.854008 1.330742
v -1.432034 9.250001 -1.180170
v -1.612064 8.668344 -1.260958
v -1.703866 7.573207 1.456381
v -1.520938 7.318762 1.621949
v -1.458830 7.108827 1.568447
v -1.310470 6.947249 2.004003
v -1.659051 7.039310 1.069677
v -1.652567 7.253834 1.304209
v -1.804014 7.403556 0.909321
v -1.738034 7.216040 0.984740
v -1.798077 7.136535 0.570913
v -1.744496 6.967958 0.600354
v -1.918121 7.699112 0.792514
v -1.692842 6.891425 0.159903
v -1.568865 6.736431 -0.109237
v -1.848354 7.306774 0.508352
v -1.951459 7.592898 0.323556
v -1.766893 6.997062 0.156175
v -1.841418 7.196497 0.174343
v -1.874388 7.348864 0.200394
v -1.896137 7.416105 0.045357
v -1.857859 7.278643 -0.122244
v -1.927215 7.582278 -0.157555
v -1.676710 7.085187 -0.169394
v -1.793640 7.250771 -0.494449
v -1.881947 7.459728 -0.354770
v -1.628013 6.823020 -0.266827
v -1.865548 7.704858 -0.544630
v -1.578557 6.519625 -0.567012
v -1.430987 6.493700 -0.573036
v -1.684982 7.522622 -0.761956
v -1.601972 7.228289 -0.921192
v -1.682640 7.841550 -0.923914
v -1.697141 7.021382 -0.576639
v -1.398431 6.206484 -0.814647
v -1.666141 6.580796 -0.676627
v -1.849681 6.350906 -0.796282
v -1.756409 6.716228 -0.854282
v -2.152628 6.470330 -0.827215
v -1.696060 8.252127 -1.100126
v -1.583317 7.662339 -1.130205
v -1.965981 7.246022 -1.120757
v -1.694431 7.241447 -1.019362
v -1.734172 7.941733 -1.492072
v -1.748812 7.669136 -1.193560
v -2.295344 7.209925 -1.453316
v -1.703230 8.061908 -1.333075
v -1.524662 8.525374 -1.552294
v -2.326056 7.138439 -1.912754
v -1.965981 7.856664 -1.777115
v -2.340197 7.061528 -2.225406
v -2.534506 6.468734 -2.014840
v -2.027640 7.774036 -2.136528
v -2.294520 6.909562 -2.679838
v -2.042482 7.642163 -2.469307
v -2.113837 6.738215 -3.028285
v -1.953987 6.591205 -3.315003
v -1.783380 5.897767 -3.507641
v -1.935758 7.283363 -3.314854
v -1.751022 6.305270 -3.813121
v -2.067956 7.460190 -2.946652
v -1.812755 7.103292 -3.619241
v -1.625199 7.835858 -3.599834
v -1.708827 8.077791 -3.227872
v -1.684376 8.286901 -2.699762
v -1.281322 6.036618 -4.223150
v -0.857189 5.656264 -3.908254
v -1.354985 6.411140 -4.517638
v -1.155521 6.190774 -4.861611
v -1.656832 6.777121 -4.080488
v -1.354130 6.891749 -4.716028
v -1.138898 7.189338 -5.404892
v -1.521633 7.296320 -4.321232
v -1.151139 7.433735 -4.944553
v -1.614230 7.657924 -3.866214
v -1.225754 7.799473 -4.528985
v -0.879369 8.215912 -4.695007
v -0.957816 7.733359 -5.060682
v -1.260142 8.214773 -4.036562
v -0.577265 8.031746 -5.171128
v -1.291966 8.305981 -3.740029
v -0.208706 8.317545 -5.282275
v 0.005147 8.408598 -5.317315
v -0.541781 8.458515 -4.777412
v -0.210632 8.640547 -4.845668
v 0.005147 8.742339 -4.896996
v -0.236272 8.966785 -4.413038
v 0.005146 9.493094 -3.890207
v -0.901180 8.593013 -4.178984
v -0.746054 8.800868 -4.254962
v -0.295985 9.369626 -3.849663
v -0.592950 8.865802 -4.369184
v -0.758395 9.124985 -3.772397
v -0.321919 9.602221 -3.281636
v -0.645345 9.278492 -3.803698
v -0.983383 8.835479 -3.713781
v -0.339157 9.720441 -2.824848
v -0.790991 9.392153 -3.156924
v -0.623472 9.510313 -3.232677
v -0.330390 9.795850 -2.477481
v -0.642978 9.652990 -2.770493
v -0.789193 9.577743 -2.690189
v -0.996457 9.121959 -3.078311
v -1.172291 8.773505 -3.484055
v -1.405676 8.511402 -3.413257
v -1.140123 8.911243 -3.164309
v -1.346671 8.691864 -2.916372
v -1.251185 8.845084 -2.615578
v -1.640243 8.371643 -2.413594
v -1.573521 8.462101 -2.109208
v -1.018717 9.326965 -2.536296
v -1.466495 8.540052 -1.803357
v -1.228032 8.997737 -2.369254
v -1.220714 9.104939 -2.019257
v -0.989676 9.504236 -2.125049
v -1.138947 9.148051 -1.788482
v -0.739263 9.697865 -2.270475
v -1.198273 9.202409 -1.592494
v -0.894684 9.477273 -1.890255
v -0.566635 9.718782 -2.452708
v -0.672695 9.692198 -2.062080
v -0.560453 9.740542 -2.234519
v -0.371291 9.916447 -2.125473
v -0.394920 10.048910 -1.836519
v -0.694346 9.827845 -1.801463
v -0.915306 9.606771 -1.734793
v -0.431150 10.226609 -1.440147
v -1.143658 9.453330 -1.482320
v -0.738939 9.942944 -1.655364
v -0.722970 10.091260 -1.379943
v -0.952203 9.722383 -1.602685
v -1.212829 9.570226 -1.222700
v -0.953433 9.867782 -1.312747
v 0.005144 8.989370 8.160215
v -0.144819 9.087942 8.139492
v 0.005144 9.244047 8.292049
v -0.182282 9.246805 8.253860
v 0.005144 9.519388 8.345842
v -0.265212 9.114572 8.066863
v -0.319392 9.269437 8.168056
v -0.174899 9.524899 8.312497
v 0.005144 9.791993 8.296560
v -0.376353 9.163427 7.967330
v -0.459577 9.140993 7.800563
v -0.414857 9.314567 8.032096
v -0.182789 9.790277 8.282146
v 0.005144 10.057923 8.156478
v -0.331367 9.523880 8.218703
v -0.152816 10.061038 8.135157
v -0.346749 9.784358 8.171086
v -0.472988 9.534567 8.086472
v -0.140483 10.268549 7.948241
v 0.005144 10.432480 7.790735
v -0.162477 10.415501 7.746394
v -0.299175 10.240901 7.899713
v -0.320473 10.040424 8.046924
v -0.487735 9.756915 8.055132
v -0.566463 9.552886 7.949086
v -0.442052 9.991369 7.924763
v -0.175017 10.527438 7.522331
v -0.519343 9.360349 7.918447
v -0.469494 9.226197 7.853521
v -0.585810 9.415939 7.786501
v -0.591984 9.290169 7.744379
v -0.545549 9.207414 7.681767
v -0.618204 9.248165 7.611239
v -0.658255 9.349237 7.649494
v -0.740925 9.388581 7.589772
v -0.672053 9.454062 7.669387
v -0.618233 9.572207 7.815382
v -0.759711 9.569053 7.556302
v -0.801796 9.541137 7.512579
v -0.568170 9.732450 7.927291
v -0.684028 9.607651 7.647689
v -0.737878 9.752742 7.522471
v -0.784383 9.669607 7.447526
v -0.834207 9.612127 7.414287
v -0.790925 9.786261 7.277010
v -0.839370 9.702966 7.237163
v -0.655024 9.697958 7.695479
v -0.625146 9.707246 7.773968
v -0.536655 9.923254 7.815446
v -0.827687 9.883286 7.087099
v -0.873424 9.749695 7.051863
v -0.901887 9.917109 6.877382
v -1.013288 9.922876 6.645598
v -0.849704 10.221443 6.635644
v -0.686778 9.803798 7.616104
v -0.770078 9.907134 7.363811
v -0.794101 10.133040 6.929435
v -0.645845 10.521238 6.663826
v -0.768636 10.016694 7.175471
v -0.707831 9.899063 7.533029
v -0.616673 9.852466 7.704659
v -0.664795 10.329932 7.061179
v -0.663967 10.092628 7.458605
v -0.626080 9.996718 7.587285
v -0.525025 10.095840 7.680462
v -0.666801 10.207017 7.281435
v -0.531750 10.559779 6.935416
v -0.421040 10.759494 6.705100
v -0.522395 10.443833 7.159928
v -0.535386 10.223384 7.551486
v -0.442879 10.172458 7.792025
v -0.370069 10.355533 7.665089
v -0.523995 10.347197 7.369825
v -0.353504 10.454362 7.452850
v -0.363716 10.661661 6.967479
v -0.345442 10.560687 7.210364
v -0.172075 10.739406 7.018283
v 0.005144 10.909099 6.765132
v 0.005144 10.790651 7.038171
v -0.175585 10.635539 7.271345
v -0.067851 8.717492 8.166351
v -0.093198 8.607959 8.141919
v -0.128829 8.670185 8.138636
v -0.175668 8.725337 8.101336
v -0.086922 8.807281 8.153696
v 0.005144 8.891023 8.164770
v -0.123835 8.724080 8.133189
v -0.141177 8.804721 8.136486
v -0.162112 8.861159 8.116664
v -0.161287 8.784175 8.106565
v -0.134434 8.886079 8.125151
v -0.213122 8.892649 8.075959
v -0.130701 9.003897 8.101589
v -0.209690 8.933157 8.066952
v -0.253089 9.024868 8.018752
v -0.287038 8.929871 8.002964
v -0.345743 8.913921 7.919568
v -0.229922 8.861546 8.068429
v -0.358393 9.063676 7.908614
v -0.235808 8.814101 8.058220
v -0.288851 8.817104 8.014435
v -0.291898 8.733942 8.019307
v -0.351658 8.807372 7.927047
v -0.349346 8.706656 7.930224
v -0.329764 8.622315 7.927347
v -0.367620 8.618064 7.892390
v -0.402879 8.692702 7.857358
v -0.384257 8.600489 7.847113
v -0.403603 8.802101 7.856247
v -0.423570 8.687637 7.791062
v -0.386385 8.584281 7.781042
v -0.457414 8.690744 7.734298
v -0.425307 8.781227 7.784924
v -0.407119 8.894172 7.848399
v -0.477742 8.686863 7.660800
v -0.463929 8.779106 7.669651
v -0.509479 8.703599 7.594973
v -0.518788 8.711937 7.519687
v -0.441351 8.985888 7.808892
v -0.420093 8.882414 7.779315
v -0.497269 8.813004 7.541774
v -0.546356 8.737982 7.387956
v -0.419739 8.956106 7.766298
v -0.464427 8.908750 7.684340
v -0.488158 9.049487 7.734240
v -0.440233 9.011790 7.679822
v -0.547804 9.111819 7.622306
v -0.496712 8.936278 7.567801
v -0.465444 9.056881 7.580407
v -0.501321 9.071369 7.487947
v -0.512658 8.947623 7.441614
v -0.584924 9.137394 7.540433
v -0.521361 8.850910 7.422819
v -0.548424 8.969047 7.292152
v -0.568570 8.875216 7.302195
v -0.516352 9.022484 7.394836
v -0.546328 9.083060 7.427398
v -0.599914 8.759692 7.267754
v -0.614337 8.684342 7.184609
v -0.644798 9.190335 7.535613
v -0.654905 9.142742 7.468973
v -0.648111 9.225965 7.556032
v -0.698454 9.310554 7.555566
v -0.684965 9.193090 7.483361
v -0.705595 9.218893 7.413605
v -0.698828 9.252824 7.517489
v -0.634695 9.161348 7.390559
v -0.783653 9.325972 7.465696
v -0.562197 9.106804 7.360214
v -0.613045 9.176564 7.317935
v -0.750260 9.273183 7.439003
v -0.812057 9.390141 7.485702
v -0.763893 9.475808 7.584486
v -0.841336 9.466550 7.490692
v -0.845054 9.397011 7.392402
v -0.527357 9.044352 7.333727
v -0.538930 9.080126 7.287890
v -0.578982 9.125095 7.291213
v -0.797658 9.363792 7.373987
v -0.908627 9.552302 7.395083
v -0.553056 9.043912 7.255707
v -0.910941 9.505351 7.362676
v -0.909028 9.581476 7.220595
v -0.862072 9.616019 7.018378
v -0.890272 9.639524 6.857654
v -0.927334 9.763052 6.867200
v -0.918366 9.508746 7.213674
v -0.892208 9.456470 7.394319
v -0.916169 9.450190 7.231087
v -0.887627 9.529330 7.017390
v -0.897755 9.380123 7.236540
v -0.892878 9.436895 7.045089
v -0.899197 9.344861 7.079541
v -0.972327 9.597649 6.704226
v -0.953412 9.448472 6.571400
v -1.024051 9.433048 6.463886
v -1.018872 9.578351 6.728265
v -0.829939 9.350169 6.497467
v -1.053875 9.373587 6.316360
v -0.971506 9.623880 6.882606
v -0.926606 9.426239 6.925887
v -0.953911 9.520616 6.876617
v -1.021857 9.430977 6.600239
v -0.988442 9.460750 6.747038
v -0.964222 9.327096 6.385877
v -1.064110 9.320620 6.218740
v -1.064964 9.259846 6.404675
v -0.984455 9.320510 6.460272
v -0.965607 9.349582 6.534829
v -1.014387 9.318766 6.593043
v -0.989118 9.347398 6.800368
v -0.937592 9.256185 6.865132
v -1.004389 9.269944 6.665346
v -1.027174 9.299814 6.486423
v -1.079206 9.247025 6.533300
v -0.993843 9.144361 6.692678
v -0.884055 9.320157 6.982248
v -0.878223 9.228958 7.049242
v -1.102607 9.189016 6.450591
v -0.966156 9.180804 6.778450
v -0.925178 9.126422 6.875514
v -0.881891 9.288553 7.096889
v -0.922651 9.180574 6.944289
v -0.858436 9.144412 7.097151
v -0.879914 9.330081 7.197854
v -0.841984 9.266677 7.130699
v -0.795964 9.220148 7.105387
v -0.846076 9.347659 7.275746
v -0.808173 9.314316 7.273989
v -0.838386 9.287619 7.196315
v -0.747128 9.331425 7.352338
v -0.793561 9.275534 7.178902
v -0.764413 9.297378 7.260247
v -0.707115 9.307906 7.330956
v -0.647200 9.223969 7.315595
v -0.598332 9.191330 7.265197
v -0.721617 9.250004 7.095443
v -0.730186 9.288305 7.139352
v -0.702776 9.315127 7.216213
v -0.663769 9.299681 7.287083
v -0.675278 9.292750 7.199030
v -0.646448 9.271794 7.249785
v -0.618420 9.232033 7.271214
v -0.790430 9.159561 7.115135
v -0.619665 9.228388 7.252933
v -0.639544 9.263092 7.236891
v -0.589819 9.154614 7.246600
v -0.596210 9.147172 7.211464
v -0.692505 9.279987 7.145638
v -0.678701 9.248894 7.125440
v -0.694569 9.250049 7.117426
v -0.688620 9.200772 7.116194
v -0.560212 9.086020 7.235701
v -0.583225 9.131416 7.214580
v -0.619376 9.123161 7.183848
v -0.601153 9.014088 7.182581
v -0.727082 9.191154 7.088572
v -0.675628 9.164295 7.128792
v -0.664910 9.178202 7.132933
v -0.716153 9.115939 7.092953
v -0.653728 9.134690 7.152260
v -0.639752 9.155874 7.155053
v -0.661949 9.085133 7.122976
v -0.774113 9.076768 7.148791
v -0.598130 9.066607 7.163449
v -0.691615 9.039797 7.130834
v -0.619024 8.958938 7.207756
v -0.704550 8.992278 7.165498
v -0.625131 8.896287 7.222617
v -0.806207 9.035774 7.160571
v -0.665061 8.835835 7.209074
v -0.736616 8.952946 7.185877
v -0.853472 8.961207 7.132011
v -0.653363 8.747941 7.186510
v -0.729067 8.733884 7.101486
v -0.755953 8.883638 7.164974
v -0.689979 8.788857 7.171179
v -0.734197 8.806480 7.134571
v -0.844220 8.925719 7.087755
v -0.912433 9.086212 7.051048
v -0.893537 9.040317 6.991337
v -0.834211 8.882852 7.027785
v -0.881562 8.985331 6.934840
v -0.964529 8.889839 6.879498
v -0.930890 9.073550 6.821983
v -0.991721 8.988712 6.750785
v -1.021198 8.795596 6.796303
v -1.053484 9.077529 6.621367
v -1.054276 8.872913 6.670455
v -1.096235 8.986292 6.527138
v -1.122958 9.130253 6.341983
v -1.083948 8.920316 6.472658
v -1.112995 9.230232 6.272149
v -1.128243 9.080950 6.283285
v -1.034977 8.812380 6.613890
v -1.137214 9.204370 6.094111
v -1.019928 8.887493 6.439439
v -1.178962 9.170086 5.889216
v -1.263007 9.113311 5.655867
v -1.087807 9.046867 6.231717
v -1.113129 9.156608 6.063719
v -1.141760 9.163005 5.950338
v -1.070527 9.017137 6.202052
v -1.099405 9.140419 6.057395
v -1.183026 9.075968 5.671412
v -1.222069 8.891847 5.521758
v -1.369904 8.694220 5.363988
v -1.185232 8.680212 5.362334
v -1.152511 9.129712 5.916427
v -1.131673 9.138972 5.951116
v -1.105829 9.117078 6.053567
v -1.137089 9.089725 6.032423
v -1.185663 9.047293 5.740626
v -1.075580 8.990301 6.181508
v -1.177314 9.001315 5.804896
v -0.998248 8.822223 6.397928
v -0.970787 8.781095 6.580572
v -0.902600 8.679196 6.721431
v -0.933768 8.689535 6.532981
v -1.017687 8.761764 6.357203
v -1.124140 8.939669 6.175355
v -1.165668 8.940987 5.988149
v -1.003392 8.714763 6.765088
v -0.945191 8.595089 6.483199
v -0.858053 8.571790 6.658292
v -0.809410 8.609073 6.871306
v -0.945602 8.645841 6.811735
v -0.988349 8.681613 6.823411
v -0.896613 8.606906 6.898448
v -0.813996 8.638272 7.001527
v -0.983515 8.630636 6.892928
v -0.900898 8.640195 6.959230
v -0.908039 8.713638 6.971864
v -0.966816 8.726767 6.921519
v -0.998676 8.752970 6.866725
v -0.969233 8.803287 6.904738
v -0.919465 8.781204 6.971205
v -0.825311 8.727887 7.033617
v -0.868563 8.830472 7.003208
v -0.718289 8.662820 7.075634
v -0.676123 8.634073 7.017880
v -0.658812 8.581845 6.963281
v -0.592458 8.500725 6.958358
v -0.733745 8.565274 6.890471
v -0.643722 8.494314 6.905654
v -0.560165 8.383072 6.917363
v -0.725517 8.494682 6.837037
v -0.624631 8.384342 6.845161
v -0.786028 8.509350 6.757722
v -0.686927 8.395411 6.788064
v -0.642307 8.290298 6.796421
v -0.869145 8.443948 6.605154
v -0.757775 8.334165 6.699275
v -0.583761 8.168525 6.846930
v -0.540901 8.167103 6.949981
v -0.930096 8.381084 6.604471
v -0.691741 8.224792 6.782894
v -0.531217 8.067081 6.911125
v -0.524278 8.132160 6.982057
v -0.525108 8.065483 7.046167
v -0.981697 8.567362 6.471706
v -0.846605 8.275187 6.690973
v -0.880975 8.200233 6.641037
v -0.757668 8.118659 6.701493
v -0.611692 8.045906 6.755923
v -0.513088 7.990802 6.958920
v -1.066776 8.742677 6.331788
v -0.965465 8.337202 6.523109
v -1.023414 8.526313 6.384935
v -1.090302 8.704740 6.234627
v -0.534836 7.967839 6.821757
v -0.474752 7.907443 7.008869
v -0.496898 7.963951 7.109862
v -0.473906 7.918364 7.155741
v -1.143256 8.867735 6.105922
v -1.107221 8.767059 5.905614
v -0.499295 7.868258 6.866629
v -0.420824 7.789701 7.130817
v -1.163691 8.912669 5.879714
v -1.113922 8.796475 5.761239
v -0.459386 7.775371 6.935679
v -0.417090 7.727428 7.248427
v -1.098761 8.854648 5.652461
v -0.413063 7.676375 7.041479
v -1.097113 8.885080 5.578249
v -1.073403 8.666906 5.498728
v -1.017352 8.668100 5.611880
v -1.011090 8.434421 5.623800
v -1.032639 8.405394 5.491971
v -1.128754 8.378611 5.301476
v -1.076679 8.618139 5.752011
v -0.997583 8.176538 5.520787
v -0.898814 8.060285 5.566543
v -0.884253 8.079238 5.288758
v -0.990652 8.134148 5.717397
v -0.843763 7.926519 5.489580
v -0.762779 7.815583 5.562452
v -0.584167 7.737851 5.470242
v -0.526052 7.721216 5.632218
v -0.780488 7.825329 5.680040
v -0.613774 7.647183 5.961549
v -0.949264 7.963919 5.794106
v -1.083144 8.110553 5.860740
v -0.797846 7.774528 5.863673
v -0.889027 7.790508 6.043010
v -1.085028 8.368009 5.790944
v -1.009410 7.946833 5.974778
v -1.073493 8.144169 6.016603
v -1.091071 8.549337 5.984715
v -1.093488 8.391238 6.045662
v -1.072943 8.634455 6.109767
v -1.021747 8.474527 6.243416
v -1.034711 7.985245 6.117787
v -1.044928 8.196361 6.178377
v -0.959674 8.276644 6.346632
v -0.967145 8.030701 6.281264
v -0.906610 7.859219 6.215016
v -0.907379 8.128878 6.546913
v -0.913971 8.080235 6.411561
v -0.790814 7.995009 6.624147
v -0.861237 7.891449 6.367946
v -0.802240 7.927526 6.515932
v -0.653947 7.921003 6.666879
v -0.621080 7.820588 6.573060
v -0.548871 7.883148 6.728850
v -0.497895 7.757723 6.750276
v -0.476068 7.621917 6.509273
v -0.707868 7.805412 6.428261
v -0.405825 7.603770 6.781302
v -0.738391 7.753489 6.322421
v -0.773256 7.672364 6.128623
v -0.610522 7.615093 6.269122
v -0.494511 7.571835 6.168196
v -0.370220 7.543965 6.440605
v -0.192309 7.531271 6.333945
v -0.303893 7.501602 6.686982
v -0.107875 7.510250 6.685035
v -0.349575 7.547095 6.971312
v -0.256080 7.443010 6.906571
v -0.118001 7.434471 6.867605
v -0.108698 7.377974 7.056253
v -0.228598 7.392385 7.092155
v -0.118699 7.324194 7.243640
v 0.005144 7.311454 7.360395
v -0.319504 7.479303 7.153136
v -0.109223 7.315134 7.380033
v 0.005144 7.327219 7.501954
v -0.208936 7.360148 7.272274
v -0.358914 7.609678 7.235989
v -0.366840 7.700414 7.328072
v -0.334050 7.581327 7.401711
v -0.357114 7.651631 7.431969
v -0.375346 7.721419 7.468252
v -0.282956 7.415676 7.309459
v -0.303642 7.657731 7.521113
v -0.193488 7.347709 7.400962
v -0.250617 7.415604 7.446198
v -0.284345 7.560733 7.506294
v -0.296320 7.627145 7.602095
v -0.220844 7.453672 7.550376
v -0.167670 7.413187 7.573860
v -0.228644 7.538815 7.625276
v -0.257538 7.617368 7.669496
v -0.161895 7.513537 7.682449
v -0.181744 7.601064 7.740238
v -0.183349 7.679409 7.761696
v -0.107470 7.591138 7.782070
v -0.098909 7.492377 7.721917
v 0.005144 7.480680 7.749514
v -0.097028 7.410275 7.634367
v -0.109333 7.346994 7.504646
v -4.944620 0.817942 5.022030
v -5.039228 0.977659 4.996094
v -5.007036 1.009922 5.116655
v -5.001054 1.062375 4.951813
v -5.048327 1.063613 5.114353
v -4.964722 1.158809 4.899552
v -4.915725 1.057909 5.221056
v -5.031112 1.154745 5.080697
v -4.897393 1.436295 4.758102
v -4.861885 1.548666 4.547153
v -4.926718 1.705187 4.531968
v -4.884491 1.149628 5.178728
v -4.821326 0.955838 5.263994
v -4.989557 1.249938 5.033241
v -4.733032 0.874819 5.244303
v -4.654594 0.981351 5.197021
v -4.754131 1.067401 5.230749
v -4.625811 1.138565 5.088036
v -4.852335 1.247598 5.137663
v -4.699419 1.186960 5.156042
v -4.631157 1.486621 5.009121
v -4.528345 1.447569 4.940359
v -4.785991 1.525669 4.991246
v -4.565824 1.781545 4.928154
v -4.935650 1.513052 4.912490
v -4.538430 2.037221 4.836390
v -4.756025 1.798126 4.892589
v -4.940850 1.783243 4.806309
v -4.726123 2.072645 4.814625
v -4.694680 2.338318 4.774840
v -4.528995 2.206547 4.827737
v -4.907897 2.050501 4.702831
v -4.435555 2.242005 4.789208
v -4.424761 2.488401 4.834142
v -4.294065 2.163405 4.879766
v -4.299517 2.397763 4.890831
v -4.199719 2.086548 5.010301
v -4.106763 2.016514 5.040646
v -4.164526 2.237905 5.047451
v -4.220568 2.275463 5.020639
v -4.102395 2.372103 5.067111
v -4.146775 2.466307 4.987360
v -4.202288 2.610197 4.896574
v -3.968642 2.333459 4.976062
v -4.005464 2.437909 4.899075
v -3.917100 2.349704 4.816837
v -4.051081 2.580883 4.784603
v -4.084486 2.760417 4.608375
v -4.285180 2.790277 4.747241
v -4.578692 3.132429 4.493702
v -4.546179 2.772141 4.700200
v -4.797755 2.774063 4.549627
v -4.782876 3.157624 4.374407
v -5.009160 2.704787 4.209264
v -4.971319 2.570493 3.885956
v -4.938034 2.505615 4.474987
v -4.906685 2.292104 4.617790
v -4.996038 2.504783 4.301870
v -4.934063 2.014795 4.439736
v -5.026409 2.462399 4.136766
v -4.961113 2.255065 4.380310
v -5.005471 2.220200 4.176780
v -5.022430 1.999620 4.232242
v -4.947600 2.186414 4.000060
v -5.049293 1.722110 4.292605
v -4.934575 1.967315 4.084606
v -4.972841 1.670194 4.144859
v -5.066109 1.445330 4.349463
v -5.016381 1.360956 4.250737
v -4.948575 1.436480 4.484767
v -4.869896 1.378371 4.525981
v -5.096436 1.185626 4.408627
v -4.989475 1.188691 4.543322
v -5.015062 1.064662 4.568241
v -4.897993 0.993136 4.622797
v -5.049873 0.947298 4.585332
v -4.940509 0.872347 4.625187
v -5.132331 1.059480 4.437564
v -5.059330 1.111749 4.311302
v -4.986162 0.799239 4.612657
v -5.154035 0.945318 4.461069
v -5.067096 0.993385 4.331789
v -5.087311 0.864626 4.361807
v -4.918633 1.302120 4.180716
v -4.964272 1.036502 4.259777
v -4.990201 0.905518 4.287901
v -5.005643 0.760013 4.337811
v -4.850405 1.627804 4.062134
v -4.781596 1.263974 4.193859
v -4.831282 1.008433 4.280980
v -4.865861 0.836167 4.318910
v -4.912004 0.700705 4.371260
v -4.835708 0.683129 4.496729
v -4.768083 0.825180 4.451597
v -4.853057 0.760576 4.601488
v -4.925234 0.699345 4.584956
v -4.780278 0.900547 4.580467
v -4.737651 1.020188 4.398149
v -4.746747 1.059126 4.543830
v -4.879488 1.120591 4.591767
v -4.695903 1.274192 4.333097
v -4.702376 1.306511 4.486792
v -4.681951 1.462717 4.512846
v -4.791823 1.354126 4.694501
v -4.644648 1.422951 4.261292
v -4.673064 1.307233 4.620424
v -4.844390 1.041467 4.843743
v -4.700033 1.591333 4.071410
v -4.723149 1.002774 4.816783
v -4.894170 0.931144 4.888658
v -4.743391 0.815108 4.910453
v -4.627890 0.870633 5.053088
v -4.938482 0.844784 4.960784
v -4.814737 0.728378 5.019236
v -4.864572 0.737369 5.061983
v -4.730188 0.760171 5.137048
v -4.593401 1.063254 4.952575
v -4.520757 1.377725 4.772686
v -4.459051 1.524131 4.684143
v -4.439703 1.739463 4.828652
v -4.554832 1.631350 4.397207
v -4.430635 1.650936 4.606628
v -4.334233 1.786319 4.653362
v -4.392249 1.946335 4.808866
v -4.625716 1.591795 4.206528
v -4.379628 1.734977 4.526978
v -4.382133 1.944248 4.474120
v -4.346099 1.941062 4.685387
v -4.355209 2.090234 4.781673
v -4.508476 1.721116 4.328331
v -4.574285 1.682444 4.143651
v -4.275786 2.098386 4.640838
v -4.689092 1.687772 4.010057
v -4.503203 1.926615 4.279222
v -4.464483 2.147339 4.206369
v -4.558245 1.877781 4.074547
v -4.160471 2.011561 4.752753
v -4.251360 2.063725 4.819483
v -4.326159 2.126951 4.423803
v -4.148180 2.147605 4.557039
v -4.836989 1.733401 4.000885
v -4.819342 1.915759 3.938637
v -4.676018 1.876297 3.932714
v -4.800603 2.117200 3.821642
v -4.511292 2.093006 3.956613
v -4.635588 2.070426 3.816753
v -4.455587 2.312648 3.843449
v -4.603948 2.292570 3.722326
v -4.526243 2.546969 3.713301
v -4.776042 2.496859 3.690633
v -4.853778 2.831385 3.609727
v -4.851957 2.971363 3.550534
v -4.763967 2.768624 3.568178
v -4.660604 2.776415 3.563227
v -4.466335 2.876336 3.589490
v -4.372709 2.886453 3.736855
v -4.368388 2.566067 3.940779
v -4.226293 2.885344 3.863091
v -4.375322 2.361069 4.124535
v -4.213285 2.545625 4.095155
v -4.234594 2.223550 4.338663
v -4.062819 2.659879 4.205918
v -4.130842 2.924573 4.022019
v -3.989384 2.705758 4.489047
v -3.999282 2.538747 4.333887
v -3.957890 2.378565 4.579069
v -3.959894 2.495939 4.694306
v -4.110125 2.390990 4.289896
v -4.037437 2.265049 4.519521
v -3.873870 2.236784 4.770770
v -3.867605 2.211512 4.947784
v -3.939427 2.146275 4.700613
v -3.858683 2.080799 4.912570
v -3.978263 1.943451 4.931419
v -4.116602 1.950232 4.974950
v -3.916895 2.036142 4.820732
v -4.039345 2.040682 4.702116
v -3.999933 1.966467 4.837438
v -4.100390 1.950083 4.862185
v -4.054391 3.307595 4.079784
v -4.078190 3.239804 3.807987
v -3.956043 3.710397 3.856602
v -4.129873 3.195132 3.626399
v -3.872373 3.609093 3.640868
v -3.765039 4.165169 3.646168
v -3.898161 3.542535 3.423628
v -3.585676 4.025314 3.446967
v -4.273172 3.199411 3.514209
v -3.309152 4.490067 3.212852
v -3.338097 5.042300 3.192941
v -4.062312 3.544703 3.245426
v -4.444905 3.197231 3.386035
v -3.605649 3.936288 3.176853
v -3.144223 4.902885 3.019764
v -2.934817 5.318293 2.895684
v -3.754855 3.902585 2.932237
v -3.325950 4.408439 2.932118
v -3.114256 4.823355 2.749159
v -3.485661 4.372593 2.664637
v -3.307052 4.864083 2.421146
v -3.039165 5.240393 2.296277
v -4.273235 3.560428 3.138240
v -4.642052 3.262025 3.339630
v -4.039381 3.975531 2.814216
v -3.364794 5.077947 2.219820
v -3.231064 5.261049 2.115789
v -3.441921 5.311687 1.979616
v -3.815492 4.471160 2.471462
v -3.667125 4.882082 2.241900
v -3.554093 5.102010 2.113291
v -3.737234 5.217420 2.145235
v -3.660418 5.447189 2.043046
v -3.824735 5.609124 2.218287
v -3.959784 5.119153 2.339363
v -3.984020 5.757923 2.419291
v -4.148477 4.617647 2.532035
v -4.205294 5.290528 2.579492
v -4.327396 4.075467 2.809694
v -4.351651 4.801584 2.791128
v -4.236777 5.395309 2.965354
v -4.484569 3.636177 3.099252
v -4.072342 5.401633 3.307842
v -3.804527 5.793950 3.111414
v -4.416488 4.928823 3.161798
v -4.547882 4.260954 3.054444
v -3.792207 5.327469 3.475920
v -4.678915 3.790609 3.327561
v -4.256986 4.957776 3.495659
v -4.561622 4.386047 3.394949
v -3.590216 5.192864 3.384160
v -3.425928 5.555061 3.218793
v -3.523732 5.137175 3.337751
v -3.702708 4.917922 3.521178
v -3.963068 4.892931 3.672468
v -3.417430 5.093052 3.280230
v -3.597596 4.668920 3.420804
v -3.600072 4.825806 3.425522
v -3.660846 4.850034 3.479269
v -3.701056 4.741107 3.545814
v -3.892368 4.275294 3.831901
v -4.158587 4.385465 3.859356
v -4.087309 3.811662 4.031027
v -4.424590 4.438405 3.701228
v -4.339334 3.917642 4.068558
v -4.147764 3.376321 4.216674
v -4.060072 2.984537 4.251272
v -4.169843 3.038786 4.396250
v -4.292810 3.441503 4.312914
v -4.355953 3.092933 4.536866
v -4.494815 3.479184 4.292856
v -4.726173 3.917270 3.634515
v -4.594106 3.968787 3.933421
v -4.728096 3.522884 4.172991
v -4.961706 3.110897 4.042829
v -4.858427 3.469201 3.866134
v -4.965086 3.000147 3.757184
v -4.831210 3.355230 3.539560
v -4.797636 3.118865 3.474812
v -4.710347 3.092323 3.401338
v -4.747616 2.927449 3.449559
v -4.607915 2.898107 3.485256
v -4.595521 3.040076 3.419759
v -4.893284 0.646897 4.507678
v -4.971708 0.536678 4.618595
v -5.061089 0.735147 4.601121
v -5.052849 0.888571 4.571397
v -4.951951 0.335540 4.640127
v -4.891956 0.268301 4.620825
v -5.134807 0.721346 4.514614
v -5.100284 0.496726 4.555140
v -5.108659 0.887802 4.473801
v -5.075789 0.825589 4.400093
v -5.049793 0.532892 4.623409
v -5.083226 0.664835 4.428746
v -5.010422 0.724656 4.394764
v -4.955620 0.677524 4.414436
v -4.984314 0.306181 4.600413
v -4.935853 0.309019 4.569664
v -4.926396 0.484879 4.562696
v -5.066656 0.490684 4.495994
v -4.978291 0.476159 4.498587
v -3.909025 1.850935 5.138849
v -3.963649 1.963045 5.027507
v -4.002187 1.864492 5.195658
v -4.025473 1.939297 5.255844
v -4.080326 2.303300 5.052890
v -3.877093 1.663327 5.266454
v -3.803210 1.627642 5.295348
v -3.851440 1.744187 5.324572
v -3.781017 1.690869 5.274584
v -3.880397 2.010723 5.240164
v -3.837858 1.672556 5.224926
v -3.849995 1.947971 5.174870
v -3.873895 2.091680 5.015431
v -3.978052 2.279895 5.009593
v -4.008784 2.114161 5.230522
v -3.910790 1.891866 5.315537
v -0.658521 9.322126 7.085060
v -0.570127 9.257458 6.949790
v -0.679992 9.272530 7.152817
v -0.550665 9.375324 7.012992
v -0.404617 9.308266 7.022699
v -0.578906 9.378155 7.202499
v -0.664242 9.283168 7.193328
v -0.488239 9.391552 7.149643
v -0.533247 9.315372 7.255777
v -0.605445 9.196336 7.248689
v -0.410331 9.283826 7.202475
v -0.497100 9.229560 7.255414
v -0.598468 9.162593 7.238646
v -0.490028 9.112184 7.168195
v -0.400907 9.160441 7.115196
v -0.472474 9.150447 7.006331
v -0.656683 9.224778 7.050249
v -0.539213 9.094861 7.073808
v -0.614135 9.145873 7.177278
v -0.678320 9.202251 7.124991
v -0.241997 8.895946 8.057809
v -0.177551 8.858421 8.026643
v -0.190945 8.824218 8.083548
v -0.129204 8.822926 8.025502
v -0.143034 8.791332 8.103305
v -0.166286 8.847048 8.100235
v -0.146470 8.799845 8.124669
v -0.209630 8.880767 8.068269
v -0.210352 8.871119 8.056005
v -0.264449 5.217494 5.234870
v -0.186687 5.239865 5.242430
v -0.369644 5.372846 5.301127
v -0.486215 5.473126 5.222963
v -0.195195 5.237408 5.278424
v -0.133766 5.307270 5.228940
v -0.146846 5.286820 5.208274
v -0.305337 5.410520 5.346163
v -0.284283 5.580647 5.292368
v -0.471729 5.517358 5.346399
v -0.550873 5.602385 5.290713
v -0.554094 5.552689 5.196691
v -0.609163 5.669757 5.106633
v -0.387563 5.565924 5.379038
v -0.471396 5.668109 5.346633
v -0.354289 5.702080 5.263474
v -0.488308 5.823956 5.146345
v -0.564764 5.803193 5.176890
v -0.582066 5.945431 5.028711
v -0.628816 5.741817 5.151483
v -0.680542 5.772200 4.998337
v -0.655171 5.932806 5.068657
v -0.707401 5.857750 5.035855
v -0.819396 6.009367 4.937869
v -0.872351 5.965306 4.926086
v -0.754029 5.811999 4.912002
v -0.753433 6.067940 4.965685
v -0.747140 6.151942 4.884445
v -0.816606 6.129621 4.905323
v -0.891920 6.054449 4.898110
v -0.990896 6.006514 4.877247
v -1.043036 6.078247 4.790798
v -1.027497 5.954093 4.830632
v -0.984213 5.829875 4.871932
v -1.035649 5.920941 4.686538
v -0.978998 5.860892 4.644805
v -0.956973 5.916282 4.924671
v -0.822686 5.773325 5.025581
v -0.898461 5.748052 5.027507
v -0.795130 5.657547 5.121922
v -0.751417 5.553701 5.216143
v -0.863367 5.625777 5.125793
v -0.656936 5.384981 5.241857
v -0.551338 5.330953 5.155080
v -0.930901 5.689116 4.970772
v -0.875324 5.628896 4.878209
v -0.819908 5.502877 5.213704
v -0.908389 5.568142 5.060249
v -0.874230 5.446739 5.137390
v -0.593598 5.288146 5.224859
v -0.471344 5.247127 5.138771
v -0.725577 5.343191 5.244156
v -0.657947 5.249808 5.225928
v -0.930715 5.740240 4.796078
v -0.803686 5.773671 4.776442
v -0.770988 5.905934 4.662037
v -0.780438 5.306680 5.177508
v -0.736721 5.842007 4.784297
v -0.748239 5.303094 5.049364
v -0.709192 5.221231 5.166579
v -0.814935 5.405368 5.006588
v -0.626801 5.359753 5.022027
v -0.687102 5.228682 5.058946
v -0.647031 5.127337 5.148006
v -0.842303 5.511447 4.952265
v -0.723073 5.570081 4.929688
v -0.684070 5.467778 4.985918
v -0.592496 5.151131 5.219404
v -0.763921 5.658385 4.867975
v -0.741570 5.738107 4.972783
v -0.715089 5.640595 5.061506
v -0.660408 5.548101 5.139243
v -0.594065 5.443119 5.154524
v -0.739781 5.831611 4.925052
v -0.579783 5.291584 5.030018
v -0.642631 5.875326 4.799161
v -0.534828 5.223131 5.028140
v -0.630588 5.149270 5.044809
v -0.451772 5.096701 4.965903
v -0.310429 5.033967 5.030371
v -0.563980 4.998286 5.142138
v -0.552306 5.025511 5.017883
v -0.364901 4.971887 4.970238
v -0.338674 4.948800 4.989584
v -0.454806 4.928289 5.015646
v -0.431575 4.903013 5.115034
v -0.468668 4.903670 5.126923
v -0.499588 5.013435 5.219173
v -0.405463 4.920564 5.186571
v -0.387136 4.922450 5.162461
v -0.343261 4.981666 5.143510
v -0.341659 5.008286 5.169654
v -0.519419 5.198432 5.203690
v -0.420393 5.099040 5.194426
v -0.368806 5.152817 5.071889
v -0.305297 4.980499 5.046249
v -0.194811 5.247507 5.086503
v -0.198565 5.187376 5.092615
v -0.136347 5.232804 5.090763
v -0.111749 5.218346 5.148023
v -0.131573 5.173580 5.160817
v -0.241692 5.222450 5.214373
v -0.128768 5.200181 5.039722
v -0.092523 5.173405 5.077436
v -0.111957 5.185249 4.976177
v -0.126153 5.186980 4.923819
v -0.098236 5.170439 4.976197
v -0.106638 5.148582 4.977766
v -0.105398 5.143399 5.078475
v -0.124801 5.148744 4.969877
v -0.141307 5.162476 4.962303
v -0.168331 5.171372 5.044971
v -0.141439 5.137015 5.068770
v -0.173250 5.161443 5.140551
v -1.051764 2.541398 -3.562216
v -1.038019 2.259847 -3.639479
v -1.039434 1.988631 -3.611863
v -1.189371 2.221179 -3.801313
v -0.948871 1.764332 -3.544108
v -0.894166 1.855712 -3.381334
v -1.332426 2.187814 -3.970734
v -1.203305 1.929188 -3.668458
v -0.885100 1.567768 -3.454007
v -0.807500 1.318791 -3.387837
v -0.771423 1.449188 -3.268416
v -1.069738 1.499571 -3.391018
v -0.967200 1.272355 -3.352581
v -1.382194 1.716529 -3.708862
v -1.388988 1.239274 -3.522200
v -1.257678 1.281959 -3.346202
v -1.375105 0.932682 -3.503953
v -1.266082 0.940022 -3.329102
v -1.403529 0.597585 -3.338808
v -1.577782 2.072690 -4.036992
v -1.574882 1.690082 -3.839124
v -1.588905 1.215729 -3.633324
v -1.409128 2.317730 -4.114134
v -1.577414 2.293388 -4.137572
v -1.747168 2.298802 -4.104274
v -1.836191 2.141832 -3.950869
v -2.052754 2.107688 -3.719296
v -2.076185 2.452616 -3.739022
v -1.806704 1.717630 -3.749476
v -2.173794 2.100169 -3.423189
v -2.191001 2.413759 -3.419904
v -1.805882 1.232836 -3.557239
v -2.011173 1.703746 -3.599183
v -2.112412 2.075870 -3.081164
v -1.936686 2.322612 -2.796514
v -1.943006 2.070433 -2.818424
v -1.917626 1.815319 -2.828247
v -1.724944 2.069417 -2.649616
v -2.104033 1.828339 -3.074831
v -2.078849 1.743160 -3.316944
v -1.996508 1.245119 -3.460909
v -1.496647 2.089977 -2.742444
v -1.301016 2.410994 -2.917176
v -1.721763 1.854198 -2.628837
v -1.477206 1.831133 -2.746088
v -1.255695 2.151604 -2.910704
v -1.002896 2.479383 -3.253737
v -0.947574 2.226611 -3.294191
v -1.855496 0.953747 -3.493518
v -1.237629 1.914567 -2.884501
v -1.592219 0.928576 -3.585490
v -1.447592 0.721776 -3.485169
v -1.612969 0.674244 -3.504485
v -1.642766 0.521406 -3.353856
v -1.402144 0.329927 -3.241996
v -1.643825 0.276944 -3.220938
v -1.855343 0.295908 -3.202851
v -1.845299 0.574211 -3.309023
v -2.126147 0.349612 -3.097987
v -2.095800 0.661728 -3.205477
v -2.185843 0.066994 -3.152036
v -1.795650 0.708008 -3.481692
v -2.006778 0.921314 -3.434718
v -2.304270 0.367905 -3.029542
v -2.107745 1.024228 -3.180935
v -2.482394 0.348486 -2.962196
v -2.058473 1.312122 -3.219084
v -2.115435 1.608167 -3.049579
v -2.710562 0.309183 -2.829811
v -2.771097 0.060315 -2.840358
v -2.154521 1.380090 -2.999753
v -1.994886 1.608246 -2.885418
v -2.046523 1.370123 -2.860182
v -2.206239 1.151566 -2.941856
v -2.915230 0.265302 -2.634136
v -2.947530 0.260493 -2.567744
v -2.976093 0.142388 -2.492085
v -2.844261 0.451722 -2.616560
v -2.199535 0.985012 -3.080173
v -2.645964 0.534158 -2.747591
v -2.816523 0.515287 -2.509609
v -2.600058 0.600366 -2.632694
v -2.439430 0.618232 -2.884718
v -2.275656 0.776592 -3.078812
v -2.414437 0.726518 -2.751597
v -2.244572 0.902473 -3.068596
v -2.246543 1.053511 -2.921540
v -2.271639 0.965547 -2.890460
v -2.291596 0.874128 -2.855077
v -2.327125 0.663715 -2.632139
v -2.542122 0.551533 -2.511093
v -2.217697 0.978061 -2.783400
v -2.209157 1.070922 -2.803914
v -2.170949 0.845096 -2.690330
v -2.130985 1.125195 -2.781440
v -2.693667 0.455242 -2.386176
v -2.688892 0.235635 -2.286626
v -2.780107 0.241207 -2.291942
v -2.499587 0.324404 -2.402963
v -2.773492 0.049820 -2.241064
v -2.309108 0.398891 -2.540236
v -2.224625 0.097118 -2.464076
v -2.118872 0.463312 -2.643952
v -2.033810 0.483305 -2.606329
v -2.068578 0.864007 -2.580548
v -2.015018 0.842225 -2.427601
v -2.011832 0.446264 -2.403376
v -2.140482 0.113763 -2.340590
v -2.131693 0.399243 -2.125642
v -2.173683 0.117117 -2.013855
v -2.054460 0.670900 -2.101417
v -2.199369 0.290451 -1.821101
v -2.295711 0.044539 -1.774809
v -2.113313 0.513739 -1.774112
v -2.221192 0.264631 -1.521603
v -2.269759 0.059526 -1.401513
v -2.153622 0.427950 -1.505062
v -2.187360 0.229379 -1.405096
v -1.983419 0.619091 -1.705922
v -2.026752 0.515439 -1.424228
v -1.889336 0.390361 -1.433652
v -1.905524 0.794364 -1.976564
v -1.807714 0.555808 -1.673838
v -1.851169 0.439226 -1.451187
v -1.852129 0.973220 -2.150375
v -1.783254 0.242032 -1.402283
v -1.683323 0.278264 -1.625492
v -1.618191 0.406670 -1.925002
v -1.732183 0.689654 -1.959111
v -1.594599 0.914667 -2.236878
v -1.543595 0.511880 -2.262696
v -1.429526 0.169025 -2.356410
v -1.449116 0.526932 -2.510877
v -1.375242 0.109682 -2.345282
v -1.435407 0.894905 -2.394313
v -1.328483 0.890661 -2.431336
v -1.345869 0.500029 -2.470008
v -1.225994 0.435278 -2.303346
v -1.289159 0.064796 -2.257051
v -1.168931 0.661912 -2.361923
v -1.105759 0.306258 -2.094169
v -1.186389 0.048638 -2.207788
v -1.086324 0.042892 -1.980085
v -1.024839 0.486310 -2.155050
v -0.957426 0.244777 -1.941393
v -0.948784 0.065043 -1.877476
v -0.876004 0.230301 -1.918055
v -0.838314 0.103189 -1.875758
v -0.851702 0.342082 -1.964442
v -0.899471 0.399496 -1.973582
v -0.744997 0.449775 -2.002099
v -0.760098 0.381265 -1.990744
v -0.688375 0.348451 -2.069049
v -0.902873 0.556118 -2.216579
v -1.030358 0.733401 -2.399854
v -1.105711 0.855741 -2.518571
v -0.925916 0.658081 -2.486938
v -0.974547 0.705867 -2.669416
v -0.797726 0.501836 -2.298570
v -0.658542 0.409733 -2.092149
v -0.756223 0.281637 -2.369862
v -0.625867 0.228766 -2.135894
v -0.609702 0.049548 -2.097023
v -0.669157 0.008426 -2.316480
v -0.880424 0.335704 -2.573775
v -0.972214 0.363184 -2.739641
v -1.028429 0.055131 -2.770235
v -1.220365 0.233034 -3.032476
v -1.158238 0.075897 -3.043123
v -1.006921 0.434204 -2.897169
v -1.248754 0.402529 -3.193908
v -1.122315 0.392401 -3.046428
v -1.251350 0.603254 -3.237939
v -1.073085 0.582326 -3.081311
v -1.212481 0.795682 -3.220458
v -1.126155 0.972870 -3.109594
v -1.005445 0.617486 -2.867694
v -1.116333 0.820883 -3.093026
v -1.057670 0.810468 -2.921645
v -1.004716 0.865228 -2.722309
v -1.081071 1.036999 -2.846125
v -1.016968 0.900387 -2.636921
v -1.053006 1.006041 -2.689286
v -1.085486 0.961109 -2.521765
v -1.103924 1.067674 -2.578550
v -1.135817 1.176716 -2.648044
v -1.220575 0.966103 -2.483977
v -1.219819 1.061169 -2.532226
v -1.327805 1.126598 -2.576033
v -1.174627 1.388484 -2.740157
v -1.138864 1.278816 -2.967469
v -1.130091 1.279576 -3.208816
v -1.114423 1.681872 -3.149273
v -1.147993 1.567873 -3.286369
v -1.211957 1.652578 -3.446277
v -1.205284 1.666508 -2.826988
v -1.467425 1.150428 -2.527576
v -1.345888 1.368160 -2.683132
v -1.386573 1.607798 -2.758000
v -1.593446 1.214760 -2.408048
v -1.087284 1.498482 -3.271931
v -1.013133 1.586945 -3.170727
v -1.005702 1.364456 -3.234020
v -0.952935 1.444772 -3.141159
v -0.867123 1.673958 -3.151041
v -0.822732 1.483113 -3.142953
v -0.791772 1.393293 -3.258276
v -0.815281 1.662134 -3.312622
v -0.951054 1.851922 -3.231659
v -0.924765 2.025542 -3.380455
v -0.971852 1.970629 -3.233377
v -1.036625 1.982214 -3.169915
v -1.485298 1.532104 -2.692484
v -1.485114 1.362215 -2.627454
v -1.569836 1.627852 -2.653323
v -1.588637 1.432079 -2.530048
v -1.729432 1.662627 -2.589705
v -1.760243 1.479497 -2.505953
v -1.800251 1.295081 -2.382615
v -1.857195 1.615735 -2.721888
v -1.881187 1.420093 -2.640773
v -1.918480 1.540565 -2.803320
v -1.930185 1.356801 -2.769856
v -1.984902 1.117831 -2.681707
v -1.919151 1.210615 -2.516318
v -1.918627 1.139614 -2.421984
v -1.962663 1.013334 -2.401971
v -1.825034 1.192717 -2.311980
v -1.842447 1.064050 -2.223030
v -1.676152 1.171313 -2.311863
v -1.669226 1.066930 -2.263906
v -1.866354 -0.014019 -1.998146
v -1.501207 0.117971 -2.244499
v -1.589826 0.111989 -1.902173
v -1.952554 -0.076153 -1.650568
v -1.641523 0.039617 -1.583573
v -1.794994 0.063043 -1.300721
v -2.039346 -0.005827 -1.269418
v -2.207471 0.115914 -1.315542
v -2.040745 0.061312 -1.218479
v -2.958400 0.064870 -2.361461
v -2.922900 -0.021233 -2.381309
v -2.486620 0.055521 -2.322770
v -2.988847 0.066797 -2.599977
v -2.626362 -0.048087 -2.573163
v -2.426196 0.075415 -2.933579
v -2.321877 0.046905 -2.472615
v -2.347242 -0.003451 -2.703167
v -2.295420 0.052458 -2.993912
v -2.241765 -0.018237 -2.760391
v -2.097313 -0.020325 -2.597423
v -2.162875 0.094532 -2.448585
v -2.046821 -0.040759 -2.860250
v -1.769157 -0.004395 -2.558792
v -1.808875 0.069793 -2.299904
v -2.005471 -0.026792 -3.118325
v -1.933354 0.085330 -3.231959
v -1.398009 0.001977 -2.520930
v -1.716851 0.019775 -2.841003
v -1.669151 0.051210 -3.023737
v -1.658483 0.127287 -3.150391
v -1.378760 0.054882 -3.168174
v -1.388389 -0.041748 -2.774512
v -1.366063 -0.029547 -3.038277
v -1.196088 0.008137 -2.602836
v -0.828035 0.023470 -2.612505
v -1.048936 -0.055366 -2.432904
v -0.777502 0.014149 -2.446183
v -1.000107 -0.044769 -2.353625
v -0.858003 -0.061479 -2.172266
v -0.759885 -0.021314 -1.967713
v -0.724505 0.048474 -1.921485
v -2.860791 0.116512 -2.275645
v -3.175648 0.112466 -2.268988
v -3.245194 0.047201 -2.130627
v -3.252563 0.034654 -2.045285
v -3.073318 0.303483 -2.399619
v -2.880797 0.383844 -2.577127
v -2.818578 0.458478 -2.494360
v -3.204530 0.191217 -2.234601
v -3.033342 0.342997 -2.316893
v -2.737684 0.416696 -2.399560
v -3.262846 0.076025 -2.093287
v -3.166700 0.219454 -2.171718
v -2.937314 0.303838 -2.264885
v -3.086264 0.196015 -2.148874
v -3.060201 0.071471 -2.161415
v -3.200883 0.080145 -2.045277
v -3.191221 0.035718 -2.060768
v -3.245707 0.074981 -2.051979
v -1.901195 0.111935 -1.253378
v -2.017405 0.144358 -1.010626
v -2.199246 0.143973 -1.060616
v -2.112140 0.052479 -0.829246
v -2.180712 0.296218 -1.263739
v -2.131020 0.370646 -1.461309
v -2.192421 0.060614 -0.855411
v -2.153749 0.041143 -0.807448
v -2.192942 0.095471 -0.856556
v -2.084614 0.375943 -1.214805
v -2.127419 0.276959 -1.013632
v -1.947968 0.305632 -1.200926
v -2.034396 0.439642 -1.428699
v -1.841056 0.251209 -1.358724
v -2.202343 0.207145 -1.045975
v -2.150535 0.090252 -0.819313
v -2.110490 0.094427 -0.834584
v -2.033051 0.223781 -0.984759
v -0.655012 0.106713 -2.027644
v -0.599406 0.090857 -1.836873
v -0.740989 0.119201 -1.761322
v -0.741253 0.211970 -1.760099
v -0.561721 0.056360 -1.631051
v -0.623506 0.046802 -1.596039
v -0.583939 0.057019 -1.582533
v -0.627692 0.098657 -1.601869
v -0.703681 0.324453 -1.853154
v -0.594896 0.232516 -1.836155
v -0.646638 0.220310 -2.087139
v -0.631104 0.229710 -1.713871
v -0.560960 0.101774 -1.635791
v -0.584901 0.094482 -1.595057
v -0.917358 1.387636 -3.190727
v -0.814846 1.022227 -3.280351
v -0.846575 1.421180 -3.182340
v -0.816507 1.299350 -3.325465
v -0.941130 1.290865 -3.274697
v -0.110168 8.012389 6.803822
v -0.126355 7.885745 6.971549
v -0.084013 7.832856 7.246411
v -0.229520 8.016191 6.781364
v -0.088777 7.784943 7.449168
v 0.005144 7.778430 7.469434
v -0.081425 7.796447 7.569106
v -0.201665 7.935458 7.037117
v -0.282470 8.123270 6.724716
v -0.278444 8.046720 6.847406
v -0.273232 8.051873 7.039307
v -0.314397 8.215928 6.682420
v -0.322288 8.333838 6.393983
v -0.309729 8.144419 6.777022
v -0.232957 7.967018 7.151690
v -0.330617 7.968921 7.179545
v -0.331942 8.238438 6.854756
v -0.349146 8.357134 6.630429
v -0.302094 8.144950 6.941081
v -0.428119 8.201845 6.969403
v -0.399620 8.143870 7.020773
v -0.381504 8.073587 7.077962
v -0.400298 8.334682 6.831151
v -0.194343 7.896685 7.260000
v -0.308061 7.900883 7.255721
v -0.203105 7.857436 7.382308
v -0.299456 7.847816 7.375077
v -0.163335 7.821529 7.488706
v -0.251290 7.859813 7.441286
v -0.228403 7.809320 7.533655
v -0.398387 7.856742 7.240773
v -0.427846 7.778205 7.302399
v -0.443571 7.890205 7.203389
v -0.375927 7.777800 7.383042
v -0.405664 8.011238 7.193078
v -0.435500 8.033534 7.118262
v -0.474980 8.015854 7.068984
v -0.449045 8.090368 7.077414
v -0.459540 8.146482 7.042486
v -0.471501 8.160686 7.008753
v -0.557061 8.256844 6.885703
v -0.468088 8.284719 6.946868
v -0.517653 8.390829 6.952988
v -0.445608 8.459757 6.850297
v -0.556167 8.511077 6.971771
v -0.591322 8.591338 7.031724
v -0.379585 8.520993 6.751906
v -0.493803 8.573239 6.885921
v -0.556186 8.599856 7.025008
v -0.512397 8.674717 6.929086
v -0.477823 8.698353 7.075603
v -0.554010 8.654895 7.115719
v -0.399344 8.654123 6.806171
v -0.391776 8.769981 6.920589
v -0.323740 8.740747 6.630372
v -0.337574 8.583735 6.570682
v -0.348450 8.414197 6.499774
v -0.348040 8.612503 6.386565
v -0.350505 8.485200 6.332598
v -0.258442 8.622676 6.128509
v -0.283860 8.345725 6.040182
v -0.302034 8.793737 6.414217
v -0.377921 8.925556 6.670825
v -0.265372 8.710219 7.097723
v -0.146002 8.687476 5.783932
v -0.153804 8.436699 5.859755
v -0.227500 8.815424 6.114661
v -0.087511 8.893129 5.816285
v -0.280844 8.952012 6.428449
v -0.087978 8.314997 5.363974
v 0.005144 8.287501 5.393841
v 0.005145 8.043056 5.060086
v -0.090119 8.627428 5.275515
v -0.052992 8.932949 5.263428
v 0.005144 9.040679 5.276562
v 0.005144 8.954576 5.781221
v 0.005144 8.997150 6.197457
v -0.141962 8.937372 6.165114
v -0.111044 8.958733 6.513346
v 0.005144 8.998402 6.544520
v -0.220004 8.943851 6.756885
v 0.005144 8.946937 6.855642
v 0.005144 8.851354 7.109314
v -0.190308 8.599228 7.398101
v -0.377984 8.633975 7.231583
v -0.095086 8.601335 7.535225
v -0.150783 8.580072 7.557614
v -0.062265 8.584709 7.685077
v -0.257116 8.533338 7.744006
v -0.071736 8.570316 7.842692
v -0.048675 8.525339 8.019439
v -0.320275 8.560380 7.427433
v -0.034711 8.531911 8.092143
v -0.046558 8.650215 8.166949
v -0.079748 8.538634 8.093424
v -0.173318 8.610435 8.085238
v -0.157397 8.533557 8.061324
v -0.237825 8.632532 8.055040
v -0.193218 8.516828 8.000618
v -0.273765 8.616819 7.979956
v -0.143930 8.506586 7.980933
v -0.197811 8.537910 7.914308
v -0.239934 8.548282 7.947986
v -0.237888 8.502432 7.828863
v -0.266364 8.521684 7.892115
v -0.318604 8.512831 7.811456
v -0.336033 8.531536 7.781263
v -0.344008 8.502851 7.738888
v -0.270972 8.515043 7.675493
v -0.306395 8.541570 7.562294
v -0.316841 8.464136 7.652857
v -0.399507 8.536224 7.747818
v -0.440246 8.539211 7.707440
v -0.453561 8.573875 7.709742
v -0.477343 8.550839 7.627039
v -0.454892 8.518917 7.647466
v -0.379881 8.466148 7.595089
v -0.402796 8.483393 7.524619
v -0.494322 8.553831 7.563377
v -0.411629 8.549590 7.448832
v -0.490946 8.590852 7.483073
v -0.540942 8.604190 7.404968
v -0.420323 8.545537 7.353366
v -0.534300 8.640569 7.320167
v -0.461598 8.617826 7.269801
v -0.119217 8.090497 6.873152
v -0.232754 8.189889 6.790888
v -0.232047 8.122308 6.693483
v -0.086575 8.068687 7.086365
v 0.005144 8.016876 7.291331
v -0.305210 8.324669 6.682641
v -0.291347 8.257683 6.525706
v -0.333784 8.403077 6.533095
v -0.319652 8.450337 6.375215
v -0.342518 8.358734 6.252715
v -0.342044 8.520163 6.583012
v -0.339651 8.423230 6.783593
v -0.305045 8.327953 6.920169
v -0.268932 8.235976 7.054588
v -0.284751 8.376098 6.946653
v -0.314864 8.476733 6.800584
v -0.268987 8.474678 6.254344
v -0.304027 8.569223 6.394461
v -0.251234 8.474029 6.062063
v -0.217535 8.576800 6.164266
v -0.311872 8.576855 6.590777
v -0.073282 8.584456 5.949646
v 0.005144 8.490442 5.861292
v 0.005144 8.590465 5.929697
v -0.270842 8.623508 6.406132
v -0.129885 8.642117 6.147898
v -0.177929 8.618855 6.152315
v -0.219432 8.653686 6.415225
v -0.259509 8.609400 6.590674
v -0.264968 8.512752 6.801057
v -0.238270 8.408306 6.958839
v 0.005144 8.374831 6.935420
v -0.253566 8.281927 7.083080
v -0.208915 8.316015 7.097930
v -0.221667 8.153482 7.191440
v -0.175000 8.231947 7.240846
v -0.213832 8.197129 7.221222
v -0.162793 8.093097 7.327756
v -0.134630 8.162469 7.361923
v -0.161383 8.130756 7.345423
v -0.070780 8.032949 7.290986
v -0.086955 8.109637 7.475106
v 0.005144 8.114239 7.519110
v -0.090956 8.047888 7.452634
v -0.043629 8.019738 7.433973
v 0.005144 8.012156 7.431290
v -0.098837 8.081292 7.463238
v -0.037393 8.036343 7.511159
v -0.041545 8.056548 7.530914
v 0.005144 8.053815 7.543627
v -0.038708 8.080961 7.538131
v -0.104867 7.672602 7.798685
v 0.005145 7.655748 7.816768
v -0.093273 7.709841 7.795551
v -0.161317 7.726481 7.772539
v -0.080468 7.766551 7.742647
v -0.200280 7.747674 7.713736
v -0.259867 7.706469 7.684835
v -0.160011 7.781298 7.686485
v -0.194147 7.808615 7.621856
v -0.266704 7.774514 7.630069
v -0.295623 7.713697 7.629882
v -0.292037 7.736448 7.557818
v -0.272749 7.778487 7.563324
v -0.277444 7.842345 7.509931
v -0.322305 7.786704 7.524193
v -0.286574 7.870060 7.451193
v -0.370957 7.764706 7.475412
v -0.375768 7.794883 7.410471
v -0.329243 7.851354 7.401580
v 0.005147 7.771286 -6.258800
v 0.234333 7.675803 -6.238414
v 0.005147 7.356854 -7.139529
v 0.229425 7.245677 -7.097322
v 0.694738 7.364640 -6.135224
v 1.114111 6.828530 -5.931081
v 1.149192 7.189338 -5.404892
v 0.226730 6.726269 -7.971584
v 0.661516 6.952131 -6.994850
v 0.203248 6.292259 -8.752371
v 0.005148 5.929695 -9.550386
v 0.581623 6.465189 -7.882148
v 0.197236 5.846601 -9.529546
v 0.005148 5.493826 -10.277583
v 0.976401 6.436676 -6.753738
v 0.537128 6.060273 -8.659804
v 0.854888 6.024449 -7.719799
v 1.107503 5.847083 -6.537749
v 1.150352 6.244513 -5.680021
v 1.023670 5.895560 -5.571987
v 0.947365 5.418221 -5.446682
v 0.971917 5.690782 -4.657035
v 0.608662 5.281265 -4.682477
v 0.926776 5.603145 -6.439923
v 0.982304 5.504296 -7.537169
v 0.746160 5.683563 -8.524102
v 0.872222 5.234630 -8.387609
v 0.474125 5.661081 -9.474530
v 0.817076 5.267754 -7.426642
v 0.646569 5.330753 -9.378420
v 0.310404 5.386455 -10.241324
v 0.539587 5.053452 -10.115118
v 0.765621 4.989812 -9.280210
v 0.236929 4.972562 -10.994122
v 0.182677 4.555040 -11.788964
v 0.005149 4.135362 -12.702429
v 0.427597 4.739973 -10.894217
v 0.714001 5.027656 -8.314449
v 0.612957 4.778454 -10.001667
v 0.123670 4.088720 -12.690624
v 0.602607 4.806464 -9.208047
v 0.519195 4.734676 -8.219018
v 0.412382 4.560734 -9.107039
v 0.484357 4.643079 -9.962348
v 0.489377 4.556428 -10.839731
v 0.327048 4.351790 -11.710705
v 0.184035 3.964065 -12.642995
v 0.149369 3.846456 -12.591686
v 0.294584 4.165292 -11.631423
v 0.398002 4.408226 -10.783128
v 0.079664 3.788352 -13.227775
v 0.099859 3.679153 -13.174527
v 0.047494 3.723885 -13.348474
v 0.005149 3.753197 -13.360984
v 0.326692 4.443976 -9.899360
v 0.015605 3.696439 -13.387689
v 0.005149 3.665635 -13.394197
v 0.030727 3.653381 -13.376318
v 0.057267 3.644994 -13.316421
v 0.005149 3.621430 -13.163023
v 0.005149 3.881765 -12.169667
v 0.124548 3.907041 -12.199020
v 0.186631 4.055256 -11.595906
v 0.250707 4.259017 -10.738447
v 0.005149 4.171627 -10.702933
v 0.455324 4.850843 -7.291883
v 0.005148 4.677866 -7.242522
v 0.680913 4.999390 -7.330752
v 0.508952 5.022605 -6.306746
v 0.807955 5.213073 -6.349180
v 0.619258 5.183415 -5.385869
v 1.858660 7.602208 3.460271
v 1.712437 7.355419 3.440835
v 1.793085 7.454746 3.263322
v 2.037201 7.168072 2.987220
v 2.124427 7.251097 3.267955
v 2.350322 6.837123 3.230803
v 1.762418 7.395030 3.010046
v 1.537249 7.153178 2.817503
v 1.718766 7.353159 2.721514
v 2.259034 6.761089 2.902609
v 2.563012 6.388159 3.207012
v 1.686151 7.394277 2.410918
v 1.941801 7.111427 2.632556
v 2.486266 6.368670 2.848567
v 2.772452 6.093079 3.173076
v 1.891260 7.211440 2.381836
v 2.201221 6.750276 2.212632
v 2.201221 6.742067 2.563534
v 1.708901 7.520473 2.171307
v 2.683940 6.050800 2.804904
v 2.430898 6.398487 2.533078
v 1.763284 7.689895 1.962788
v 1.914664 7.295601 2.166613
v 2.025988 7.399161 1.960447
v 2.840540 5.670810 2.800660
v 3.123181 5.421640 3.056397
v 2.618483 6.003606 2.538666
v 2.807926 5.628426 2.519959
v 3.049457 5.240395 2.296278
v 2.918971 5.656640 2.169535
v 2.701267 6.007573 2.204726
v 3.132480 5.464006 2.029214
v 3.241355 5.261050 2.115790
v 2.458952 6.380939 2.208427
v 2.709408 6.548078 1.982782
v 3.002559 6.105693 1.952050
v 3.157110 5.843768 1.932841
v 3.320105 5.555947 1.900613
v 3.563003 5.660119 1.957918
v 3.670710 5.447191 2.043048
v 3.347939 6.278026 2.033024
v 3.559805 5.944933 2.068563
v 3.704457 6.054502 2.356908
v 3.742050 6.115010 2.712610
v 3.814818 5.793952 3.111416
v 3.478960 6.396211 2.301537
v 3.106154 6.655534 2.023506
v 3.584685 6.062728 3.016129
v 3.546748 6.420386 2.656157
v 2.456545 6.890939 1.949741
v 3.281945 6.762936 2.253398
v 2.146122 6.944287 2.051897
v 2.307782 7.105557 1.893334
v 2.855329 7.129230 2.033123
v 2.167083 7.509526 1.846334
v 3.050588 7.239859 2.194602
v 3.097657 7.226631 2.593768
v 3.315771 6.797709 2.640535
v 3.382973 6.358001 2.989133
v 3.231970 6.278108 3.259901
v 3.235079 6.760139 3.019284
v 2.553548 7.299161 1.869228
v 1.857821 7.998406 1.903321
v 2.816336 7.765882 2.173079
v 2.388469 7.601521 1.839532
v 2.007133 8.129804 1.869769
v 1.898720 8.425481 1.723400
v 2.618731 7.701731 1.967187
v 2.202214 8.296288 2.000835
v 2.192569 8.672738 2.176270
v 2.375062 8.421696 2.174709
v 2.500077 8.456306 2.409989
v 2.741547 8.047000 2.387214
v 2.571899 8.448654 2.765260
v 2.466951 8.768982 2.754695
v 2.464203 8.745322 3.149890
v 2.938791 7.638632 2.594098
v 2.799120 7.971600 2.686204
v 2.612952 8.290209 3.115512
v 2.819494 7.503240 3.006047
v 2.493508 8.185171 3.424128
v 2.097869 8.469421 3.798103
v 2.713709 7.855696 3.055356
v 2.998638 7.175109 3.011792
v 3.041021 6.655677 3.301745
v 2.814482 7.084759 3.269660
v 2.630723 7.450299 3.277536
v 2.547181 7.782610 3.317974
v 2.341134 7.725662 3.477122
v 2.253772 8.066633 3.656670
v 2.027597 7.875183 3.671386
v 2.292681 7.446766 3.426119
v 2.553445 6.950999 3.376259
v 2.786908 6.527404 3.383868
v 2.986479 6.227311 3.389920
v 2.980262 5.959352 3.211745
v 2.991375 5.699514 3.036917
v 3.204561 6.054917 3.294991
v 3.077626 6.050898 3.374512
v 3.439537 5.917753 3.193547
v 3.313487 5.823489 3.240960
v 3.200287 5.771485 3.351338
v 3.100862 5.713988 3.146308
v 0.766134 5.742003 -1.756558
v 0.613055 5.467817 -2.259134
v 0.935721 5.686064 -1.726915
v 1.021178 5.286894 -2.152908
v 1.132312 5.754735 -1.351259
v 1.118307 5.328875 -1.670541
v 1.160978 5.103236 -2.077066
v 1.441995 5.852715 -1.073013
v 1.408724 6.206485 -0.814646
v 1.227557 5.059209 -1.653287
v 1.213588 4.912811 -2.126464
v 1.292120 5.366889 -1.343864
v 1.547394 5.839148 -0.894967
v 1.505133 5.431385 -0.995766
v 1.331354 5.052801 -1.285814
v 1.287416 4.847882 -1.712719
v 1.642873 5.847488 -0.801569
v 1.555660 6.238845 -0.733976
v 1.745489 5.485081 -0.781736
v 1.708226 5.865625 -0.803057
v 1.910275 5.824862 -0.730132
v 1.622903 5.086320 -0.863087
v 2.273343 5.882633 -0.698053
v 2.162920 6.470331 -0.827214
v 2.510454 6.513840 -1.167416
v 1.993610 5.213957 -0.667035
v 1.979224 4.721601 -0.792379
v 1.684114 4.750608 -0.916269
v 1.380302 4.779411 -1.301224
v 1.691644 4.333667 -1.143847
v 1.396345 4.393598 -1.445696
v 1.214663 4.460772 -1.806879
v 1.113948 4.519433 -2.170768
v 1.191505 4.083108 -2.043158
v 1.093435 4.130336 -2.316991
v 1.212654 3.748013 -2.417987
v 1.416669 4.028447 -1.731659
v 1.385689 3.661743 -2.059997
v 1.657573 3.957710 -1.414140
v 1.380335 3.290086 -2.368562
v 1.234603 3.384638 -2.675055
v 1.639247 3.600466 -1.750026
v 1.598093 3.203325 -2.130748
v 1.399804 2.985831 -2.663372
v 1.595561 2.907767 -2.457792
v 1.373185 2.679964 -2.870560
v 1.146559 2.755640 -3.138263
v 1.311311 2.410995 -2.917175
v 1.556330 2.599628 -2.618847
v 1.542485 2.344476 -2.708360
v 1.756960 2.546502 -2.546374
v 1.804157 2.840948 -2.382441
v 1.851361 3.160060 -2.072997
v 1.930764 2.581694 -2.732338
v 1.946981 2.322613 -2.796513
v 2.028250 2.881606 -2.530514
v 2.054418 2.649947 -3.007100
v 1.926722 3.540614 -1.590107
v 2.159592 3.230880 -2.217855
v 2.126072 2.969208 -2.813069
v 2.152169 2.723394 -3.310934
v 2.201296 2.413760 -3.419904
v 1.994243 3.880777 -1.284711
v 2.218121 3.533605 -1.725828
v 2.045688 4.287682 -0.993673
v 2.303193 3.291288 -2.580979
v 2.184047 3.030941 -3.100940
v 2.302988 3.362676 -2.895897
v 2.003273 3.083435 -3.313214
v 2.338081 3.888655 -1.409268
v 2.010864 2.775263 -3.575765
v 1.888388 2.857416 -3.761416
v 1.923048 2.495729 -3.938051
v 1.897332 3.151516 -3.508317
v 1.797212 2.694891 -3.991122
v 1.679214 2.972585 -3.848605
v 1.638841 2.740416 -4.028545
v 1.467357 2.728361 -4.014977
v 1.276252 2.555838 -3.950845
v 1.373785 2.919199 -3.782146
v 1.143132 2.539526 -3.839924
v 1.717465 3.216843 -3.623803
v 1.211234 2.855284 -3.657556
v 1.464820 3.202404 -3.582041
v 1.178457 2.816728 -3.400765
v 1.277928 3.173911 -3.463623
v 1.250428 3.112903 -3.224737
v 1.211798 3.055557 -2.921011
v 1.313314 3.505038 -3.283964
v 1.237363 3.448606 -3.017493
v 1.525026 3.536380 -3.412914
v 1.260120 3.892948 -3.167762
v 1.129378 3.789954 -2.860461
v 1.783916 3.546094 -3.435790
v 1.550297 3.938159 -3.311357
v 1.231514 4.296233 -3.068893
v 1.059726 4.199141 -2.716089
v 2.002465 3.498984 -3.309686
v 1.871273 3.931910 -3.294908
v 1.584320 4.356657 -3.210199
v 1.278896 4.652419 -2.921707
v 1.085359 4.574905 -2.573976
v 2.155716 3.431234 -3.109197
v 2.155208 3.871848 -3.159255
v 1.984513 4.363009 -3.241740
v 1.617818 4.760968 -3.012736
v 1.362821 4.915493 -2.827504
v 1.186077 4.884499 -2.463146
v 1.154646 5.090590 -2.480250
v 2.349080 3.776253 -2.935174
v 2.346330 4.277564 -3.040169
v 2.059883 4.814225 -3.095999
v 1.612949 4.996245 -2.880584
v 1.006744 5.243976 -2.570718
v 0.814210 5.495201 -2.213624
v 1.292358 5.093880 -2.886284
v 2.437776 3.721776 -2.725512
v 2.550020 4.153609 -2.615301
v 2.497902 3.664680 -2.378022
v 0.796031 5.424740 -2.758715
v 1.181193 5.271549 -2.979504
v 0.953606 5.428092 -3.261810
v 2.401995 3.610112 -2.025069
v 1.529775 5.164155 -3.017065
v 1.229962 5.454445 -3.555313
v 1.407885 5.321131 -3.215770
v 1.738340 5.569360 -3.168135
v 2.544510 3.985257 -1.740870
v 2.279176 5.690886 -2.666004
v 2.263755 6.259866 -2.737471
v 2.499929 5.701033 -2.181739
v 1.976910 5.309909 -2.933312
v 2.053383 5.138415 -2.882756
v 2.366597 5.374374 -2.548321
v 2.474762 4.776107 -2.841772
v 2.428679 5.159585 -2.603065
v 2.697682 4.647620 -2.399684
v 2.600606 5.125322 -2.180680
v 2.613791 4.068493 -2.168446
v 2.726823 4.527905 -1.917639
v 2.677536 4.383989 -1.436889
v 2.571921 5.342227 -2.134116
v 2.642296 5.806246 -1.500076
v 2.778797 4.992124 -1.695122
v 2.748272 5.379095 -1.561897
v 2.680556 5.332676 -1.045587
v 2.404184 4.261986 -1.123428
v 2.779810 4.860791 -1.274791
v 2.242456 4.457118 -0.860746
v 2.608907 4.530843 -1.116640
v 2.449702 4.465580 -0.949914
v 2.488649 4.704067 -0.784197
v 2.232790 4.683275 -0.711354
v 2.230328 4.952176 -0.615426
v 2.669491 4.770323 -0.990567
v 2.655640 5.033219 -0.868785
v 2.403147 5.353714 -0.657039
v 2.475425 5.003306 -0.672108
v 2.587480 5.863781 -1.034278
v 2.623053 6.095474 -1.895253
v 2.544798 6.468735 -2.014839
v 2.554853 6.030180 -2.159446
v 0.544277 5.257147 -4.072302
v 0.867483 5.656264 -3.908254
v 0.715044 5.532429 -3.358455
v 0.467640 5.180984 -3.433867
v 0.005147 4.890686 -3.518212
v 0.374246 5.149724 -2.826094
v 0.624499 5.391045 -2.796371
v 0.398174 5.253490 -2.254948
v 0.227814 5.315303 -1.865089
v 0.005147 5.258455 -1.880978
v 0.231232 5.472892 -1.589983
v 0.005146 5.468691 -1.483909
v 0.665526 5.622422 -1.732510
v 0.999472 6.041276 -1.366254
v 0.485279 5.582326 -1.696955
v 0.248872 5.619532 -1.287877
v 0.580736 5.788080 -1.332704
v 0.823406 5.829494 -1.324994
v 0.294367 5.604912 -0.993613
v 0.005146 5.516069 -0.967528
v 1.122327 5.957996 -0.888451
v 1.242426 6.203008 -1.042852
v 0.988864 5.859796 -0.777353
v 0.514166 5.765448 -1.074229
v 0.358824 5.570279 -0.444376
v 1.356873 6.406740 -0.493357
v 1.441280 6.493701 -0.573036
v 0.628058 5.740387 -0.547148
v 0.472252 5.657838 -0.046754
v 0.854859 5.859411 -0.111209
v 0.514903 5.765958 0.470267
v 0.005146 5.888648 1.036262
v 0.817493 5.809291 -0.656994
v 1.071718 5.976543 -0.182849
v 1.304383 6.011835 -0.250516
v 0.989224 5.893435 0.421189
v 1.384605 6.163942 -0.360804
v 1.503178 6.373693 0.096281
v 1.230802 6.078244 0.386829
v 1.538617 6.605145 0.026156
v 1.534738 6.566169 0.516545
v 1.415842 6.212630 0.160436
v 1.402300 6.405881 0.507763
v 1.492504 6.774438 1.057213
v 1.359752 6.973665 1.566198
v 1.350995 6.567272 1.013337
v 1.184616 6.264764 0.955516
v 1.311254 6.807225 1.501097
v 0.979220 6.034722 0.908014
v 1.074817 6.313156 1.321225
v 0.473100 5.925961 1.001474
v 0.873858 6.115623 1.249889
v 0.539820 6.160014 1.523261
v 0.564727 6.396394 2.079726
v 0.812581 6.326848 1.659473
v 1.200792 6.602691 1.431831
v 0.970924 6.512444 1.751464
v 1.019346 6.642980 2.034724
v 0.489397 6.439084 2.518351
v 0.862061 6.584407 2.494565
v 0.365418 6.509398 2.920985
v 0.723122 6.591962 2.975147
v 1.121828 6.792122 2.857686
v 0.254631 6.618382 3.364173
v 0.005145 6.772850 3.561817
v 1.232276 6.886786 2.419661
v 1.399075 7.088355 2.416111
v 1.505929 7.239427 2.389605
v 1.520185 7.382432 1.957827
v 0.384640 6.705394 3.635865
v 0.558148 6.842833 3.776051
v 0.214929 6.713634 3.610157
v 0.187387 6.851292 3.801978
v 0.376798 6.842174 3.825269
v 0.577199 7.149352 4.075978
v 0.736231 6.930501 3.921600
v 0.165435 7.145176 4.072682
v 0.005145 7.165304 4.411999
v 0.375798 7.167192 4.068468
v 0.184069 7.226338 4.373421
v 0.005145 7.167433 4.566709
v 0.168808 7.287624 4.660711
v 0.005145 7.289665 4.897218
v 0.371246 7.246755 4.353735
v 0.281093 7.328836 4.666490
v 0.161742 7.386791 4.904271
v 0.167210 7.465089 5.136844
v 0.005145 7.340544 5.010744
v 0.005145 7.370639 5.152947
v 0.223175 7.447541 4.896860
v 0.428989 7.278104 4.689021
v 0.510625 7.221366 4.371455
v 0.164050 7.461309 5.372338
v 0.157403 7.398390 5.656456
v 0.005145 7.356977 5.536760
v 0.250250 7.521170 5.124961
v 0.798453 7.230932 4.053602
v 1.138282 7.240961 3.907887
v 0.620731 7.358698 4.327742
v 0.419960 7.371311 4.915265
v 0.933041 7.346047 4.074342
v 0.527669 7.420358 4.674327
v 0.801436 7.354449 4.380991
v 1.110982 7.438382 3.937465
v 1.018753 7.555404 4.126943
v 1.248255 7.390980 3.821060
v 1.354088 7.246192 3.678314
v 0.485094 7.569616 4.921907
v 0.790612 7.391402 4.707797
v 0.899309 7.639975 4.427282
v 1.105366 7.650481 4.171360
v 1.166716 7.556241 3.945939
v 1.465386 7.299013 3.544498
v 1.183703 7.678322 4.023294
v 1.290727 7.708025 3.984372
v 1.253368 8.001738 4.226764
v 1.156379 7.841757 4.214105
v 1.009665 7.686224 4.424770
v 1.095509 7.967609 4.431227
v 0.905063 7.769540 4.695820
v 1.034001 7.839105 4.703745
v 1.108125 8.074820 4.702118
v 1.273076 8.249742 4.702474
v 1.188807 8.156075 4.934598
v 1.273491 8.451488 4.963159
v 1.085210 7.892172 4.924308
v 1.117290 8.290774 5.121080
v 1.223418 8.561450 5.188838
v 0.961190 7.832528 4.901670
v 0.893242 7.773465 4.911598
v 1.038848 8.061297 5.133138
v 0.886690 7.999160 5.091655
v 0.814596 7.941288 5.317736
v 0.820436 7.916303 5.099483
v 0.745371 7.782085 5.391093
v 0.738731 7.540661 5.016556
v 0.725588 7.662066 5.257143
v 0.540986 7.601849 5.110622
v 0.590313 7.656913 5.343169
v 0.594456 7.737851 5.470242
v 0.407463 7.493498 5.149617
v 0.393544 7.560761 5.357873
v 0.484923 7.631678 5.563601
v 0.248219 7.510007 5.370089
v 0.241258 7.477551 5.498210
v 0.359217 7.515286 5.530612
v 0.295681 7.450696 5.710030
v 0.382148 7.561874 5.763307
v 0.214923 7.436300 5.923358
v 0.254362 7.519013 5.996428
v 0.104839 7.463523 6.262343
v 0.118163 7.510250 6.685035
v 0.112425 7.395877 5.933501
v 0.064517 7.480322 6.637985
v 0.497394 6.642442 3.482276
v 0.660024 6.631346 3.489717
v 0.800458 6.656412 3.198245
v 0.783016 6.481378 3.332124
v 0.767116 6.306905 3.445709
v 0.686561 6.166335 3.559712
v 0.626520 5.996119 3.723860
v 0.661587 5.894021 3.926762
v 0.599755 6.010900 4.046283
v 0.719184 5.898055 4.226648
v 0.767148 5.914059 4.463517
v 0.687313 5.978839 4.479080
v 0.781278 5.905934 4.662037
v 0.869805 5.858462 4.635236
v 0.838865 5.870333 4.220757
v 0.875172 5.895836 4.455232
v 0.965522 5.911801 4.469845
v 0.967565 5.913847 4.234049
v 1.041173 5.988794 4.507577
v 1.045940 5.920941 4.686539
v 1.046382 6.013232 4.281267
v 1.062068 6.032760 4.635752
v 1.053326 6.078247 4.790799
v 1.025110 6.094028 4.507078
v 1.054797 6.109386 4.660030
v 0.991952 6.193073 4.687347
v 1.000003 6.177451 4.522418
v 0.893398 6.243772 4.698077
v 0.774002 6.210167 4.795748
v 1.036449 6.150996 4.325912
v 0.897445 6.232668 4.551422
v 0.762777 6.201454 4.575417
v 0.806640 6.230869 4.692786
v 0.639581 6.051755 4.707775
v 0.921598 6.252614 4.373739
v 0.698670 6.086884 4.526153
v 0.783899 6.216124 4.376547
v 0.696689 6.098673 4.299313
v 0.650759 5.990898 4.253348
v 0.936690 6.296894 4.215724
v 0.785684 6.254459 4.199188
v 0.633064 6.132108 4.124389
v 1.060885 6.192896 4.106244
v 0.960699 6.373309 4.045255
v 0.645501 6.252037 3.887176
v 0.595007 6.103615 3.801479
v 0.627103 6.194831 3.643679
v 0.791791 6.332021 3.989858
v 1.090918 6.020548 4.005023
v 0.716951 6.391869 3.753860
v 0.694755 6.347228 3.581590
v 1.062620 6.292264 3.941136
v 0.826514 6.430180 3.885911
v 0.957708 6.463637 3.969849
v 0.735291 6.569184 3.678547
v 0.706670 6.520201 3.515092
v 0.825838 6.630371 3.862305
v 0.698358 6.752893 3.701733
v 0.835079 6.809286 3.851944
v 0.979772 6.665140 3.925839
v 0.991807 6.882735 3.905510
v 0.929536 7.089893 3.986190
v 1.053545 6.426552 3.879929
v 1.160899 6.944927 3.842741
v 1.111209 6.660332 3.864991
v 1.214897 6.628471 3.698631
v 1.122881 6.219727 3.808165
v 1.297444 6.925392 3.678995
v 1.366476 6.909159 3.418017
v 1.469838 7.153297 3.299333
v 1.273210 6.544397 3.433910
v 1.246514 6.866549 3.168510
v 1.346331 6.972075 2.917694
v 1.135319 6.379733 3.735073
v 1.146584 6.306213 3.556016
v 0.998429 6.775319 3.114074
v 1.167150 6.499967 3.274699
v 0.974948 6.494006 3.249325
v 1.117919 6.139588 3.628806
v 1.061758 6.279963 3.427261
v 0.921913 6.279045 3.382897
v 1.096373 6.020134 3.743504
v 1.018312 6.113879 3.515455
v 0.859399 6.108795 3.445302
v 0.974719 5.904727 3.936848
v 1.017498 5.943380 3.680373
v 0.792748 5.833510 3.897654
v 0.917243 5.962379 3.511766
v 0.705362 5.991623 3.527002
v 0.886641 5.877031 3.757281
v 0.699295 5.868716 3.760092
v 0.784585 5.845859 3.768588
v 0.676007 5.921002 3.643323
v 0.785248 5.882727 3.604742
v 0.810188 5.961863 3.481649
v 0.917608 5.908034 3.643478
v 0.590024 8.218261 6.875286
v 0.541263 8.060484 6.907242
v 0.541896 8.103440 6.982068
v 0.518572 7.992133 6.957535
v 0.486839 8.020915 7.061475
v 0.545125 7.967839 6.821757
v 0.479549 7.908533 7.008064
v 0.559160 7.883148 6.728850
v 0.508184 7.757723 6.750276
v 0.631369 7.820588 6.573060
v 0.509583 7.868258 6.866629
v 0.469675 7.775371 6.935679
v 0.420946 7.778563 7.150128
v 0.420321 7.677349 7.041152
v 0.329793 7.479303 7.153136
v 0.414499 7.704795 7.275393
v 0.424955 7.784891 7.336061
v 0.369203 7.609678 7.235989
v 0.361766 7.685322 7.370801
v 0.340277 7.562739 7.382938
v 0.360713 7.653697 7.430223
v 0.289697 7.554660 7.507227
v 0.231132 7.453672 7.550376
v 0.310864 7.652032 7.528354
v 0.318058 7.644946 7.597370
v 0.236771 7.529572 7.624230
v 0.177959 7.413187 7.573860
v 0.269163 7.616787 7.670375
v 0.228853 7.695875 7.743155
v 0.186156 7.503130 7.689535
v 0.182672 7.602359 7.744422
v 0.181305 7.687689 7.764977
v 0.128755 7.673964 7.790139
v 0.134151 7.492649 7.709188
v 0.136354 7.585577 7.761996
v 0.087387 7.486117 7.740522
v 0.005144 7.586409 7.795779
v 0.080880 7.585725 7.794521
v 0.071359 7.658975 7.817621
v 0.188843 10.869906 6.748776
v 0.005144 11.031888 6.450442
v 0.188354 11.005939 6.423961
v 0.436154 10.765905 6.707885
v 0.005144 11.221914 6.024393
v 0.437457 10.872379 6.385744
v 0.180547 11.183414 6.001500
v 0.186732 11.374280 5.441356
v 0.005144 11.575287 4.832806
v 0.456721 11.025350 5.953260
v 0.717390 10.626887 6.321175
v 0.964333 10.327592 6.284598
v 0.859356 10.221090 6.635408
v 1.023576 9.922876 6.645598
v 0.780530 10.719069 5.901722
v 0.493683 11.152770 5.409893
v 0.212037 11.520207 4.844519
v 0.559104 11.254702 4.857204
v 0.234938 11.622898 4.247303
v 0.602230 11.302341 4.299667
v 0.260475 11.597455 3.644708
v 0.614169 11.280033 3.699446
v 0.273402 11.490082 3.042813
v 0.673712 11.208662 3.124696
v 0.309503 11.346418 2.321951
v 0.290157 11.224285 1.696090
v 0.005145 11.286657 1.656115
v 0.283990 11.132840 1.192513
v 0.005145 11.262629 1.153940
v 0.337520 11.022243 0.625932
v 0.526722 11.002599 1.250364
v 0.557893 11.050198 1.765412
v 0.712501 11.026503 2.460384
v 1.010563 10.696135 2.885653
v 0.958199 10.743373 3.324194
v 0.979407 10.825887 3.855826
v 0.393939 10.895502 0.086271
v 0.419048 10.701516 -0.453621
v 0.005145 10.694696 -1.032503
v 0.709651 10.759638 0.176769
v 0.431279 10.475668 -0.951900
v 1.252729 10.279737 3.527655
v 0.967304 10.867518 4.393052
v 0.641237 10.899977 0.663316
v 0.727059 10.572680 -0.384223
v 0.990648 10.332675 -0.314122
v 0.858673 10.647453 0.217368
v 0.856994 10.772766 0.682276
v 0.748664 10.323489 -0.919873
v 1.290342 10.341901 3.990248
v 0.813185 10.870145 1.248117
v 0.813197 10.916803 1.769314
v 1.020282 10.478621 0.295618
v 1.007566 10.689548 1.251898
v 1.032556 10.595995 0.784353
v 1.255041 10.207507 0.395262
v 0.871869 10.890095 2.341598
v 1.244349 10.301452 0.879610
v 1.057070 10.809708 2.183387
v 1.031742 10.785558 1.797711
v 1.265415 10.400721 1.324787
v 1.112340 10.652334 2.662261
v 1.247887 10.553013 1.908663
v 1.232308 10.635431 2.406245
v 1.339763 10.296988 2.914806
v 1.419194 10.322477 2.605685
v 1.478039 10.226375 2.135584
v 1.483498 10.095598 1.645067
v 1.659711 9.919608 2.368162
v 1.284701 10.269967 3.157464
v 1.634068 9.950723 2.796512
v 1.581682 9.937022 3.115431
v 1.580521 9.802403 3.449340
v 1.749357 9.689031 3.281502
v 1.822452 9.334064 3.715745
v 1.487676 9.824136 3.771139
v 1.500731 9.955151 1.497118
v 1.717223 9.735302 1.897556
v 1.475569 9.993136 1.274572
v 1.691445 9.600209 1.660256
v 1.828671 9.709097 2.466418
v 1.843435 9.737028 2.941870
v 1.841895 9.591808 2.191490
v 2.108697 9.415888 2.623037
v 2.129122 9.448146 3.055404
v 1.993847 9.375251 3.449654
v 1.942990 9.296327 2.016080
v 2.015612 9.341746 2.242017
v 2.315085 9.110868 2.696576
v 2.313460 9.105179 3.133469
v 2.194091 9.004234 3.567306
v 1.834478 9.221757 1.813894
v 2.068950 8.955009 2.094621
v 1.946157 8.883513 1.883065
v 1.847410 9.157097 1.598943
v 2.182669 9.020606 2.335763
v 2.319030 8.736755 2.388625
v 2.040916 8.571055 1.946247
v 2.375178 8.633348 3.548629
v 1.926809 8.786435 1.680951
v 1.936713 8.957574 3.815216
v 1.926976 8.498960 3.919572
v 1.950068 8.071106 3.835580
v 1.794401 8.101991 3.914314
v 1.854313 7.799913 3.778791
v 1.738021 8.568924 4.144766
v 1.783546 8.989653 4.090322
v 1.706908 7.773098 3.837294
v 1.759309 7.536139 3.624348
v 1.672028 9.344043 3.964228
v 1.504527 9.854809 4.164425
v 1.567192 9.384230 4.292174
v 1.239238 10.371689 4.501616
v 1.507159 9.891582 4.603815
v 0.936782 10.868795 4.902174
v 0.847728 10.805654 5.423205
v 1.159697 10.399609 4.977297
v 1.045658 10.358788 5.888283
v 1.390200 9.916610 5.019067
v 1.102405 10.395060 5.433632
v 1.251210 9.949645 5.437427
v 1.173998 9.966357 5.894842
v 1.121623 9.947536 6.243101
v 1.128601 9.683059 6.422534
v 1.058741 9.515855 6.529571
v 1.171805 9.678050 6.205350
v 1.114913 9.498569 6.392013
v 1.064163 9.373587 6.316360
v 1.151762 9.468164 6.187183
v 1.074398 9.320620 6.218740
v 1.140537 9.282718 6.072638
v 1.213530 9.636683 5.874880
v 1.154067 9.431275 6.033883
v 1.328557 9.582966 5.471901
v 1.228361 9.321238 5.792070
v 1.223417 9.205764 5.819398
v 1.273295 9.113311 5.655867
v 1.270659 9.417553 5.722911
v 1.431279 9.519566 5.042171
v 1.292522 9.165969 5.570613
v 1.364152 8.917370 5.329298
v 1.352837 8.889767 5.487666
v 1.289371 9.268889 5.488089
v 1.531584 9.444004 4.667291
v 1.378478 9.050584 5.287653
v 1.417271 9.199259 5.027786
v 1.497620 9.130971 4.693828
v 1.431555 8.958001 5.007412
v 1.650041 9.046442 4.369781
v 1.393706 8.695666 4.973452
v 1.580243 8.800915 4.730695
v 1.590713 8.696125 4.424176
v 1.491155 8.538463 4.730050
v 1.438311 8.519287 4.986278
v 1.624577 8.132503 4.065915
v 1.395024 8.616107 5.209960
v 1.445212 8.305827 4.741085
v 1.244606 8.117483 4.483726
v 1.462819 8.401423 4.424530
v 1.440671 8.149770 4.527189
v 1.449868 7.982348 4.242033
v 1.577291 7.793042 3.899562
v 1.492931 7.508748 3.727491
v 1.653516 7.514733 3.677149
v 1.429027 7.695298 4.006496
v 1.367899 7.459555 3.773289
v 1.604815 7.317851 3.490815
v 1.513536 7.331982 3.520532
v 1.545146 7.191164 3.229258
v 1.612668 7.243272 3.151105
v 0.179226 9.525501 8.296658
v 0.327645 9.525246 8.201529
v 0.457103 9.538352 8.065361
v 0.181450 9.779435 8.249833
v 0.341171 9.777390 8.151275
v 0.470542 9.748316 8.033492
v 0.162387 10.059820 8.133254
v 0.331136 10.040745 8.047364
v 0.470593 10.001209 7.937225
v 0.448777 10.169646 7.789214
v 0.570856 8.382867 6.917859
v 0.477671 8.286300 6.952274
v 0.527942 8.390829 6.952988
v 0.602746 8.500725 6.958358
v 0.566455 8.511077 6.971771
v 0.601611 8.591338 7.031724
v 0.455896 8.459757 6.850297
v 0.504091 8.573239 6.885921
v 0.410587 8.334682 6.831151
v 0.389874 8.520993 6.751906
v 0.566474 8.599856 7.025008
v 0.522685 8.674717 6.929086
v 0.488111 8.698353 7.075603
v 0.409632 8.654123 6.806171
v 0.402064 8.769981 6.920589
v 0.388272 8.633975 7.231583
v 0.431806 8.535572 7.350308
v 0.334028 8.740747 6.630372
v 0.275660 8.710219 7.097723
v 0.330563 8.560380 7.427433
v 0.438448 8.541265 7.460633
v 0.388209 8.925556 6.670825
v 0.200596 8.599228 7.398101
v 0.316683 8.541570 7.562294
v 0.161071 8.580072 7.557614
v 0.281346 8.515203 7.675488
v 0.267404 8.533338 7.744006
v 0.347763 8.514572 7.790101
v 0.301132 8.506299 7.864047
v 0.249567 8.515976 7.828192
v 0.278034 8.541793 7.905519
v 0.195356 8.521628 7.911112
v 0.174439 8.502663 7.990020
v 0.082024 8.570316 7.842692
v 0.058963 8.525339 8.019439
v 0.140629 8.509928 7.986601
v 0.090036 8.538634 8.093424
v 0.044999 8.531911 8.092143
v 0.005144 8.543552 8.022362
v 0.005144 8.580350 7.850569
v 0.005144 8.601128 7.673388
v 0.072553 8.584709 7.685077
v 0.105374 8.601335 7.535225
v 0.005144 8.678216 7.453262
v 0.230292 8.943851 6.756885
v 0.121332 8.958733 6.513346
v 0.291132 8.952012 6.428449
v 0.152250 8.937372 6.165114
v 0.097800 8.893129 5.816285
v 0.312323 8.793737 6.414217
v 0.237789 8.815424 6.114661
v 0.063281 8.932949 5.263428
v 0.005144 9.140540 5.029557
v 0.005144 8.961674 4.877439
v 0.005145 8.592993 4.886618
v 0.100408 8.627428 5.275515
v 0.005145 8.068424 5.016354
v 0.156290 8.687476 5.783932
v 0.098267 8.314997 5.363974
v 0.164092 8.436699 5.859755
v 0.294149 8.345725 6.040182
v 0.268730 8.622676 6.128509
v 0.358329 8.612503 6.386565
v 0.360794 8.485200 6.332598
v 0.332576 8.333838 6.393983
v 0.347863 8.583735 6.570682
v 0.358738 8.414197 6.499774
v 0.359434 8.357134 6.630429
v 0.324686 8.215928 6.682420
v 0.301635 8.257683 6.525706
v 0.342230 8.238438 6.854756
v 0.312382 8.144950 6.941081
v 0.283520 8.051873 7.039307
v 0.346901 7.971075 7.182048
v 0.320018 8.144419 6.777022
v 0.292759 8.123270 6.724716
v 0.239808 8.016191 6.781364
v 0.288733 8.046720 6.847406
v 0.243245 7.967018 7.151690
v 0.211953 7.935458 7.037117
v 0.094302 7.832856 7.246411
v 0.204631 7.896685 7.260000
v 0.324715 7.874715 7.384392
v 0.136643 7.885745 6.971549
v 0.211195 7.864502 7.383628
v 0.261578 7.859813 7.441286
v 0.005144 7.881602 7.036719
v 0.005144 7.824506 7.229175
v 0.099066 7.784943 7.449168
v 0.088015 7.823458 7.571131
v 0.005144 7.798163 7.593917
v 0.005144 7.762630 7.758175
v 0.212777 7.816506 7.619680
v 0.245597 7.814153 7.546339
v 0.166989 7.842317 7.491579
v 0.005145 8.554826 8.106295
v 0.164749 8.541226 8.055959
v 0.232916 8.534290 7.949455
v 0.402360 8.587690 7.816863
v 0.346628 8.482541 7.728324
v 0.384093 8.568213 7.756567
v 0.378471 8.492797 7.664209
v 0.429132 8.541620 7.700323
v 0.430023 8.526577 7.661692
v 0.386686 8.467722 7.600961
v 0.413014 8.475887 7.519991
v 0.513798 8.580770 7.566233
v 0.548883 8.647883 7.301898
v 0.473312 8.611945 7.267342
v 0.005144 9.080829 8.191826
v 0.153545 9.089804 8.136584
v 0.185115 9.253922 8.237448
v 0.316076 9.276329 8.154530
v 0.275500 9.114572 8.066863
v 0.420621 9.316411 8.028928
v 0.385881 9.163865 7.966846
v 0.469865 9.140993 7.800563
v 0.527989 9.360948 7.917458
v 0.479781 9.226197 7.853521
v 0.558405 9.555485 7.939712
v 0.602272 9.290169 7.744379
v 0.628492 9.248165 7.611239
v 0.596098 9.415939 7.786501
v 0.668543 9.349237 7.649494
v 0.708742 9.310554 7.555566
v 0.751213 9.388581 7.589772
v 0.682340 9.454062 7.669387
v 0.568958 9.730322 7.922649
v 0.628521 9.572207 7.815382
v 0.769998 9.569053 7.556302
v 0.562902 9.929927 7.823372
v 0.637402 9.707580 7.774800
v 0.694315 9.607651 7.647689
v 0.747981 9.752714 7.522393
v 0.794670 9.669607 7.447526
v 0.844494 9.612127 7.414287
v 0.665311 9.697958 7.695479
v 0.801212 9.786261 7.277010
v 0.697597 9.803910 7.616376
v 0.639176 9.856681 7.711011
v 0.837585 9.883189 7.086986
v 0.883712 9.749695 7.051863
v 0.908730 9.916136 6.876055
v 0.937622 9.763052 6.867200
v 0.782163 9.907603 7.364367
v 0.542982 10.099619 7.684653
v 0.647670 10.001652 7.593680
v 0.721670 9.900224 7.534814
v 0.684877 10.097954 7.463323
v 0.784519 10.018595 7.176939
v 0.797569 10.129929 6.927358
v 0.656133 10.521238 6.663826
v 0.368175 10.341555 7.656082
v 0.308267 10.239521 7.898405
v 0.544443 10.222528 7.550848
v 0.691557 10.215372 7.286340
v 0.675083 10.329932 7.061179
v 0.542275 10.354552 7.373549
v 0.174689 10.420429 7.749498
v 0.152187 10.272238 7.951684
v 0.545033 10.562859 6.936851
v 0.541667 10.452896 7.164258
v 0.369440 10.462240 7.456444
v 0.005144 10.273713 7.974475
v 0.005144 10.556303 7.579194
v 0.189619 10.537727 7.527167
v 0.005144 10.666989 7.317368
v 0.380156 10.670603 6.971612
v 0.366437 10.576646 7.217511
v 0.191246 10.648075 7.276698
v 0.183051 10.741042 7.019023
v 0.005144 8.804959 8.176677
v 0.005145 8.716651 8.172532
v 0.097210 8.807281 8.153696
v 0.151464 8.804721 8.136486
v 0.144722 8.886079 8.125151
v 0.140989 9.003897 8.101589
v 0.219978 8.933157 8.066952
v 0.263377 9.024868 8.018752
v 0.297326 8.929871 8.002964
v 0.356031 8.913921 7.919568
v 0.368681 9.063676 7.908614
v 0.246096 8.814101 8.058220
v 0.201233 8.824218 8.083548
v 0.171574 8.784175 8.106565
v 0.299139 8.817104 8.014435
v 0.361946 8.807372 7.927047
v 0.355670 8.708678 7.933747
v 0.413891 8.802101 7.856247
v 0.436496 8.687511 7.792336
v 0.435595 8.781227 7.784924
v 0.417406 8.894172 7.848399
v 0.474217 8.779106 7.669651
v 0.518018 8.703510 7.594519
v 0.451639 8.985888 7.808892
v 0.430380 8.882414 7.779315
v 0.507557 8.813004 7.541774
v 0.529648 8.711916 7.519814
v 0.430027 8.956106 7.766298
v 0.474715 8.908750 7.684340
v 0.498446 9.049487 7.734240
v 0.555837 9.207414 7.681767
v 0.450521 9.011790 7.679822
v 0.558091 9.111819 7.622306
v 0.507000 8.936278 7.567801
v 0.475732 9.056881 7.580407
v 0.511609 9.071369 7.487947
v 0.522946 8.947623 7.441614
v 0.595211 9.137394 7.540433
v 0.531649 8.850910 7.422819
v 0.558694 8.969053 7.292141
v 0.578858 8.875216 7.302195
v 0.526640 9.022484 7.394836
v 0.604966 8.760930 7.264504
v 0.556616 9.083060 7.427398
v 0.655086 9.190335 7.535613
v 0.665193 9.142742 7.468973
v 0.658399 9.225965 7.556032
v 0.695253 9.193090 7.483361
v 0.715823 9.218915 7.413569
v 0.709116 9.252824 7.517489
v 0.643830 9.161673 7.390395
v 0.570594 9.107320 7.360045
v 0.793941 9.325972 7.465696
v 0.617201 9.178190 7.317691
v 0.536783 9.044594 7.333607
v 0.544798 9.081306 7.287662
v 0.582807 9.126805 7.290970
v 0.760548 9.273183 7.439003
v 0.822345 9.390141 7.485702
v 0.774180 9.475808 7.584486
v 0.851623 9.466550 7.490692
v 0.812083 9.541137 7.512579
v 0.855341 9.397011 7.392402
v 0.559517 9.044937 7.255492
v 0.807946 9.363792 7.373987
v 0.918915 9.552302 7.395083
v 0.849658 9.702966 7.237163
v 0.921229 9.505351 7.362676
v 0.919315 9.581476 7.220595
v 0.872360 9.616019 7.018378
v 0.900560 9.639524 6.857654
v 1.052005 9.682950 6.646373
v 0.928654 9.508746 7.213674
v 0.902496 9.456470 7.394319
v 0.926457 9.450190 7.231087
v 0.897915 9.529330 7.017390
v 0.908043 9.380123 7.236540
v 0.903166 9.436895 7.045089
v 0.909485 9.344861 7.079541
v 0.982615 9.597649 6.704226
v 0.963700 9.448472 6.571400
v 1.034340 9.433048 6.463886
v 1.029160 9.578351 6.728265
v 0.840227 9.350169 6.497467
v 0.981794 9.623880 6.882606
v 0.936894 9.426239 6.925887
v 0.964199 9.520616 6.876617
v 1.032145 9.430977 6.600239
v 0.998730 9.460750 6.747038
v 0.974510 9.327096 6.385877
v 1.075253 9.259846 6.404675
v 0.994744 9.320510 6.460272
v 0.975895 9.349582 6.534829
v 1.024675 9.318766 6.593043
v 0.999406 9.347398 6.800368
v 0.947880 9.256185 6.865132
v 1.014677 9.269944 6.665346
v 1.037463 9.299814 6.486423
v 1.089494 9.247025 6.533300
v 1.004131 9.144361 6.692678
v 0.894343 9.320157 6.982248
v 0.888511 9.228958 7.049242
v 1.112895 9.189016 6.450591
v 0.976445 9.180804 6.778450
v 0.935466 9.126422 6.875514
v 0.892179 9.288553 7.096889
v 0.932939 9.180574 6.944289
v 0.868724 9.144412 7.097151
v 0.890202 9.330081 7.197854
v 0.851614 9.266864 7.130596
v 0.803277 9.220948 7.105194
v 0.856364 9.347659 7.275746
v 0.817993 9.314454 7.273877
v 0.848101 9.287786 7.196199
v 0.757106 9.331518 7.352253
v 0.800683 9.276388 7.178679
v 0.771793 9.298168 7.260006
v 0.714838 9.308604 7.330739
v 0.651142 9.225652 7.315335
v 0.599676 9.193686 7.264935
v 0.724180 9.252043 7.095202
v 0.733270 9.290208 7.139104
v 0.705864 9.317033 7.215955
v 0.667420 9.301440 7.286823
v 0.676615 9.295109 7.198769
v 0.647724 9.274169 7.249520
v 0.619713 9.234403 7.270950
v 0.798066 9.160278 7.114938
v 0.620605 9.230850 7.252661
v 0.640515 9.265545 7.236621
v 0.591197 9.156961 7.246336
v 0.597282 9.149600 7.211197
v 0.693841 9.282345 7.145374
v 0.695922 9.252401 7.117163
v 0.689994 9.203121 7.115930
v 0.563629 9.087838 7.235451
v 0.584420 9.133811 7.214314
v 0.620852 9.125483 7.183587
v 0.608295 9.014935 7.182381
v 0.730431 9.192986 7.088332
v 0.676994 9.166645 7.128532
v 0.665907 9.180648 7.132666
v 0.721082 9.117363 7.092727
v 0.655188 9.137014 7.152000
v 0.665677 9.086867 7.122745
v 0.783201 9.077104 7.148631
v 0.601686 9.068389 7.163198
v 0.699051 9.040565 7.130641
v 0.629135 8.958991 7.207710
v 0.714424 8.992399 7.165410
v 0.635419 8.896287 7.222617
v 0.816495 9.035774 7.160571
v 0.746904 8.952946 7.185877
v 0.675349 8.835835 7.209074
v 0.863760 8.961207 7.132011
v 0.766241 8.883638 7.164974
v 0.661393 8.749111 7.184499
v 0.620858 8.688308 7.182019
v 0.738266 8.734402 7.100352
v 0.700267 8.788857 7.171179
v 0.744485 8.806480 7.134571
v 0.854508 8.925719 7.087755
v 0.922721 9.086212 7.051048
v 0.903825 9.040317 6.991337
v 0.844499 8.882852 7.027785
v 0.891850 8.985331 6.934840
v 0.974817 8.889839 6.879498
v 0.941178 9.073550 6.821983
v 1.002009 8.988712 6.750785
v 1.031486 8.795596 6.796303
v 1.063773 9.077529 6.621367
v 1.064564 8.872913 6.670455
v 1.106523 8.986292 6.527138
v 1.133246 9.130253 6.341983
v 1.094236 8.920316 6.472658
v 1.123283 9.230232 6.272149
v 1.138532 9.080950 6.283285
v 1.045265 8.812380 6.613890
v 1.147109 9.204437 6.094062
v 1.030216 8.887493 6.439439
v 1.189250 9.170086 5.889216
v 1.098095 9.046867 6.231717
v 1.123417 9.156608 6.063719
v 1.152048 9.163005 5.950338
v 1.080815 9.017137 6.202052
v 1.109694 9.140419 6.057395
v 1.193315 9.075968 5.671412
v 1.232357 8.891847 5.521758
v 1.380193 8.694220 5.363988
v 1.195521 8.680212 5.362334
v 1.162799 9.129712 5.916427
v 1.141961 9.138972 5.951116
v 1.116117 9.117078 6.053567
v 1.147377 9.089725 6.032423
v 1.195952 9.047293 5.740626
v 1.085869 8.990301 6.181508
v 1.187602 9.001315 5.804896
v 1.008536 8.822223 6.397928
v 0.981075 8.781095 6.580572
v 0.912889 8.679196 6.721431
v 0.944056 8.689535 6.532981
v 1.027976 8.761764 6.357203
v 1.134428 8.939669 6.175355
v 1.175956 8.940987 5.988149
v 1.013680 8.714763 6.765088
v 1.109050 8.854648 5.652461
v 1.107402 8.885080 5.578249
v 1.083692 8.666906 5.498728
v 1.042928 8.405394 5.491971
v 1.021379 8.434421 5.623800
v 1.139043 8.378611 5.301476
v 1.018645 8.123379 5.301600
v 1.027641 8.668100 5.611880
v 1.124211 8.796475 5.761239
v 1.007872 8.176538 5.520787
v 0.909103 8.060285 5.566543
v 0.894542 8.079238 5.288758
v 1.173979 8.912669 5.879714
v 1.117509 8.767059 5.905614
v 1.086967 8.618139 5.752011
v 1.000941 8.134148 5.717397
v 0.854052 7.926519 5.489580
v 0.773068 7.815583 5.562452
v 0.536341 7.721216 5.632218
v 0.454828 7.689512 5.838764
v 0.790777 7.825329 5.680040
v 0.624063 7.647183 5.961549
v 0.301402 7.629971 6.068923
v 0.959553 7.963919 5.794106
v 1.093432 8.110553 5.860740
v 0.808135 7.774528 5.863673
v 0.899316 7.790508 6.043010
v 1.095317 8.368009 5.790944
v 1.019699 7.946833 5.974778
v 1.083781 8.144169 6.016603
v 1.101359 8.549337 5.984715
v 1.103776 8.391238 6.045662
v 1.045000 7.985245 6.117787
v 1.083232 8.634455 6.109767
v 1.055217 8.196361 6.178377
v 1.032036 8.474527 6.243416
v 1.100590 8.704740 6.234627
v 1.153545 8.867735 6.105922
v 1.077064 8.742677 6.331788
v 1.033702 8.526313 6.384935
v 0.969963 8.276644 6.346632
v 0.977434 8.030701 6.281264
v 0.991986 8.567362 6.471706
v 0.916899 7.859219 6.215016
v 0.975753 8.337202 6.523109
v 0.955479 8.595089 6.483199
v 0.783545 7.672364 6.128623
v 0.940384 8.381084 6.604471
v 0.868341 8.571790 6.658292
v 0.819698 8.609073 6.871306
v 0.879433 8.443948 6.605154
v 0.796316 8.509350 6.757722
v 0.768063 8.334165 6.699275
v 0.620811 7.615093 6.269122
v 0.748679 7.753489 6.322421
v 0.504800 7.571835 6.168196
v 0.380509 7.543965 6.440605
v 0.202598 7.531271 6.333945
v 0.486357 7.621917 6.509273
v 0.314181 7.501602 6.686982
v 0.718156 7.805412 6.428261
v 0.416114 7.603770 6.781302
v 0.871526 7.891449 6.367946
v 0.266368 7.443010 6.906571
v 0.359863 7.547095 6.971312
v 0.924260 8.080235 6.411561
v 0.812529 7.927526 6.515932
v 0.917668 8.128878 6.546913
v 0.801103 7.995009 6.624147
v 0.664235 7.921003 6.666879
v 0.891263 8.200233 6.641037
v 0.767957 8.118659 6.701493
v 0.621980 8.045906 6.755923
v 0.850084 8.288629 6.692061
v 0.695531 8.244495 6.794442
v 0.646975 8.308444 6.803098
v 0.561118 8.286881 6.902624
v 0.695905 8.396182 6.786732
v 0.635714 8.383943 6.845937
v 0.735805 8.494682 6.837037
v 0.654010 8.494314 6.905654
v 0.744033 8.565274 6.890471
v 0.669100 8.581845 6.963281
v 0.686625 8.633445 7.018230
v 0.824284 8.638272 7.001527
v 0.564308 8.654823 7.115732
v 0.728118 8.663711 7.074936
v 0.906901 8.606906 6.898448
v 0.955890 8.645841 6.811735
v 0.998637 8.681613 6.823411
v 0.993803 8.630636 6.892928
v 0.911186 8.640195 6.959230
v 0.918327 8.713638 6.971864
v 0.835599 8.727887 7.033617
v 0.977104 8.726767 6.921519
v 1.008964 8.752970 6.866725
v 0.979521 8.803287 6.904738
v 0.929753 8.781204 6.971205
v 0.878851 8.830472 7.003208
v 0.053541 8.626178 8.156535
v 0.005145 8.628450 8.156323
v 0.078139 8.717492 8.166351
v 0.103699 8.614399 8.144387
v 0.139117 8.670185 8.138636
v 0.184505 8.621905 8.085783
v 0.185956 8.725337 8.101336
v 0.242566 8.630518 8.058581
v 0.293223 8.735224 8.011402
v 0.282000 8.621843 8.016430
v 0.298598 8.611263 7.947562
v 0.356359 8.620905 7.923744
v 0.416383 8.698031 7.862411
v 0.411368 8.617757 7.857772
v 0.467739 8.690745 7.734313
v 0.453243 8.580316 7.752911
v 0.481973 8.686851 7.658669
v 0.456397 8.573107 7.676567
v 0.495709 8.562301 7.624854
v 0.494147 8.588056 7.478909
v 0.552258 8.618463 7.400728
v 0.559352 8.737892 7.388568
v 4.948775 0.844786 4.960787
v 5.049521 0.977661 4.996096
v 4.904463 0.931146 4.888660
v 5.017329 1.009924 5.116657
v 5.011347 1.062377 4.951815
v 4.854683 1.041469 4.843745
v 5.058620 1.063615 5.114355
v 4.975015 1.158811 4.899555
v 4.926018 1.057911 5.221058
v 4.933262 1.009615 5.207130
v 5.041405 1.154747 5.080699
v 4.907685 1.436297 4.758105
v 4.937011 1.705189 4.531971
v 4.894784 1.149630 5.178729
v 4.831619 0.955840 5.263996
v 4.999849 1.249940 5.033243
v 4.743325 0.874821 5.244304
v 4.664887 0.981353 5.197022
v 4.764423 1.067403 5.230751
v 4.862628 1.247600 5.137664
v 4.709712 1.186962 5.156044
v 4.641449 1.486623 5.009123
v 4.796283 1.525671 4.991249
v 4.576116 1.781547 4.928155
v 4.945941 1.513054 4.912492
v 4.548721 2.037223 4.836391
v 4.365501 2.090235 4.781674
v 4.766317 1.798128 4.892592
v 4.951142 1.783245 4.806312
v 4.736415 2.072647 4.814627
v 4.704972 2.338320 4.774842
v 4.539287 2.206549 4.827739
v 4.918189 2.050503 4.702834
v 4.445847 2.242007 4.789209
v 4.435052 2.488402 4.834144
v 4.304357 2.163407 4.879767
v 4.261652 2.063727 4.819484
v 4.126894 1.950234 4.974952
v 4.309809 2.397765 4.890833
v 4.210011 2.086550 5.010303
v 4.230860 2.275464 5.020641
v 4.112687 2.372105 5.067113
v 4.157066 2.466308 4.987362
v 4.212580 2.610199 4.896575
v 3.978933 2.333460 4.976063
v 4.015755 2.437911 4.899077
v 3.877897 2.211514 4.947785
v 3.927391 2.349706 4.816839
v 3.970185 2.495941 4.694307
v 4.061372 2.580884 4.784605
v 4.094778 2.760418 4.608377
v 3.999676 2.705759 4.489048
v 4.180135 3.038788 4.396252
v 4.295472 2.790279 4.747242
v 4.366245 3.092935 4.536868
v 4.588984 3.132431 4.493704
v 4.556470 2.772142 4.700202
v 4.808047 2.774065 4.549630
v 4.793169 3.157626 4.374409
v 5.019452 2.704789 4.209267
v 4.981611 2.570496 3.885959
v 4.975379 3.000149 3.757186
v 4.948326 2.505617 4.474989
v 4.916977 2.292106 4.617792
v 5.006330 2.504785 4.301873
v 4.944355 2.014797 4.439738
v 5.036701 2.462401 4.136769
v 4.971406 2.255067 4.380312
v 5.015763 2.220202 4.176782
v 5.032722 1.999622 4.232244
v 4.957892 2.186416 4.000062
v 4.864070 2.831387 3.609729
v 4.757908 2.927451 3.449562
v 5.059586 1.722112 4.292607
v 4.944867 1.967317 4.084608
v 4.983133 1.670196 4.144862
v 4.810895 2.117202 3.821644
v 4.786335 2.496861 3.690636
v 4.774259 2.768626 3.568180
v 4.670897 2.776417 3.563229
v 4.536535 2.546971 3.713303
v 4.476627 2.876337 3.589491
v 4.829634 1.915762 3.938640
v 4.847282 1.733403 4.000887
v 4.614240 2.292572 3.722327
v 4.378679 2.566069 3.940781
v 4.465880 2.312650 3.843451
v 4.645881 2.070428 3.816754
v 4.686310 1.876300 3.932715
v 4.699384 1.687774 4.010059
v 4.521584 2.093008 3.956614
v 4.474776 2.147340 4.206371
v 4.568537 1.877782 4.074549
v 4.385614 2.361071 4.124537
v 4.223577 2.545627 4.095157
v 4.860698 1.627806 4.062137
v 4.244887 2.223552 4.338665
v 4.073111 2.659881 4.205919
v 4.141134 2.924575 4.022021
v 4.070364 2.984538 4.251274
v 4.009573 2.538749 4.333889
v 3.968182 2.378567 4.579071
v 4.120418 2.390992 4.289898
v 3.884162 2.236786 4.770772
v 4.047730 2.265051 4.519523
v 3.949719 2.146277 4.700615
v 3.868974 2.080801 4.912572
v 3.988554 1.943453 4.931421
v 3.973940 1.963046 5.027508
v 3.927186 2.036143 4.820734
v 4.158472 2.147607 4.557041
v 4.110682 1.950085 4.862187
v 4.010224 1.966469 4.837439
v 4.049636 2.040684 4.702118
v 4.170763 2.011563 4.752755
v 4.336451 2.126952 4.423804
v 4.392426 1.944250 4.474122
v 4.286078 2.098388 4.640839
v 4.356390 1.941064 4.685389
v 4.402541 1.946337 4.808867
v 4.344526 1.786321 4.653364
v 4.449994 1.739465 4.828654
v 4.513495 1.926617 4.279224
v 4.584577 1.682446 4.143653
v 4.518769 1.721118 4.328333
v 4.389920 1.734979 4.526979
v 4.440928 1.650938 4.606630
v 4.710325 1.591335 4.071412
v 4.565125 1.631352 4.397209
v 4.469343 1.524133 4.684145
v 4.692243 1.462719 4.512849
v 4.538637 1.447571 4.940361
v 4.636009 1.591797 4.206530
v 4.654940 1.422953 4.261293
v 4.791890 1.263976 4.193861
v 4.531049 1.377727 4.772688
v 4.636103 1.138567 5.088037
v 4.683358 1.307235 4.620426
v 4.603693 1.063256 4.952576
v 4.638183 0.870635 5.053090
v 4.928926 1.302122 4.180718
v 4.733442 1.002776 4.816785
v 4.740481 0.760173 5.137049
v 4.874864 0.737371 5.061985
v 4.825030 0.728380 5.019238
v 4.753683 0.815110 4.910455
v 4.802115 1.354128 4.694504
v 4.872177 1.548668 4.547154
v 4.712669 1.306512 4.486794
v 4.889781 1.120593 4.591769
v 4.757040 1.059128 4.543833
v 4.908286 0.993138 4.622799
v 4.706196 1.274194 4.333099
v 4.790571 0.900549 4.580470
v 4.950802 0.872349 4.625190
v 4.747944 1.020190 4.398151
v 4.841575 1.008434 4.280982
v 4.863350 0.760578 4.601490
v 4.935528 0.699347 4.584958
v 4.778377 0.825182 4.451600
v 4.846002 0.683131 4.496731
v 4.965913 0.677526 4.414438
v 4.922297 0.700707 4.371262
v 4.876155 0.836169 4.318912
v 5.015936 0.760015 4.337812
v 5.000494 0.905520 4.287904
v 5.097604 0.864628 4.361809
v 5.118953 0.887805 4.473803
v 4.974565 1.036505 4.259778
v 5.164329 0.945320 4.461071
v 5.063142 0.888574 4.571399
v 5.077389 0.993388 4.331791
v 5.069624 1.111751 4.311305
v 5.142625 1.059482 4.437566
v 5.060166 0.947300 4.585335
v 5.026674 1.360958 4.250739
v 5.025356 1.064664 4.568243
v 5.106729 1.185628 4.408628
v 5.076402 1.445332 4.349465
v 4.999768 1.188693 4.543324
v 4.880188 1.378373 4.525983
v 4.958868 1.436482 4.484770
v 4.088482 3.239805 3.807988
v 3.966334 3.710399 3.856603
v 4.140165 3.195134 3.626400
v 4.236585 2.885346 3.863093
v 4.383001 2.886455 3.736856
v 3.882664 3.609094 3.640870
v 3.908453 3.542536 3.423630
v 3.595967 4.025315 3.446969
v 4.283464 3.199413 3.514210
v 3.319444 4.490068 3.212853
v 3.348388 5.042302 3.192943
v 4.072603 3.544704 3.245428
v 4.455197 3.197232 3.386037
v 3.615941 3.936289 3.176855
v 3.154514 4.902886 3.019765
v 2.945108 5.318295 2.895685
v 3.765147 3.902586 2.932239
v 3.336241 4.408441 2.932120
v 3.124548 4.823357 2.749160
v 2.902329 5.238326 2.595444
v 3.495953 4.372594 2.664639
v 3.317343 4.864084 2.421147
v 4.283527 3.560429 3.138242
v 4.652343 3.262027 3.339632
v 4.049672 3.975533 2.814218
v 3.825783 4.471161 2.471464
v 3.375085 5.077948 2.219822
v 3.452213 5.311688 1.979618
v 3.677416 4.882083 2.241901
v 3.564384 5.102011 2.113293
v 3.747525 5.217422 2.145236
v 3.835027 5.609126 2.218289
v 3.970075 5.119156 2.339364
v 3.994312 5.757925 2.419293
v 4.158769 4.617649 2.532037
v 4.215586 5.290529 2.579494
v 3.981554 5.827736 2.797378
v 4.337687 4.075469 2.809696
v 4.361943 4.801587 2.791130
v 4.247068 5.395311 2.965356
v 4.494861 3.636179 3.099254
v 4.082633 5.401635 3.307844
v 4.426779 4.928826 3.161800
v 4.558174 4.260956 3.054446
v 3.802498 5.327470 3.475922
v 3.602936 5.689201 3.251967
v 4.689207 3.790611 3.327563
v 4.267277 4.957778 3.495661
v 4.571913 4.386049 3.394951
v 3.600507 5.192865 3.384162
v 3.436219 5.555062 3.218795
v 3.534023 5.137176 3.337753
v 3.307781 5.525778 3.312374
v 3.227139 5.482223 3.175337
v 3.712999 4.917923 3.521179
v 3.973358 4.892933 3.672470
v 3.427721 5.093053 3.280231
v 3.607886 4.668921 3.420805
v 3.610363 4.825807 3.425523
v 3.671137 4.850036 3.479270
v 3.711346 4.741108 3.545816
v 3.775329 4.165170 3.646170
v 3.902658 4.275295 3.831903
v 4.168878 4.385467 3.859357
v 4.097600 3.811664 4.031029
v 4.064683 3.307597 4.079785
v 4.434882 4.438406 3.701230
v 4.349626 3.917645 4.068560
v 4.158056 3.376323 4.216675
v 4.303102 3.441505 4.312916
v 4.505107 3.479186 4.292857
v 4.736466 3.917272 3.634517
v 4.604398 3.968789 3.933423
v 4.738389 3.522886 4.172994
v 4.971998 3.110899 4.042831
v 4.868719 3.469203 3.866136
v 4.841502 3.355232 3.539562
v 4.807928 3.118867 3.474814
v 4.862249 2.971365 3.550536
v 4.720639 3.092325 3.401340
v 4.618207 2.898109 3.485258
v 4.605813 3.040077 3.419760
v 4.936689 0.484881 4.562699
v 4.982001 0.536680 4.618597
v 5.071382 0.735149 4.601123
v 4.996455 0.799241 4.612659
v 4.962245 0.335542 4.640130
v 4.902249 0.268303 4.620827
v 5.145100 0.721348 4.514616
v 5.110577 0.496728 4.555143
v 5.086083 0.825592 4.400095
v 5.060086 0.532894 4.623411
v 5.093519 0.664837 4.428748
v 5.020715 0.724658 4.394767
v 4.994607 0.306183 4.600415
v 4.946146 0.309021 4.569665
v 4.988584 0.476161 4.498589
v 4.903577 0.646899 4.507680
v 5.076949 0.490686 4.495996
v 3.919317 1.850937 5.138851
v 4.117055 2.016516 5.040647
v 4.012479 1.864494 5.195659
v 4.035765 1.939298 5.255846
v 4.174819 2.237907 5.047452
v 3.848149 1.672557 5.224927
v 4.090617 2.303302 5.052892
v 3.887384 1.663329 5.266456
v 3.813501 1.627644 5.295350
v 3.861731 1.744188 5.324574
v 3.791309 1.690870 5.274586
v 3.890688 2.010724 5.240166
v 3.860286 1.947972 5.174872
v 3.884187 2.091682 5.015433
v 3.988343 2.279896 5.009595
v 4.019075 2.114162 5.230524
v 3.921081 1.891868 5.315539
v 1.588850 6.519625 -0.567012
v 1.668675 6.307630 -0.820763
v 1.579157 6.736432 -0.109236
v 1.676433 6.580797 -0.676627
v 1.859973 6.350906 -0.796282
v 1.766701 6.716229 -0.854282
v 1.612264 7.228289 -0.921191
v 1.707433 7.021383 -0.576638
v 1.803932 7.250771 -0.494448
v 1.638304 6.823020 -0.266827
v 1.703134 6.891425 0.159904
v 1.654510 6.836005 0.592222
v 1.687002 7.085187 -0.169393
v 1.976273 7.246022 -1.120756
v 1.704723 7.241447 -1.019361
v 1.744465 7.941733 -1.492072
v 1.759104 7.669136 -1.193559
v 2.305637 7.209925 -1.453315
v 2.540795 6.485725 -1.655321
v 1.754788 6.967959 0.600355
v 1.669342 7.039310 1.069678
v 1.598108 6.924750 1.069310
v 1.777184 6.997064 0.156176
v 1.808368 7.136536 0.570914
v 1.868150 7.278643 -0.122243
v 1.469121 7.108828 1.568448
v 1.320760 6.947249 2.004004
v 1.458403 7.181475 1.967047
v 1.531229 7.318762 1.621950
v 1.614395 7.711004 1.807777
v 1.662858 7.253834 1.304209
v 1.714156 7.573207 1.456382
v 1.770677 8.023945 1.734643
v 1.748326 7.216040 0.984740
v 1.814305 7.403556 0.909322
v 1.869373 7.854008 1.330743
v 1.858645 7.306774 0.508352
v 1.928413 7.699112 0.792515
v 1.851709 7.196498 0.174344
v 1.932418 8.212449 1.193036
v 2.017729 7.966793 0.614621
v 1.961750 7.592898 0.323557
v 2.029613 7.836850 -0.030480
v 1.884679 7.348864 0.200395
v 1.906429 7.416105 0.045358
v 1.937507 7.582278 -0.157555
v 1.892238 7.459728 -0.354769
v 1.942310 8.453875 1.091116
v 2.049468 8.263245 0.432159
v 1.875840 7.704858 -0.544629
v 1.904032 9.073641 1.283366
v 1.802905 9.521636 1.166549
v 1.695274 7.522622 -0.761955
v 1.872912 8.009973 -0.662233
v 1.970909 8.727564 0.858271
v 1.692931 7.841550 -0.923913
v 2.047783 8.171719 -0.196064
v 1.988966 8.555623 0.267852
v 1.988624 8.574082 -0.349074
v 1.903971 9.189181 0.930004
v 1.593609 7.662339 -1.130204
v 1.834764 8.386240 -0.838495
v 1.706351 8.252127 -1.100125
v 1.713521 8.061908 -1.333074
v 1.534954 8.525374 -1.552293
v 1.622355 8.668344 -1.260958
v 1.792921 8.996725 -0.574939
v 1.697626 8.795996 -1.013890
v 1.924173 8.864233 -0.159298
v 1.944676 8.873857 0.158765
v 1.890288 9.216693 0.053752
v 1.951749 9.025963 0.664687
v 1.883684 9.344150 0.539782
v 1.828658 9.080791 -0.329857
v 1.782853 9.334545 -0.317058
v 1.604516 9.438620 -0.676735
v 1.442325 9.250001 -1.180170
v 1.839137 9.462704 0.907450
v 1.739130 9.656900 0.730248
v 1.732019 9.637172 0.463840
v 1.769106 9.498822 -0.051778
v 1.530623 9.914807 0.446887
v 1.577454 9.737908 -0.170962
v 1.511313 9.928977 0.983844
v 1.290805 10.007150 -0.254366
v 1.685536 9.549732 1.462831
v 1.287637 9.792623 -0.808999
v 1.012595 10.071241 -0.851656
v 0.963724 9.867782 -1.312747
v 0.733261 10.091260 -1.379943
v 0.441441 10.226609 -1.440147
v 0.005146 10.203182 -1.862370
v 0.749230 9.942944 -1.655364
v 0.405211 10.048910 -1.836519
v 0.005146 10.065386 -2.162506
v 1.223120 9.570226 -1.222699
v 0.962494 9.722383 -1.602685
v 1.153949 9.453330 -1.482320
v 0.704638 9.827845 -1.801463
v 1.208564 9.202409 -1.592494
v 0.925597 9.606771 -1.734792
v 1.149239 9.148051 -1.788482
v 0.904976 9.477273 -1.890255
v 0.682986 9.692198 -2.062080
v 0.999968 9.504236 -2.125049
v 1.231006 9.104939 -2.019257
v 1.476787 8.540052 -1.803356
v 1.238323 8.997737 -2.369254
v 1.583812 8.462101 -2.109207
v 0.381582 9.916447 -2.125473
v 0.340682 9.795850 -2.477481
v 0.005146 9.915148 -2.516915
v 0.570745 9.740542 -2.234519
v 0.749555 9.697865 -2.270474
v 1.029009 9.326965 -2.536296
v 0.576927 9.718782 -2.452708
v 0.349449 9.720441 -2.824848
v 0.005146 9.815872 -2.854211
v 0.799484 9.577743 -2.690189
v 0.653270 9.652990 -2.770493
v 1.261477 8.845084 -2.615577
v 0.332211 9.602221 -3.281636
v 0.005146 9.716246 -3.330924
v 0.633764 9.510313 -3.232677
v 1.006749 9.121959 -3.078310
v 0.306278 9.369626 -3.849663
v 0.801283 9.392153 -3.156924
v 0.655637 9.278492 -3.803698
v 0.246565 8.966785 -4.413038
v 0.005146 9.072541 -4.473835
v 0.603243 8.865802 -4.369184
v 0.768687 9.124985 -3.772397
v 0.220925 8.640547 -4.845668
v 0.552074 8.458515 -4.777412
v 0.218999 8.317545 -5.282275
v 0.261489 7.982384 -5.709656
v 0.587558 8.031746 -5.171128
v 0.889663 8.215912 -4.695007
v 0.696934 7.661044 -5.594371
v 0.756347 8.800868 -4.254962
v 0.968109 7.733359 -5.060681
v 0.911473 8.593013 -4.178984
v 1.161433 7.433735 -4.944552
v 0.993675 8.835479 -3.713781
v 1.364424 6.891750 -4.716027
v 1.211247 6.571836 -5.077210
v 1.365278 6.411141 -4.517637
v 1.165815 6.190774 -4.861611
v 1.291616 6.036618 -4.223149
v 1.238583 5.730215 -3.880834
v 1.761316 6.305270 -3.813121
v 1.793674 5.897768 -3.507640
v 1.667126 6.777121 -4.080488
v 1.531927 7.296320 -4.321232
v 1.964280 6.591206 -3.315002
v 2.071207 6.141918 -3.028985
v 1.823048 7.103293 -3.619241
v 1.236048 7.799473 -4.528984
v 2.124130 6.738215 -3.028285
v 1.624523 7.657924 -3.866214
v 1.270435 8.214773 -4.036561
v 1.946051 7.283363 -3.314853
v 2.304813 6.909564 -2.679837
v 2.475673 6.377789 -2.400712
v 1.635492 7.835858 -3.599834
v 1.302259 8.305981 -3.740028
v 2.078249 7.460190 -2.946651
v 2.350490 7.061529 -2.225405
v 1.719120 8.077791 -3.227871
v 2.052775 7.642163 -2.469306
v 1.182583 8.773505 -3.484054
v 2.336349 7.138440 -1.912753
v 1.415969 8.511402 -3.413256
v 1.150415 8.911243 -3.164308
v 2.037932 7.774036 -2.136527
v 1.976273 7.856664 -1.777115
v 1.694668 8.286901 -2.699761
v 1.356963 8.691864 -2.916371
v 1.650536 8.371643 -2.413594
v 0.679791 9.251318 7.125172
v 0.679423 9.204671 7.124727
v 0.660140 9.324409 7.084814
v 0.681164 9.274930 7.152552
v 0.580307 9.380496 7.202238
v 0.665266 9.285608 7.193060
v 0.555249 9.376810 7.012933
v 0.414903 9.308265 7.022705
v 0.491832 9.393305 7.149515
v 0.534336 9.317797 7.255510
v 0.606393 9.198795 7.248419
v 0.414285 9.285482 7.202375
v 0.498117 9.232000 7.255143
v 0.599741 9.164968 7.238385
v 0.491716 9.114450 7.167946
v 0.405960 9.161800 7.115167
v 0.477034 9.151939 7.006269
v 0.574211 9.259080 6.949689
v 0.658026 9.227135 7.049992
v 0.541316 9.097016 7.073577
v 0.615377 9.148256 7.177013
v 0.640719 9.158329 7.154783
v 0.240210 8.861546 8.068429
v 0.187838 8.858421 8.026643
v 0.139492 8.822926 8.025502
v 0.153322 8.791332 8.103305
v 0.134123 8.724080 8.133189
v 0.176573 8.847048 8.100235
v 0.156758 8.799845 8.124669
v 0.172399 8.861159 8.116664
v 0.223410 8.892649 8.075959
v 0.219918 8.880767 8.068269
v 0.220640 8.871119 8.056005
v 0.252284 8.895946 8.057809
v 0.251982 5.222450 5.214373
v 0.274740 5.217494 5.234870
v 0.393221 5.332337 5.170504
v 0.379935 5.372846 5.301127
v 0.496505 5.473126 5.222963
v 0.205485 5.237408 5.278424
v 0.315627 5.410520 5.346163
v 0.294573 5.580647 5.292368
v 0.482019 5.517358 5.346399
v 0.561163 5.602385 5.290713
v 0.397853 5.565924 5.379038
v 0.481686 5.668109 5.346633
v 0.498598 5.823956 5.146345
v 0.575054 5.803193 5.176890
v 0.592356 5.945431 5.028711
v 0.639106 5.741817 5.151483
v 0.690832 5.772200 4.998337
v 0.665461 5.932806 5.068657
v 0.717692 5.857750 5.035855
v 0.829686 6.009367 4.937869
v 0.882641 5.965306 4.926086
v 0.764320 5.811999 4.912002
v 0.751860 5.738107 4.972783
v 0.763723 6.067940 4.965685
v 0.661370 6.061186 4.935736
v 0.757430 6.151942 4.884445
v 0.826896 6.129621 4.905323
v 0.872505 6.209846 4.821357
v 0.969047 6.149203 4.814564
v 0.902211 6.054449 4.898110
v 1.001186 6.006514 4.877247
v 1.062604 5.997378 4.739596
v 1.037787 5.954093 4.830632
v 0.994503 5.829875 4.871933
v 0.989288 5.860892 4.644806
v 0.967264 5.916282 4.924672
v 0.832976 5.773325 5.025581
v 0.908751 5.748052 5.027507
v 0.805420 5.657547 5.121922
v 0.725380 5.640595 5.061506
v 0.670698 5.548101 5.139243
v 0.761707 5.553701 5.216143
v 0.604355 5.443119 5.154524
v 0.873657 5.625777 5.125793
v 0.667226 5.384981 5.241857
v 0.941191 5.689116 4.970772
v 0.885614 5.628896 4.878209
v 0.830198 5.502877 5.213704
v 0.918679 5.568142 5.060249
v 0.884520 5.446739 5.137390
v 0.603889 5.288146 5.224859
v 0.735867 5.343191 5.244156
v 0.668237 5.249808 5.225928
v 0.941005 5.740240 4.796078
v 0.813977 5.773671 4.776442
v 0.790728 5.306680 5.177508
v 0.747011 5.842007 4.784297
v 0.690105 5.947995 4.666385
v 0.758530 5.303094 5.049364
v 0.719482 5.221231 5.166579
v 0.825225 5.405368 5.006588
v 0.637092 5.359753 5.022027
v 0.697393 5.228682 5.058946
v 0.657322 5.127337 5.148006
v 0.852593 5.511447 4.952265
v 0.733363 5.570081 4.929688
v 0.694360 5.467778 4.985918
v 0.602787 5.151131 5.219404
v 0.774212 5.658385 4.867975
v 0.561628 5.330953 5.155080
v 0.750071 5.831611 4.925052
v 0.590074 5.291584 5.030018
v 0.481634 5.247127 5.138771
v 0.652921 5.875326 4.799161
v 0.640878 5.149270 5.044809
v 0.545119 5.223131 5.028140
v 0.574270 4.998286 5.142138
v 0.462063 5.096701 4.965903
v 0.320719 5.033967 5.030371
v 0.562596 5.025511 5.017883
v 0.375191 4.971887 4.970238
v 0.348965 4.948800 4.989584
v 0.465097 4.928289 5.015646
v 0.478959 4.903670 5.126923
v 0.509879 5.013435 5.219173
v 0.415753 4.920564 5.186571
v 0.397427 4.922450 5.162461
v 0.351950 5.008286 5.169654
v 0.529710 5.198432 5.203690
v 0.430683 5.099040 5.194426
v 0.379097 5.152817 5.071889
v 0.205101 5.247507 5.086503
v 0.208856 5.187376 5.092615
v 0.146638 5.232804 5.090763
v 0.178621 5.171372 5.044971
v 0.122039 5.218346 5.148023
v 0.157136 5.286820 5.208274
v 0.141864 5.173580 5.160817
v 0.196977 5.239865 5.242430
v 0.139058 5.200181 5.039722
v 0.102813 5.173405 5.077436
v 0.122248 5.185249 4.976177
v 0.136444 5.186980 4.923819
v 0.108526 5.170439 4.976197
v 0.116928 5.148582 4.977766
v 0.115688 5.143399 5.078475
v 0.135091 5.148744 4.969877
v 0.151597 5.162476 4.962303
v 0.151730 5.137015 5.068770
v 0.183541 5.161443 5.140551
v 0.251512 5.218976 5.134175
v 1.062059 2.541399 -3.562215
v 1.048315 2.259847 -3.639479
v 0.935061 2.025543 -3.380455
v 1.049729 1.988632 -3.611862
v 1.199667 2.221180 -3.801312
v 0.959167 1.764332 -3.544107
v 0.904461 1.855712 -3.381334
v 1.342722 2.187815 -3.970733
v 1.213600 1.929189 -3.668458
v 0.895396 1.567769 -3.454007
v 0.825577 1.662134 -3.312622
v 0.817795 1.318791 -3.387837
v 1.080034 1.499572 -3.391017
v 0.977495 1.272356 -3.352580
v 0.951426 1.290865 -3.274697
v 1.392490 1.716529 -3.708862
v 1.399284 1.239275 -3.522199
v 1.385401 0.932682 -3.503952
v 1.276378 0.940023 -3.329101
v 1.588078 2.072690 -4.036992
v 1.585178 1.690083 -3.839124
v 1.599201 1.215730 -3.633324
v 1.419424 2.317730 -4.114133
v 1.424205 2.525861 -4.105196
v 1.609041 2.526540 -4.142834
v 1.587709 2.293388 -4.137571
v 1.757464 2.298803 -4.104273
v 1.795127 2.500020 -4.092201
v 1.846486 2.141833 -3.950868
v 2.063050 2.107689 -3.719296
v 2.086480 2.452617 -3.739021
v 1.816999 1.717631 -3.749475
v 2.184089 2.100170 -3.423188
v 1.816178 1.232837 -3.557238
v 2.021468 1.703747 -3.599182
v 2.122706 2.075871 -3.081163
v 2.107177 2.353815 -3.066591
v 1.953301 2.070434 -2.818423
v 1.927921 1.815320 -2.828247
v 1.751910 2.304013 -2.615926
v 1.735239 2.069417 -2.649615
v 2.114328 1.828340 -3.074830
v 2.089144 1.743160 -3.316943
v 2.006803 1.245120 -3.460908
v 1.506942 2.089978 -2.742443
v 1.732058 1.854199 -2.628837
v 1.487501 1.831134 -2.746087
v 1.265990 2.151605 -2.910703
v 1.013191 2.479383 -3.253736
v 0.957869 2.226612 -3.294190
v 1.865792 0.953748 -3.493517
v 1.247924 1.914567 -2.884501
v 1.602515 0.928576 -3.585489
v 1.457888 0.721777 -3.485168
v 1.623265 0.674244 -3.504484
v 1.653062 0.521406 -3.353855
v 1.654121 0.276945 -3.220937
v 1.668779 0.127287 -3.150390
v 1.943650 0.085331 -3.231958
v 1.865639 0.295909 -3.202850
v 1.855595 0.574212 -3.309022
v 2.136442 0.349613 -3.097986
v 2.106096 0.661729 -3.205476
v 2.196138 0.066995 -3.152036
v 1.805946 0.708009 -3.481691
v 2.017074 0.921314 -3.434717
v 2.314566 0.367906 -3.029541
v 2.118040 1.024229 -3.180934
v 2.492689 0.348487 -2.962195
v 2.068768 1.312123 -3.219083
v 2.125730 1.608168 -3.049579
v 2.720859 0.309184 -2.829810
v 2.781393 0.060316 -2.840357
v 2.164816 1.380090 -2.999753
v 2.005181 1.608247 -2.885418
v 2.056817 1.370124 -2.860181
v 2.216534 1.151567 -2.941855
v 2.925525 0.265304 -2.634135
v 2.957826 0.260494 -2.567743
v 2.986388 0.142389 -2.492084
v 2.891092 0.383845 -2.577126
v 2.854556 0.451724 -2.616559
v 2.209830 0.985012 -3.080172
v 2.656260 0.534159 -2.747590
v 2.826818 0.515288 -2.509608
v 2.610353 0.600367 -2.632693
v 2.449726 0.618233 -2.884717
v 2.285951 0.776593 -3.078811
v 2.424732 0.726519 -2.751596
v 2.254867 0.902474 -3.068595
v 2.256838 1.053512 -2.921539
v 2.281934 0.965548 -2.890460
v 2.301891 0.874129 -2.855076
v 2.337420 0.663716 -2.632138
v 2.552418 0.551534 -2.511092
v 2.227993 0.978062 -2.783399
v 2.219452 1.070923 -2.803914
v 2.181243 0.845097 -2.690329
v 2.141280 1.125196 -2.781440
v 2.703963 0.455243 -2.386175
v 2.699187 0.235636 -2.286625
v 2.509882 0.324405 -2.402962
v 2.871086 0.116514 -2.275644
v 2.496915 0.055522 -2.322769
v 2.332173 0.046905 -2.472615
v 2.319403 0.398892 -2.540235
v 2.234920 0.097119 -2.464075
v 2.129168 0.463313 -2.643951
v 2.044106 0.483306 -2.606329
v 2.173171 0.094533 -2.448584
v 2.078873 0.864008 -2.580547
v 2.025314 0.842226 -2.427600
v 2.022128 0.446265 -2.403375
v 2.150778 0.113764 -2.340589
v 2.141989 0.399244 -2.125641
v 2.183978 0.117118 -2.013854
v 2.064754 0.670901 -2.101416
v 2.209664 0.290452 -1.821100
v 2.123608 0.513739 -1.774111
v 2.231487 0.264632 -1.521602
v 2.280054 0.059527 -1.401512
v 2.163918 0.427951 -1.505062
v 1.993715 0.619091 -1.705921
v 2.037047 0.515440 -1.424227
v 1.899632 0.390362 -1.433652
v 1.915819 0.794365 -1.976563
v 1.818010 0.555808 -1.673837
v 1.861465 0.439227 -1.451186
v 1.862424 0.973221 -2.150374
v 1.793549 0.242033 -1.402282
v 1.851351 0.251209 -1.358724
v 1.805290 0.063043 -1.300720
v 1.911490 0.111936 -1.253377
v 1.651818 0.039618 -1.583573
v 1.693619 0.278265 -1.625491
v 1.600121 0.111990 -1.902172
v 1.628486 0.406670 -1.925001
v 1.742478 0.689655 -1.959110
v 1.604894 0.914667 -2.236878
v 1.553890 0.511881 -2.262696
v 1.439822 0.169025 -2.356409
v 1.459412 0.526932 -2.510877
v 1.385538 0.109683 -2.345281
v 1.445703 0.894905 -2.394312
v 1.338778 0.890662 -2.431336
v 1.356164 0.500029 -2.470008
v 1.236289 0.435279 -2.303345
v 1.299455 0.064797 -2.257051
v 1.179227 0.661913 -2.361923
v 1.116054 0.306258 -2.094168
v 1.035135 0.486311 -2.155049
v 0.967721 0.244778 -1.941393
v 0.959080 0.065044 -1.877475
v 0.909767 0.399496 -1.973582
v 0.755292 0.449775 -2.002098
v 0.770393 0.381265 -1.990744
v 0.698670 0.348451 -2.069049
v 0.913168 0.556118 -2.216579
v 1.040653 0.733401 -2.399854
v 1.116006 0.855741 -2.518570
v 0.936211 0.658082 -2.486938
v 0.984843 0.705867 -2.669416
v 0.808021 0.501836 -2.298570
v 0.668837 0.409733 -2.092149
v 0.766518 0.281637 -2.369862
v 0.636162 0.228767 -2.135893
v 0.679453 0.008427 -2.316480
v 0.787798 0.014149 -2.446182
v 0.890720 0.335704 -2.573775
v 0.982509 0.363184 -2.739640
v 1.230660 0.233035 -3.032476
v 1.168534 0.075897 -3.043122
v 1.412439 0.329927 -3.241995
v 1.017217 0.434205 -2.897168
v 1.259050 0.402529 -3.193907
v 1.413825 0.597586 -3.338808
v 1.132611 0.392402 -3.046427
v 1.261646 0.603255 -3.237939
v 1.083381 0.582327 -3.081311
v 1.222776 0.795682 -3.220458
v 1.136451 0.972870 -3.109593
v 1.267974 1.281960 -3.346201
v 1.015741 0.617486 -2.867694
v 1.126629 0.820884 -3.093025
v 1.067966 0.810468 -2.921644
v 1.015011 0.865229 -2.722309
v 1.091366 1.037000 -2.846125
v 1.027264 0.900388 -2.636920
v 1.063301 1.006042 -2.689285
v 1.095781 0.961109 -2.521765
v 1.114219 1.067674 -2.578549
v 1.146113 1.176717 -2.648043
v 1.230871 0.966104 -2.483977
v 1.230114 1.061170 -2.532225
v 1.338101 1.126598 -2.576032
v 1.184922 1.388485 -2.740156
v 1.149159 1.278816 -2.967469
v 1.140387 1.279576 -3.208815
v 1.124718 1.681873 -3.149272
v 1.158289 1.567873 -3.286368
v 1.222252 1.652579 -3.446277
v 1.215579 1.666509 -2.826987
v 1.477721 1.150428 -2.527576
v 1.356183 1.368161 -2.683131
v 1.396868 1.607798 -2.757999
v 1.603741 1.214761 -2.408047
v 1.097580 1.498482 -3.271930
v 1.023429 1.586946 -3.170726
v 1.015998 1.364456 -3.234020
v 0.927654 1.387637 -3.190727
v 0.963230 1.444773 -3.141158
v 0.877419 1.673959 -3.151041
v 0.833027 1.483114 -3.142953
v 0.781718 1.449188 -3.268416
v 0.961349 1.851923 -3.231658
v 0.982147 1.970630 -3.233377
v 1.046920 1.982215 -3.169914
v 1.495593 1.532104 -2.692483
v 1.495410 1.362215 -2.627453
v 1.580131 1.627853 -2.653323
v 1.598933 1.432080 -2.530047
v 1.739727 1.662628 -2.589705
v 1.770539 1.479498 -2.505952
v 1.810546 1.295082 -2.382614
v 1.867490 1.615736 -2.721887
v 1.891482 1.420093 -2.640772
v 1.928775 1.540565 -2.803319
v 1.940480 1.356802 -2.769855
v 1.995198 1.117832 -2.681706
v 1.929447 1.210616 -2.516317
v 1.928922 1.139615 -2.421984
v 1.972959 1.013335 -2.401970
v 1.835329 1.192718 -2.311979
v 1.852742 1.064051 -2.223029
v 1.686447 1.171313 -2.311863
v 1.679521 1.066931 -2.263905
v 1.876650 -0.014018 -1.998145
v 2.306006 0.044540 -1.774809
v 1.962849 -0.076152 -1.650567
v 2.049641 -0.005826 -1.269417
v 2.217766 0.115915 -1.315541
v 2.051040 0.061313 -1.218478
v 2.968695 0.064872 -2.361459
v 2.783787 0.049821 -2.241062
v 2.933196 -0.021232 -2.381308
v 2.999142 0.066798 -2.599976
v 2.636657 -0.048086 -2.573162
v 2.436492 0.075416 -2.933578
v 2.357538 -0.003450 -2.703166
v 2.305716 0.052459 -2.993911
v 2.252060 -0.018237 -2.760390
v 2.107608 -0.020324 -2.597422
v 2.057117 -0.040759 -2.860249
v 1.779453 -0.004394 -2.558791
v 1.819170 0.069794 -2.299903
v 1.511503 0.117972 -2.244498
v 2.015766 -0.026792 -3.118325
v 1.408305 0.001978 -2.520930
v 1.727147 0.019776 -2.841002
v 1.679446 0.051211 -3.023736
v 1.389056 0.054883 -3.168173
v 1.398685 -0.041747 -2.774511
v 1.376358 -0.029546 -3.038276
v 1.038725 0.055131 -2.770234
v 1.206384 0.008138 -2.602836
v 0.838331 0.023470 -2.612505
v 1.059232 -0.055366 -2.432904
v 1.010402 -0.044768 -2.353625
v 0.868299 -0.061479 -2.172265
v 1.196685 0.048638 -2.207788
v 1.096619 0.042892 -1.980084
v 0.619998 0.049549 -2.097022
v 0.770181 -0.021313 -1.967713
v 0.734801 0.048474 -1.921485
v 3.070496 0.071472 -2.161413
v 3.185943 0.112467 -2.268986
v 3.201516 0.035720 -2.060767
v 3.255489 0.047202 -2.130625
v 3.262859 0.034655 -2.045284
v 3.083613 0.303485 -2.399618
v 2.828873 0.458479 -2.494359
v 3.214825 0.191218 -2.234600
v 3.043637 0.342998 -2.316892
v 2.747979 0.416697 -2.399559
v 3.273141 0.076026 -2.093287
v 3.176996 0.219456 -2.171716
v 2.947609 0.303839 -2.264884
v 2.790402 0.241208 -2.291941
v 3.096559 0.196016 -2.148872
v 3.211178 0.080146 -2.045276
v 3.256002 0.074983 -2.051978
v 2.209540 0.143974 -1.060616
v 2.122435 0.052480 -0.829245
v 2.191007 0.296219 -1.263738
v 2.197655 0.229380 -1.405095
v 2.141315 0.370647 -1.461308
v 2.202716 0.060615 -0.855410
v 2.164043 0.041144 -0.807447
v 2.203237 0.095471 -0.856555
v 2.094908 0.375944 -1.214805
v 2.137713 0.276960 -1.013631
v 1.958263 0.305633 -1.200925
v 2.044692 0.439643 -1.428698
v 2.027699 0.144359 -1.010625
v 2.212638 0.207146 -1.045974
v 2.160830 0.090253 -0.819312
v 2.120785 0.094428 -0.834583
v 2.043345 0.223782 -0.984758
v 0.665307 0.106713 -2.027644
v 0.609701 0.090857 -1.836873
v 0.751284 0.119202 -1.761321
v 0.848609 0.103189 -1.875758
v 0.751548 0.211970 -1.760098
v 0.886299 0.230301 -1.918055
v 0.861997 0.342082 -1.964441
v 0.572017 0.056360 -1.631051
v 0.633801 0.046802 -1.596039
v 0.594235 0.057019 -1.582532
v 0.637988 0.098657 -1.601868
v 0.713977 0.324454 -1.853154
v 0.605192 0.232516 -1.836155
v 0.656933 0.220310 -2.087138
v 0.641399 0.229710 -1.713871
v 0.571256 0.101775 -1.635790
v 0.595196 0.094482 -1.595057
v 0.825141 1.022227 -3.280351
v 0.856871 1.421180 -3.182340
v 0.802067 1.393293 -3.258276
v 0.826802 1.299350 -3.325465
v 0.005144 8.034550 7.018359
v 0.120456 8.012389 6.803822
v 0.005144 7.979756 6.946606
v 0.129505 8.090497 6.873152
v 0.005144 8.030785 7.148767
v 0.243043 8.189889 6.790888
v 0.242336 8.122308 6.693483
v 0.096864 8.068687 7.086365
v 0.315498 8.324669 6.682641
v 0.344073 8.403077 6.533095
v 0.329941 8.450337 6.375215
v 0.352807 8.358734 6.252715
v 0.352333 8.520163 6.583012
v 0.349940 8.423230 6.783593
v 0.315334 8.327953 6.920169
v 0.279220 8.235976 7.054588
v 0.295040 8.376098 6.946653
v 0.325152 8.476733 6.800584
v 0.279276 8.474678 6.254344
v 0.314315 8.569223 6.394461
v 0.261523 8.474029 6.062063
v 0.227824 8.576800 6.164266
v 0.322161 8.576855 6.590777
v 0.083571 8.584456 5.949646
v 0.281130 8.623508 6.406132
v 0.140174 8.642117 6.147898
v 0.005144 8.638676 6.155390
v 0.188218 8.618855 6.152315
v 0.229720 8.653686 6.415225
v 0.005144 8.618089 6.423632
v 0.005144 8.551129 6.596677
v 0.269798 8.609400 6.590674
v 0.275256 8.512752 6.801057
v 0.005144 8.466190 6.771931
v 0.248558 8.408306 6.958839
v 0.263855 8.281927 7.083080
v 0.219204 8.316015 7.097930
v 0.005144 8.295382 7.085204
v 0.231955 8.153482 7.191440
v 0.224120 8.197129 7.221222
v 0.185288 8.231947 7.240846
v 0.005144 8.224352 7.239221
v 0.173081 8.093097 7.327756
v 0.144918 8.162469 7.361923
v 0.005144 8.177784 7.396103
v 0.171672 8.130756 7.345423
v 0.081068 8.032949 7.290986
v 0.097244 8.109637 7.475106
v 0.101244 8.047888 7.452634
v 0.053917 8.019738 7.433973
v 0.109125 8.081292 7.463238
v 0.047681 8.036343 7.511159
v 0.005144 8.034185 7.528286
v 0.051833 8.056548 7.530914
v 0.048996 8.080961 7.538131
v 0.005144 8.078266 7.545904
v 0.436966 8.199214 6.975756
v 0.547942 8.149981 6.953529
v 0.496076 8.164188 7.011744
v 0.408146 8.148400 7.024712
v 0.475920 8.149788 7.046803
v 0.524365 8.060764 7.032001
v 0.468761 8.100105 7.075925
v 0.391789 8.079261 7.083278
v 0.452093 8.027450 7.122350
v 0.505245 7.965347 7.104992
v 0.412727 7.992391 7.185007
v 0.486418 7.923707 7.164852
v 0.449555 7.887224 7.209856
v 0.406274 7.856908 7.251887
v 0.345190 7.889071 7.262479
v 0.396333 7.776086 7.399201
v 0.329493 7.850599 7.428233
v 0.372157 7.809150 7.429211
v 0.378723 7.730021 7.472899
v 0.301440 7.854166 7.476995
v 0.374521 7.777900 7.487865
v 0.347381 7.772694 7.540195
v 0.323752 7.740246 7.564293
v 0.292517 7.834109 7.531914
v 0.302710 7.793853 7.573923
v 0.290103 7.786114 7.610696
v 0.313893 7.744350 7.618010
v 0.270107 7.724313 7.687768
v 0.229520 7.757149 7.706220
v 0.176120 7.780238 7.680881
v 0.180964 7.717559 7.762660
v 0.091428 7.754299 7.745533
v 0.075778 7.692366 7.814254
v 0.005145 7.695023 7.812445
v -0.153696 8.592425 8.008260
v -0.222515 8.606553 7.974927
v -0.171406 8.529068 8.017214
v -0.207091 8.475510 8.025454
v -0.189094 8.537899 8.060719
v -0.185143 8.623185 8.067449
v -0.237380 8.639785 8.038005
v -0.196754 8.470218 8.053945
v -0.209404 8.463737 8.045162
v -0.233259 8.537356 8.049074
v -0.216726 8.532804 7.995022
v -0.232709 8.647720 7.910509
v -0.286661 8.647040 7.882195
v -0.282732 8.595362 7.890025
v -0.251159 8.567031 7.927102
v -0.282623 8.503968 7.943288
v -0.271422 8.602795 7.958426
v -0.265888 8.652939 7.945033
v -0.308706 8.657912 7.924154
v -0.275791 8.549145 7.960863
v -0.309954 8.581145 7.945394
v -0.292094 8.539164 7.918521
v -0.287410 8.510113 7.952257
v -0.285679 8.623700 7.834465
v -0.339158 8.611242 7.813404
v -0.324877 8.518883 7.832026
v -0.275886 8.513632 7.848683
v -0.290044 8.401548 7.874801
v -0.298363 8.532511 7.910930
v -0.305858 8.644967 7.889266
v -0.366724 8.633476 7.877983
v -0.286845 8.440165 7.895143
v -0.351910 8.525392 7.896459
v -0.309398 8.428089 7.857856
v -0.320516 8.432480 7.893380
v -0.305429 8.401453 7.885116
v -0.308912 8.537109 7.638544
v -0.404666 8.417470 7.633266
v -0.343451 8.413080 7.654335
v -0.376675 8.286175 7.656718
v -0.376115 8.324720 7.686463
v -0.373334 8.414645 7.715858
v -0.363633 8.552968 7.738170
v -0.438774 8.554649 7.703211
v -0.424640 8.404964 7.696632
v -0.421531 8.545998 7.628073
v -0.387854 8.323616 7.645476
v -0.392446 8.300156 7.668549
v -0.383982 8.540162 7.554617
v -0.389187 8.473404 7.543593
v -0.411218 8.464869 7.599610
v -0.400077 8.541217 7.612555
v -0.401963 8.423491 7.538260
v -0.431208 8.398452 7.560943
v -0.476256 8.475068 7.582299
v -0.465543 8.557949 7.595452
v -0.439144 8.543602 7.530297
v -0.433441 8.440512 7.520944
v -0.462344 8.425401 7.562809
v -0.422773 8.584302 7.368224
v -0.502045 8.547441 7.324405
v -0.450770 8.520629 7.345386
v -0.481110 8.468753 7.343422
v -0.481330 8.514401 7.387038
v -0.476373 8.585694 7.419810
v -0.528340 8.609625 7.402281
v -0.523829 8.529829 7.366309
v -0.503839 8.615726 7.352549
v -0.483159 8.461038 7.311988
v -0.501036 8.471315 7.328425
v -0.474975 8.457763 7.324889
v -0.099857 8.591965 8.038637
v -0.147263 8.595296 8.062711
v -0.101121 8.525579 8.070388
v -0.133707 8.509891 8.093821
v -0.104557 8.467342 8.100376
v -0.080431 8.568462 8.102110
v -0.077844 8.618170 8.084332
v -0.124620 8.622324 8.114959
v -0.088097 8.514955 8.106675
v -0.123183 8.569365 8.126580
v -0.148732 8.558843 8.079248
v -0.107185 8.478880 8.113955
v -0.024134 8.611905 8.068959
v -0.075897 8.622584 8.104508
v -0.033390 8.545657 8.093349
v -0.038526 8.494296 8.113014
v -0.008424 8.590516 8.133888
v -0.004304 8.636844 8.131802
v -0.048958 8.657803 8.156069
v -0.024848 8.533628 8.133229
v -0.049073 8.582434 8.158388
v -0.081330 8.587245 8.119233
v -0.065611 8.531798 8.118636
v -0.042487 8.501926 8.124779
v -0.344880 7.729099 7.466304
v -0.319831 7.798999 7.386776
v -0.397614 7.879776 7.509151
v -0.270358 7.752914 7.515469
v -0.394428 7.985053 7.524531
v -0.330808 7.882504 7.527593
v -0.235771 7.802817 7.438000
v -0.376897 7.951162 7.533205
v -0.340380 7.932681 7.497070
v -0.395856 7.992221 7.507228
v -0.385090 7.907943 7.466469
v -0.108893 7.766782 7.716792
v -0.156794 7.823801 7.810725
v -0.166846 7.822977 7.823964
v -0.155036 7.813364 7.824403
v -0.105941 7.724154 7.766505
v -0.169648 7.809656 7.824953
v -0.174097 7.817758 7.812593
v -0.163276 7.761316 7.807045
v -0.139847 7.704160 7.759364
v -0.158661 7.750572 7.718770
v -0.099632 7.720937 7.761230
v -0.067145 7.742392 7.743324
v -0.098695 7.750057 7.800411
v -0.074892 7.783371 7.824183
v -0.082403 7.780734 7.835280
v -0.059980 7.736784 7.814750
v -0.041767 7.716794 7.774086
v -0.081948 7.689501 7.778716
v -0.071499 7.769748 7.834401
v -0.086042 7.744150 7.828688
v -0.091576 7.775022 7.822975
v -0.458600 7.911091 7.104821
v -0.442783 7.990353 7.081912
v -0.507148 8.021609 7.222737
v -0.500319 8.083595 7.272186
v -0.417060 7.910593 7.150434
v -0.481221 8.045671 7.263655
v -0.443450 7.988384 7.227767
v -0.364509 7.984491 7.128339
v -0.446791 8.058121 7.229271
v -0.504951 8.091430 7.254392
v 0.164671 8.582756 7.994131
v 0.211750 8.509653 7.992860
v 0.166001 8.516984 8.003085
v 0.185333 8.521118 8.046590
v 0.193204 8.620248 8.043862
v 0.249876 8.617769 8.032106
v 0.172212 8.464134 8.031632
v 0.171931 8.445616 8.020872
v 0.220404 8.505090 8.039058
v 0.246199 8.614911 7.970251
v 0.183814 8.456103 8.010082
v 0.369318 8.550149 7.562231
v 0.444433 8.438800 7.541795
v 0.387412 8.425789 7.564090
v 0.444494 8.372370 7.540406
v 0.410321 8.306299 7.540335
v 0.410065 8.443761 7.616870
v 0.414881 8.562521 7.638721
v 0.486504 8.572247 7.614030
v 0.417460 8.339978 7.579770
v 0.468292 8.424499 7.603464
v 0.442205 8.562004 7.524317
v 0.445554 8.347520 7.574230
v 0.425807 8.312366 7.550628
v 0.305201 8.599129 7.709133
v 0.400906 8.479403 7.705006
v 0.342027 8.476904 7.732158
v 0.378281 8.391626 7.768494
v 0.377653 8.483758 7.790162
v 0.369094 8.623502 7.801300
v 0.440527 8.622091 7.759268
v 0.426953 8.472408 7.766999
v 0.416230 8.606989 7.687161
v 0.386048 8.386969 7.726815
v 0.393005 8.365591 7.751275
v 0.376279 8.350653 7.742263
v 0.287707 8.604513 7.822193
v 0.388347 8.626461 7.819742
v 0.296519 8.538893 7.849812
v 0.325729 8.538998 7.919125
v 0.306384 8.635534 7.893929
v 0.311310 8.506118 7.861695
v 0.327215 8.489639 7.902502
v 0.382626 8.558806 7.907413
v 0.385578 8.655480 7.882674
v 0.351291 8.509797 7.844128
v 0.359083 8.487085 7.893759
v 0.433061 8.584302 7.368224
v 0.514127 8.615726 7.352549
v 0.454405 8.518963 7.344147
v 0.486538 8.421514 7.309105
v 0.491194 8.456313 7.354357
v 0.490773 8.510915 7.391808
v 0.460611 8.605685 7.422540
v 0.528659 8.625088 7.404284
v 0.533258 8.529490 7.369072
v 0.512333 8.547441 7.324405
v 0.493375 8.455234 7.298764
v 0.516049 8.460589 7.329512
v 0.106581 8.591568 8.055975
v 0.157811 8.614365 8.088504
v 0.109996 8.525259 8.087726
v 0.143073 8.510634 8.111158
v 0.115318 8.467162 8.117714
v 0.086200 8.576191 8.125240
v 0.084560 8.618827 8.120680
v 0.130346 8.622714 8.132297
v 0.097323 8.514217 8.124013
v 0.131521 8.576291 8.142631
v 0.156123 8.567755 8.099747
v 0.117571 8.478781 8.131293
v 0.035159 8.593668 8.068850
v 0.074203 8.577350 8.114230
v 0.074130 8.604477 8.102354
v 0.032549 8.544442 8.100727
v 0.027083 8.505161 8.122884
v 0.012638 8.589840 8.121981
v 0.014648 8.626827 8.111914
v 0.050296 8.644362 8.133736
v 0.014769 8.540244 8.131186
v 0.041363 8.581192 8.145571
v 0.053858 8.534425 8.122580
v 0.030223 8.510080 8.131851
v 0.399057 7.768355 7.356625
v 0.460391 7.925177 7.370945
v 0.472500 7.905828 7.412243
v 0.478939 8.000064 7.418424
v 0.340367 7.809787 7.412061
v 0.475369 7.993502 7.428795
v 0.409351 7.905083 7.431779
v 0.287762 7.846488 7.333607
v 0.454976 7.962582 7.436440
v 0.413141 7.952861 7.398894
v 0.364019 7.825707 7.293553
v 0.178707 7.742518 7.701145
v 0.229603 7.712342 7.694969
v 0.226249 7.820162 7.747976
v 0.234216 7.825703 7.760628
v 0.223614 7.815667 7.764990
v 0.178897 7.719828 7.743544
v 0.238567 7.813876 7.765873
v 0.241771 7.817680 7.751264
v 0.237454 7.761945 7.765713
v 0.219769 7.689878 7.741572
v 0.067465 7.718560 7.764057
v 0.062544 7.763619 7.813982
v 0.074946 7.761232 7.834202
v 0.061538 7.736916 7.823509
v 0.059208 7.689499 7.793906
v 0.098623 7.673621 7.798892
v 0.069330 7.758287 7.834352
v 0.087882 7.720698 7.826361
v 0.112337 7.701673 7.787823
v 0.089248 7.751914 7.821881
v 0.104507 7.726549 7.796513
v 0.490062 7.939432 7.125226
v 0.473064 7.994409 7.114058
v 0.520817 8.011391 7.206031
v 0.441885 7.933785 7.161755
v 0.493741 8.037531 7.250342
v 0.475071 7.997433 7.226039
v 0.419751 7.996204 7.153778
v 0.484861 8.072252 7.233075
v 0.507973 8.077099 7.258387
v 0.516446 8.086120 7.251030
v 0.125730 7.729291 7.739132
v 0.171190 7.782920 7.770334
v 0.161552 7.791894 7.768254
v 0.165363 7.793408 7.777724
v 0.151059 7.776600 7.784185
v 0.117723 7.718820 7.781554
v 0.170517 7.782510 7.783573
v 0.167290 7.732720 7.788482
v 0.151933 7.685927 7.776702
v 0.170547 7.714765 7.749443
v 0.590073 8.676492 7.252262
v 0.574088 8.600238 7.215180
v 0.529831 8.560733 7.169661
v 0.538353 8.591327 7.225190
v 0.537301 8.665199 7.261746
v 0.513527 8.666797 7.215021
v 0.562097 8.608783 7.181657
v 0.567200 8.672632 7.191062
v 0.011251 7.749835 7.810364
v -0.012790 7.692075 7.803420
v -0.007722 7.762178 7.820351
v 0.006918 7.776582 7.813632
v -0.035161 7.716684 7.771229
v -0.001008 7.787548 7.809572
v -0.024930 7.753461 7.804079
v -0.008445 7.782678 7.803968
v 0.000365 7.774613 7.791828
v -0.005402 7.718717 7.755959
v 0.016024 7.697499 7.786391
v 0.585298 5.977456 4.839690
v 0.689955 6.163702 4.752491
v 0.519017 5.865028 4.953909
v 0.579354 5.777826 4.903297
v 0.442326 5.764282 5.051646
v 0.364579 5.702080 5.263474
v 0.503024 5.659514 4.985819
v 0.451975 5.564215 5.079283
v 0.619454 5.669757 5.106633
v 0.564385 5.552689 5.196691
v 0.350675 5.665552 5.140718
v 0.291270 5.560399 5.162007
v 0.226160 5.458210 5.292157
v 0.396770 5.478385 5.099251
v 0.343657 5.398503 5.064281
v 0.273531 5.219592 5.118096
v 0.227386 5.471560 5.138056
v 0.144057 5.307270 5.228940
v 0.217988 5.267110 5.070551
v 0.164495 5.290665 5.132322
v 0.161464 5.321237 5.116534
v 0.238887 7.392385 7.092155
v 0.219224 7.360148 7.272274
v 0.293244 7.415676 7.309459
v 0.203776 7.347709 7.400962
v 0.260905 7.415604 7.446198
v 0.119511 7.315134 7.380033
v 0.128988 7.324194 7.243640
v 0.118987 7.377974 7.056253
v 0.119621 7.346994 7.504646
v 0.107316 7.410275 7.634367
v 0.005144 7.404452 7.648924
v 0.005144 7.328655 7.229811
v 0.005144 7.389154 7.043452
v 0.128290 7.434471 6.867605
v -0.575008 5.977456 4.839690
v -0.629291 6.051755 4.707775
v -0.679664 6.163702 4.752491
v -0.651080 6.061186 4.935736
v -0.508727 5.865028 4.953909
v -0.569064 5.777826 4.903297
v -0.432036 5.764282 5.051646
v -0.492734 5.659514 4.985819
v -0.441684 5.564215 5.079283
v -0.340385 5.665552 5.140718
v -0.280980 5.560399 5.162007
v -0.215870 5.458210 5.292157
v -0.386480 5.478385 5.099251
v -0.382931 5.332337 5.170504
v -0.333367 5.398503 5.064281
v -0.263240 5.219592 5.118096
v -0.217096 5.471560 5.138056
v -0.207698 5.267110 5.070551
v -0.241222 5.218976 5.134175
v -0.154205 5.290665 5.132322
v -0.151174 5.321237 5.116534
v 0.023876 7.778207 7.790785
v 0.040456 7.782928 7.821517
v 0.011850 7.732477 7.769446
v 0.033709 7.702182 7.801442
v 0.046398 7.816440 7.811659
v 0.063977 7.771066 7.798695
v 0.067547 7.735164 7.769142
v 0.046014 7.740437 7.739589
v 0.057385 7.806222 7.805946
v 0.046250 7.793928 7.784275
v 0.035961 7.811716 7.803749
v 0.345447 7.876125 7.514680
v 0.377400 7.866569 7.504329
v 0.290233 7.811237 7.483387
v 0.364042 7.864157 7.525270
v 0.358998 7.879105 7.553082
v 0.300841 7.784850 7.541788
v 0.342546 7.748139 7.512773
v 0.389554 7.855752 7.540154
v 0.354830 7.796304 7.458652
v 0.560819 8.180898 7.078879
v 0.565432 8.134885 7.071922
v 0.529011 8.085047 6.997921
v 0.558703 8.183305 7.098676
v 0.516257 8.113332 7.078881
v 0.478790 8.065741 7.016186
v 0.446855 8.120404 7.007613
v 0.538575 8.153154 7.102902
v 0.491765 8.155556 7.058732
v 0.509972 8.127848 6.980132
v 0.547215 8.156938 7.034922
v 0.515270 8.232659 6.975485
v 0.531283 8.198030 6.892065
v 0.476046 8.203475 6.920838
v 0.537224 8.218522 7.005074
v 0.516876 8.212789 7.008030
v 0.496770 8.132046 6.954603
v 0.533223 8.142110 6.923097
v 0.549518 8.192204 6.974218
v 0.540107 8.226830 6.945459
v 0.416075 7.943687 7.225874
v 0.441933 7.942528 7.183288
v 0.382579 7.942135 7.189960
v 0.456858 7.965050 7.260883
v 0.444255 7.939464 7.258634
v 0.387250 7.884951 7.215675
v 0.421030 7.865318 7.168919
v 0.459840 7.920667 7.232616
v 0.457426 7.960883 7.232660
v 0.303521 7.888200 7.679711
v 0.296380 7.903600 7.678517
v 0.300333 7.789862 7.666691
v 0.276308 7.686587 7.624603
v 0.288939 7.886695 7.689588
v 0.266068 7.791049 7.692094
v 0.225680 7.681938 7.654693
v 0.204830 7.746924 7.597616
v 0.277914 7.893507 7.672690
v 0.297915 7.890109 7.663291
v 0.238859 7.808748 7.644289
v 0.264851 7.735559 7.574273
v 0.290288 7.797565 7.624615
v -0.549225 8.160147 7.100404
v -0.551423 8.114279 7.091560
v -0.510773 8.094394 6.953970
v -0.507965 8.033773 6.979218
v -0.544611 8.161808 7.119850
v -0.500336 8.096372 7.090736
v -0.460329 8.042725 7.034654
v -0.425080 8.102908 6.990013
v -0.521979 8.133176 7.119685
v -0.481917 8.141270 7.069911
v -0.542853 8.141086 7.050636
v -0.517957 8.252100 6.953774
v -0.452985 8.193930 6.901414
v -0.539243 8.235620 6.986185
v -0.523039 8.218404 6.989810
v -0.487262 8.140701 6.939620
v -0.534723 8.158773 6.903749
v -0.550462 8.209003 6.954701
v -0.540216 8.242160 6.926492
v -0.529999 8.211179 6.875830
v -0.405787 7.943687 7.225874
v -0.444657 7.961986 7.233146
v -0.418547 7.905920 7.149204
v -0.350280 7.904310 7.174044
v -0.443996 7.957463 7.248358
v -0.416619 7.921109 7.243610
v -0.381132 7.868351 7.203237
v -0.410741 7.865318 7.168919
v -0.444019 7.910231 7.221374
v -0.411027 7.888588 7.342934
v -0.453369 7.904872 7.342685
v -0.338252 7.839203 7.302547
v -0.450956 7.908115 7.362616
v -0.432066 7.867033 7.366839
v -0.366193 7.796733 7.341664
v -0.410686 7.779087 7.293858
v -0.454194 7.865274 7.347157
v -0.387395 7.836435 7.261356
v -0.264039 7.808548 7.657990
v -0.266657 7.900375 7.701247
v -0.277094 7.895693 7.718495
v -0.269743 7.911041 7.718396
v -0.274897 7.798340 7.699324
v -0.238513 7.749508 7.604241
v -0.251432 7.697616 7.651175
v -0.262702 7.893372 7.728493
v -0.241059 7.797461 7.725307
v -0.201387 7.690399 7.681729
v -0.178763 7.758573 7.629231
v -0.251306 7.901090 7.712242
v -0.212820 7.817777 7.679168
v -0.559033 8.689171 7.185984
v -0.555946 8.651013 7.178167
v -0.496156 8.598442 7.192094
v -0.578292 8.643971 7.243469
v -0.577205 8.687709 7.253922
v -0.541657 8.617212 7.181071
v -0.538046 8.572361 7.215591
v -0.561304 8.601939 7.210825
v -0.517365 8.624374 7.258662
v -0.526869 8.672760 7.274041
v -0.483756 8.681457 7.209004
v 0.317855 4.925072 4.978177
v 0.420593 4.910748 5.035783
v 0.242083 4.920966 4.949996
v 0.359588 4.875539 4.994298
v 0.359749 4.837765 5.050291
v 0.441866 4.903013 5.115034
v 0.283593 4.862240 4.918686
v 0.333029 4.871151 5.120830
v 0.353551 4.981666 5.143510
v 0.276796 4.911336 5.087882
v 0.315588 4.980499 5.046249
v 0.285331 4.947791 5.017095
v 0.275023 4.837065 5.061243
v 0.208767 4.878031 4.969220
v 0.254346 4.825153 4.929464
v 0.229910 4.894463 4.845549
v 0.192560 4.921248 4.862875
v 0.197212 4.952216 4.779457
v 0.207650 4.875500 4.834656
v 0.216342 4.834717 4.949967
v 0.178798 4.901608 4.854680
v 0.187802 4.879247 4.840137
v 4.797495 0.825846 5.243731
v 4.848469 0.670660 5.311856
v 4.836390 0.617928 5.218945
v 4.857122 0.908631 5.254531
v 4.820181 0.403206 5.377294
v 4.968330 0.705431 5.329407
v 4.893403 0.390096 5.412024
v 4.963825 0.359389 5.363410
v 4.738014 0.140203 5.437800
v 4.702340 0.113849 5.375510
v 4.686713 0.032608 5.406596
v 5.041279 0.692852 5.241626
v 5.014143 0.935622 5.027593
v 5.016889 0.631335 5.150508
v 4.954912 0.817944 5.022032
v 4.815055 0.121796 5.410254
v 4.769316 0.085486 5.347121
v 4.813007 0.371829 5.298049
v 4.903291 0.589965 5.128797
v 4.815744 0.740689 5.164845
v 4.951740 0.333269 5.273107
v 4.864289 0.339793 5.242341
v -0.307564 4.925072 4.978177
v -0.231793 4.920966 4.949996
v -0.410303 4.910748 5.035783
v -0.273302 4.862240 4.918686
v -0.349298 4.875539 4.994298
v -0.349458 4.837765 5.050291
v -0.219619 4.894463 4.845549
v -0.186921 4.952216 4.779457
v -0.197359 4.875500 4.834656
v -0.322739 4.871151 5.120830
v -0.244055 4.825153 4.929464
v -0.266506 4.911336 5.087882
v -0.275040 4.947791 5.017095
v -0.264732 4.837065 5.061243
v -0.206052 4.834717 4.949967
v -0.198477 4.878031 4.969220
v -0.168508 4.901608 4.854680
v -0.182269 4.921248 4.862875
v -0.177511 4.879247 4.840137
v -4.838176 0.670657 5.311854
v -4.787202 0.825843 5.243729
v -4.805452 0.740687 5.164844
v -4.846830 0.908629 5.254530
v -4.826097 0.617926 5.218943
v -4.958037 0.705429 5.329405
v -4.922970 1.009613 5.207128
v -4.809888 0.403204 5.377292
v -4.883110 0.390094 5.412023
v -4.953533 0.359387 5.363408
v -5.030986 0.692850 5.241624
v -5.003850 0.935620 5.027590
v -4.727721 0.140201 5.437799
v -4.676420 0.032606 5.406595
v -5.006597 0.631333 5.150506
v -4.804763 0.121794 5.410252
v -4.759023 0.085484 5.347120
v -4.692047 0.113847 5.375508
v -4.802715 0.371827 5.298048
v -4.892998 0.589963 5.128795
v -4.941448 0.333267 5.273105
v -4.853996 0.339791 5.242339
v 0.489716 9.182610 7.223559
v 0.465239 9.191951 7.207834
v 0.467511 9.235420 7.229503
v 0.473735 9.158160 7.173904
v 0.492027 9.226337 7.245401
v 0.480231 9.281940 7.235654
v 0.498224 9.148602 7.189402
v 0.491713 9.139163 7.132891
v 0.504815 9.273170 7.251593
v 0.501430 9.324483 7.225354
v 0.516294 9.129519 7.148091
v 0.516462 9.137884 7.091010
v 0.526168 9.315969 7.241195
v 0.527917 9.356558 7.200125
v 0.552797 9.348247 7.215800
v 0.555662 9.373291 7.163827
v 0.580692 9.365074 7.179237
v 0.580446 9.372091 7.121921
v 0.605586 9.363858 7.137074
v 0.598490 9.353162 7.080839
v 0.623694 9.344822 7.095738
v 0.607029 9.319338 7.046823
v 0.564914 9.296003 7.252563
v 0.588880 9.325078 7.229631
v 0.613955 9.340200 7.196658
v 0.636304 9.339061 7.158678
v 0.652532 9.321892 7.121494
v 0.545721 9.257438 7.261966
v 0.534223 9.215228 7.256353
v 0.532178 9.175866 7.236640
v 0.539873 9.145314 7.205847
v 0.639575 9.305068 7.206652
v 0.656792 9.304183 7.177387
v 0.620254 9.293433 7.232083
v 0.601781 9.271036 7.249777
v 0.586969 9.241264 7.257034
v 0.578095 9.208701 7.252731
v 0.576517 9.178357 7.237546
v 0.582461 9.154783 7.213788
v 0.635189 9.265694 7.220092
v 0.620506 9.247688 7.234314
v 0.613178 9.232985 7.237876
v 0.606133 9.206891 7.234459
v 0.605379 9.191914 7.226983
v 0.644784 9.271440 7.207558
v 0.649095 9.238974 7.208565
v 0.637950 9.225171 7.219355
v 0.652617 9.213330 7.199221
v 0.632610 9.205347 7.216737
v 0.610102 9.173025 7.207945
v 0.659597 9.238603 7.190553
v 0.658508 9.270796 7.184040
v 0.636140 9.190941 7.202281
v 0.616343 9.166489 7.193814
v 0.669300 9.290949 7.148722
v 0.664750 9.264238 7.169886
v 0.595005 9.141603 7.185101
v 0.630045 9.165842 7.170311
v 0.660160 9.291282 7.090768
v 0.556129 9.128242 7.168665
v 0.663227 9.224116 7.175874
v 0.646537 9.190357 7.184291
v 0.675183 9.267344 7.125036
v 0.632244 9.310816 7.061516
v 0.658036 9.251935 7.071176
v 0.629933 9.267032 7.039644
v 0.604757 9.275791 7.025106
v 0.592014 9.229166 7.018933
v 0.669458 9.245322 7.150854
v 0.673569 9.237049 7.109939
v 0.646418 9.209764 7.065745
v 0.617097 9.220126 7.033461
v 0.668685 9.230326 7.143398
v 0.595714 9.177277 7.043889
v 0.570745 9.186562 7.029320
v 0.544213 9.154513 7.054629
v 0.627241 9.171266 7.075150
v 0.664657 9.204562 7.105717
v 0.657811 9.204072 7.173267
v 0.569056 9.145036 7.069334
v 0.661618 9.204244 7.140032
v 0.603454 9.142323 7.097908
v 0.541158 9.128263 7.105913
v 0.649894 9.174850 7.112938
v 0.654294 9.189546 7.143600
v 0.639629 9.171598 7.157801
v 0.578460 9.127194 7.130754
v 0.631528 9.152493 7.130508
v 0.612241 9.140795 7.155852
v -0.488810 9.180139 7.223832
v -0.466605 9.232948 7.229775
v -0.464334 9.189479 7.208107
v -0.472828 9.155688 7.174176
v -0.491120 9.223866 7.245673
v -0.479324 9.279470 7.235926
v -0.497318 9.146132 7.189673
v -0.490807 9.136692 7.133162
v -0.503908 9.270699 7.251866
v -0.500524 9.322013 7.225625
v -0.515387 9.127048 7.148364
v -0.515555 9.135414 7.091281
v -0.525262 9.313498 7.241466
v -0.527010 9.354087 7.200396
v -0.551890 9.345777 7.216072
v -0.554754 9.370820 7.164099
v -0.579785 9.362602 7.179508
v -0.579540 9.369619 7.122192
v -0.604680 9.361388 7.137346
v -0.597583 9.350691 7.081110
v -0.622787 9.342352 7.096010
v -0.606122 9.316867 7.047093
v -0.564007 9.293530 7.252833
v -0.587973 9.322607 7.229902
v -0.613048 9.337729 7.196929
v -0.635398 9.336589 7.158949
v -0.651625 9.319420 7.121767
v -0.544815 9.254967 7.262237
v -0.533317 9.212757 7.256625
v -0.531272 9.173395 7.236911
v -0.538967 9.142843 7.206119
v -0.638669 9.302596 7.206924
v -0.655886 9.301711 7.177658
v -0.619347 9.290961 7.232355
v -0.600874 9.268566 7.250049
v -0.586062 9.238791 7.257306
v -0.577188 9.206230 7.253003
v -0.575611 9.175886 7.237818
v -0.581554 9.152312 7.214058
v -0.634282 9.263224 7.220364
v -0.619600 9.245217 7.234586
v -0.612272 9.230515 7.238147
v -0.605226 9.204421 7.234730
v -0.604473 9.189444 7.227255
v -0.643877 9.268969 7.207831
v -0.648188 9.236504 7.208836
v -0.637043 9.222699 7.219625
v -0.651711 9.210858 7.199491
v -0.631704 9.202875 7.217009
v -0.609196 9.170555 7.208218
v -0.658689 9.236133 7.190824
v -0.657601 9.268325 7.184310
v -0.635233 9.188471 7.202553
v -0.615436 9.164019 7.194086
v -0.668393 9.288477 7.148994
v -0.663843 9.261768 7.170158
v -0.594098 9.139132 7.185372
v -0.629138 9.163372 7.170585
v -0.659254 9.288811 7.091039
v -0.555223 9.125770 7.168936
v -0.662320 9.221644 7.176145
v -0.645630 9.187885 7.184563
v -0.674277 9.264873 7.125307
v -0.631338 9.308346 7.061788
v -0.657128 9.249462 7.071447
v -0.629027 9.264561 7.039916
v -0.603850 9.273319 7.025378
v -0.591107 9.226695 7.019206
v -0.668551 9.242850 7.151124
v -0.672662 9.234579 7.110209
v -0.645511 9.207292 7.066017
v -0.616190 9.217654 7.033732
v -0.667778 9.227855 7.143671
v -0.594807 9.174807 7.044160
v -0.569838 9.184092 7.029591
v -0.543306 9.152041 7.054900
v -0.626334 9.168796 7.075419
v -0.663750 9.202090 7.105989
v -0.656903 9.201598 7.173539
v -0.568150 9.142564 7.069605
v -0.660711 9.201775 7.140303
v -0.602547 9.139853 7.098179
v -0.540252 9.125791 7.106185
v -0.648988 9.172379 7.113209
v -0.653387 9.187075 7.143872
v -0.638722 9.169127 7.158073
v -0.577554 9.124722 7.131026
v -0.630621 9.150022 7.130780
v -0.611333 9.138324 7.156124
vn -0.4897 0.7307 -0.4757
vn -0.0000 0.8333 -0.5528
vn -0.0000 0.8812 -0.4727
vn -0.4877 0.7681 -0.4149
vn -0.0000 0.8792 -0.4764
vn -0.6714 0.6192 -0.4071
vn -0.5223 0.7475 -0.4104
vn -0.0000 0.8635 -0.5044
vn -0.7013 0.6282 -0.3369
vn -0.9362 0.2717 -0.2229
vn -0.8982 0.3215 -0.2998
vn -0.9708 -0.1248 -0.2048
vn -0.5409 0.7237 -0.4286
vn -0.0000 0.8602 -0.5099
vn -0.7352 0.5764 -0.3566
vn -0.5376 0.7278 -0.4258
vn -0.0000 0.8611 -0.5084
vn -0.7463 0.5636 -0.3542
vn -0.4768 0.7647 -0.4336
vn -0.0000 0.8633 -0.5048
vn -0.9280 0.2669 -0.2600
vn -0.7533 0.5612 -0.3430
vn -0.9238 0.3006 -0.2373
vn -0.9723 -0.2304 -0.0379
vn -0.9883 -0.1522 0.0021
vn -0.9680 -0.2505 -0.0183
vn -0.9349 -0.3108 -0.1713
vn -0.8450 -0.5332 0.0418
vn -0.8271 -0.5609 0.0365
vn -0.5426 -0.8361 0.0810
vn -0.8993 -0.4369 0.0212
vn -0.9770 -0.2060 -0.0544
vn -0.9234 0.2989 -0.2407
vn -0.9741 -0.2143 -0.0717
vn -0.7494 0.5680 -0.3402
vn -0.8621 -0.5044 0.0497
vn -0.9163 0.3207 -0.2399
vn -0.6133 0.6700 -0.4182
vn -0.9093 0.3148 -0.2720
vn -0.9713 -0.2184 -0.0937
vn -0.6096 0.6780 -0.4107
vn -0.0000 0.8703 -0.4925
vn -0.6088 0.6797 -0.4092
vn -0.0000 0.8729 -0.4880
vn -0.0000 0.8727 -0.4882
vn -0.8832 0.3762 -0.2800
vn -0.8171 -0.5744 0.0496
vn -0.9512 -0.2923 -0.0987
vn -0.6849 0.6214 -0.3804
vn -0.0000 0.8443 -0.5358
vn -0.7756 -0.6301 0.0387
vn -0.6317 -0.7706 0.0840
vn -0.5939 -0.8003 0.0821
vn -0.7665 -0.6403 0.0495
vn -0.9852 -0.1406 -0.0983
vn -0.9631 0.1423 -0.2283
vn -0.9887 0.0356 -0.1457
vn -0.7725 -0.6256 0.1092
vn -0.8806 -0.4739 0.0028
vn -0.7991 -0.5967 0.0731
vn -0.7975 0.4496 -0.4023
vn -0.8873 -0.4584 -0.0508
vn -0.7906 0.3214 -0.5212
vn -0.0000 0.7289 -0.6846
vn -0.6094 -0.7882 0.0863
vn -0.5336 0.1916 -0.8237
vn -0.0000 0.3777 -0.9259
vn -0.0000 -0.1776 -0.9841
vn -0.6969 -0.3149 -0.6444
vn -0.0000 -0.8184 -0.5747
vn -0.8450 -0.4744 -0.2469
vn -0.0000 -0.9961 -0.0877
vn -0.0000 -0.9850 0.1725
vn -0.0000 -0.9668 0.2556
vn -0.0000 -0.9794 0.2021
vn -0.4421 -0.8803 0.1723
vn -0.5346 -0.8316 0.1504
vn -0.0000 -0.9798 0.2000
vn -0.5500 -0.8232 0.1408
vn -0.0000 -0.9827 0.1853
vn -0.0000 -0.9908 0.1351
vn -0.0000 -0.9898 0.1424
vn -0.0000 -0.9899 0.1415
vn -0.4626 -0.8765 0.1334
vn -0.0000 -0.9882 0.1534
vn -0.7620 -0.6445 0.0632
vn -0.4299 -0.8935 0.1301
vn -0.0000 -0.9836 0.1805
vn -0.0000 -0.9906 0.1371
vn -0.7964 -0.6046 0.0160
vn -0.4339 -0.8927 0.1221
vn -0.0000 -1.0000 -0.0047
vn -0.6685 -0.6912 0.2747
vn -0.6100 -0.6057 0.5110
vn -0.4032 -0.7239 0.5598
vn -0.3568 -0.8658 0.3507
vn 0.7090 -0.6208 0.3345
vn 0.5457 -0.5362 0.6440
vn -0.6952 -0.7174 0.0455
vn 0.6721 -0.3906 0.6291
vn -0.0803 -0.9808 0.1778
vn -0.7011 -0.7106 -0.0601
vn -0.0314 -0.9995 -0.0052
vn -0.7568 -0.6384 -0.1402
vn 0.8237 -0.5074 0.2529
vn 0.6979 -0.4560 0.5522
vn -0.0492 -0.9554 -0.2911
vn -0.9019 -0.4167 -0.1139
vn 0.7814 -0.6167 0.0950
vn 0.8271 -0.5373 0.1649
vn 0.6564 -0.5305 0.5364
vn 0.7752 -0.6034 -0.1868
vn 0.7354 -0.5681 -0.3695
vn 0.8233 -0.5634 0.0686
vn -0.1114 -0.8364 -0.5367
vn 0.8432 -0.4606 0.2773
vn 0.7094 -0.3386 0.6181
vn 0.8458 -0.5327 0.0271
vn -0.1869 -0.4993 -0.8460
vn -0.8788 -0.4491 -0.1612
vn -0.8996 -0.4184 -0.1251
vn 0.7146 -0.5183 -0.4697
vn 0.5432 -0.4231 -0.7253
vn 0.8883 -0.2826 0.3619
vn 0.8424 -0.2364 0.4841
vn 0.6411 -0.1840 0.7451
vn 0.9069 -0.4028 -0.1236
vn 0.8999 -0.4358 0.0165
vn 0.9241 -0.3662 -0.1095
vn 0.6962 -0.5177 -0.4974
vn 0.7589 -0.3417 -0.5544
vn 0.7494 -0.4205 -0.5115
vn 0.5573 -0.3749 -0.7409
vn 0.4255 -0.6007 -0.6768
vn -0.0190 -0.4265 -0.9043
vn 0.7358 -0.4896 -0.4679
vn 0.2175 -0.1749 -0.9603
vn 0.2213 -0.0666 -0.9729
vn 0.2010 -0.0168 -0.9795
vn 0.1038 -0.1502 -0.9832
vn -0.4455 0.1318 -0.8855
vn -0.5779 -0.1011 -0.8098
vn -0.7141 0.1596 -0.6817
vn -0.4913 0.2900 -0.8213
vn -0.5775 0.3285 -0.7474
vn -0.7672 0.5061 -0.3941
vn -0.8019 0.4096 -0.4349
vn -0.7687 0.6238 0.1415
vn -0.7852 0.6017 0.1461
vn -0.4754 0.6305 0.6136
vn -0.8075 0.4425 -0.3900
vn -0.4125 0.1842 -0.8922
vn -0.6128 0.5279 0.5881
vn -0.0406 0.3788 0.9246
vn -0.8390 0.5272 0.1351
vn 0.1345 -0.2889 -0.9479
vn -0.8253 0.3821 -0.4158
vn 0.6332 -0.4598 -0.6226
vn 0.2153 -0.2860 -0.9337
vn -0.4176 0.1202 -0.9006
vn 0.2143 -0.1295 -0.9681
vn -0.7963 0.3561 -0.4891
vn -0.8994 0.4293 0.0819
vn -0.8815 0.4639 0.0875
vn -0.7699 0.4313 0.4705
vn -0.5852 0.2340 0.7764
vn -0.8216 0.3783 0.4264
vn -0.2920 -0.1125 -0.9498
vn -0.3742 -0.4040 -0.8347
vn -0.7961 0.3673 -0.4810
vn -0.1908 0.1072 -0.9758
vn -0.4159 -0.0474 -0.9082
vn -0.9586 -0.1025 -0.2655
vn -0.8073 0.1237 -0.5771
vn -0.5300 0.2666 -0.8050
vn -0.4969 0.2895 -0.8181
vn -0.7551 0.3080 -0.5788
vn -0.6376 0.4544 -0.6221
vn -0.8106 0.4957 -0.3117
vn -0.8166 0.3632 -0.4487
vn -0.8515 0.4762 -0.2195
vn -0.9175 0.3891 -0.0823
vn -0.9254 0.3365 -0.1743
vn -0.9218 0.3477 0.1712
vn -0.9324 0.3499 0.0905
vn -0.9272 0.3623 0.0949
vn -0.9364 0.2507 0.2457
vn -0.8002 0.2102 0.5617
vn -0.8327 0.3086 0.4597
vn -0.8136 0.0185 0.5812
vn -0.6044 0.0079 0.7966
vn -0.8987 0.1573 0.4093
vn -0.7765 0.4423 0.4489
vn -0.5061 0.2367 0.8294
vn -0.5249 0.2881 0.8010
vn -0.6233 0.1609 0.7653
vn -0.7377 0.0126 0.6750
vn -0.5184 -0.1846 0.8350
vn -0.5242 -0.1795 0.8325
vn -0.4537 -0.4208 0.7855
vn -0.5711 -0.2468 0.7829
vn -0.4987 -0.4552 0.7376
vn -0.0857 -0.3119 0.9462
vn 0.0869 -0.0808 0.9929
vn 0.1177 -0.0842 0.9895
vn 0.0356 -0.1048 0.9939
vn 0.5757 -0.4648 0.6727
vn -0.4737 0.0747 0.8775
vn 0.0856 -0.1424 0.9861
vn -0.4131 0.2823 0.8658
vn -0.4128 0.1364 0.9006
vn -0.1126 0.1817 0.9769
vn 0.0905 -0.1701 0.9813
vn 0.1828 -0.1359 0.9737
vn 0.6902 -0.3972 0.6049
vn 0.7085 -0.2758 0.6496
vn -0.4608 -0.8654 0.1967
vn -0.3269 -0.8754 0.3561
vn 0.3753 -0.8692 0.3218
vn 0.6379 -0.5824 0.5039
vn 0.7839 -0.5954 0.1762
vn -0.0723 -0.9241 0.3752
vn 0.8649 -0.3734 0.3354
vn 0.9046 -0.4110 0.1128
vn 0.7212 -0.3167 0.6160
vn -0.0781 -0.8883 0.4525
vn 0.9263 -0.2979 0.2306
vn 0.9885 -0.0657 0.1363
vn 0.7485 -0.2640 0.6083
vn 0.4986 -0.5884 0.6366
vn 0.8453 -0.1616 0.5092
vn 0.9667 -0.1230 0.2246
vn 0.8977 -0.1350 0.4193
vn 0.7800 -0.0342 0.6248
vn 0.7486 -0.2469 0.6154
vn 0.3397 -0.1658 0.9258
vn -0.1490 -0.3664 0.9184
vn 0.5012 -0.0120 0.8652
vn 0.1212 -0.0126 0.9925
vn -0.3141 -0.2020 0.9277
vn 0.2168 0.0664 0.9740
vn -0.0458 0.0598 0.9972
vn 0.6388 -0.1328 0.7578
vn -0.3368 0.1911 0.9220
vn -0.3719 0.3149 0.8732
vn -0.8602 0.3113 0.4039
vn 0.2829 -0.0307 0.9587
vn 0.3661 -0.3535 0.8608
vn 0.5808 -0.3096 0.7528
vn 0.8779 -0.2044 0.4330
vn 0.5631 -0.4147 0.7148
vn 0.8303 -0.2626 0.4915
vn 0.9291 -0.0587 0.3651
vn 0.9767 0.0967 0.1917
vn 0.8824 -0.2714 0.3843
vn 0.9699 -0.1731 0.1714
vn 0.9263 -0.2907 0.2395
vn 0.7874 -0.3787 0.4864
vn 0.8017 -0.3897 0.4532
vn 0.5954 -0.4874 0.6388
vn 0.8149 -0.4005 0.4189
vn 0.9502 -0.2293 0.2113
vn 0.6080 -0.5347 0.5870
vn 0.5349 -0.5752 0.6189
vn 0.7974 -0.3396 0.4989
vn 0.9641 -0.0873 0.2508
vn 0.6006 -0.4720 0.6454
vn 0.7990 -0.1012 0.5927
vn 0.9357 0.1720 0.3079
vn 0.9290 0.2356 0.2855
vn 0.7136 0.0546 0.6984
vn 0.6108 -0.2588 0.7483
vn 0.5550 -0.1421 0.8196
vn -0.1483 -0.4241 0.8934
vn -0.1644 -0.1838 0.9691
vn -0.0657 -0.6321 0.7721
vn -0.8269 -0.3000 0.4758
vn -0.7900 -0.0432 0.6116
vn -0.0452 -0.7445 0.6661
vn -0.7314 -0.5589 0.3908
vn -0.9357 -0.1364 0.3253
vn -0.9182 0.0485 0.3931
vn 0.0979 -0.7165 0.6907
vn -0.6527 -0.6606 0.3710
vn -0.9015 -0.4146 0.1245
vn -0.9804 0.1535 -0.1236
vn -0.9922 0.0919 -0.0838
vn -0.5267 -0.6932 0.4919
vn 0.0586 -0.6207 0.7819
vn 0.1262 -0.5692 0.8125
vn -0.8833 -0.4660 0.0517
vn -0.9625 -0.0766 -0.2601
vn -0.8594 0.3457 -0.3768
vn -0.8683 0.1363 -0.4769
vn -0.9190 -0.2417 -0.3114
vn -0.8437 0.1834 -0.5046
vn -0.7182 0.4389 -0.5400
vn -0.7758 0.1197 -0.6196
vn -0.7521 0.3107 -0.5812
vn -0.5528 0.4356 -0.7104
vn -0.5458 0.1594 -0.8226
vn -0.0525 0.2362 -0.9703
vn -0.1649 0.6417 -0.7490
vn -0.1131 0.5309 -0.8398
vn 0.3588 0.5356 -0.7644
vn 0.4559 0.2338 -0.8588
vn 0.6730 0.2267 -0.7040
vn 0.4839 0.5704 -0.6637
vn 0.8034 0.1704 -0.5705
vn -0.2356 0.5455 -0.8043
vn 0.8218 0.4305 -0.3732
vn 0.9435 0.2776 -0.1808
vn 0.3539 0.5595 -0.7495
vn 0.9385 0.3411 -0.0531
vn 0.8257 0.3930 -0.4046
vn 0.9787 0.1819 -0.0952
vn 0.8138 0.1935 -0.5479
vn 0.9832 -0.0395 -0.1782
vn 0.3163 0.3672 -0.8747
vn 0.9789 -0.1365 -0.1518
vn 0.7524 0.0917 -0.6522
vn -0.2507 0.3349 -0.9083
vn 0.9856 -0.0003 -0.1692
vn 0.2166 0.2554 -0.9423
vn 0.7082 0.2364 -0.6653
vn -0.6762 0.1031 -0.7295
vn 0.9597 0.2329 -0.1570
vn 0.6662 0.3896 -0.6359
vn -0.2461 0.1773 -0.9529
vn 0.2213 0.3271 -0.9187
vn -0.7944 -0.0557 -0.6049
vn 0.9832 0.0908 -0.1585
vn 0.6479 0.0668 -0.7588
vn 0.8685 -0.4789 -0.1281
vn 0.2654 0.4333 -0.8613
vn -0.6112 -0.0151 -0.7913
vn -0.2025 0.1993 -0.9588
vn 0.6716 -0.7376 -0.0699
vn 0.5198 -0.5973 -0.6107
vn -0.8318 -0.1190 -0.5421
vn 0.1416 -0.0484 -0.9887
vn -0.7156 0.0170 -0.6983
vn -0.1800 0.4032 -0.8972
vn 0.1778 -0.9840 0.0079
vn -0.4485 -0.8933 0.0304
vn -0.9320 -0.2141 -0.2923
vn 0.4201 -0.8197 -0.3894
vn 0.2574 -0.9287 -0.2669
vn -0.3300 -0.9327 -0.1456
vn -0.9358 -0.1373 -0.3247
vn -0.9257 -0.3781 -0.0096
vn -0.0478 -0.6304 -0.7748
vn -0.1639 -0.8660 -0.4724
vn -0.5165 -0.8352 -0.1886
vn -0.4099 -0.6881 -0.5988
vn -0.7638 -0.4256 -0.4852
vn -0.1680 -0.8158 -0.5535
vn -0.6212 -0.4557 -0.6375
vn -0.8421 -0.1479 -0.5186
vn -0.8230 -0.5245 0.2180
vn -0.8216 -0.0488 -0.5680
vn -0.8612 -0.0528 -0.5055
vn -0.9403 0.0149 -0.3401
vn -0.9273 0.0474 -0.3714
vn -0.5259 -0.1314 -0.8403
vn -0.9620 -0.2719 -0.0234
vn -0.8737 -0.4443 0.1982
vn -0.3953 0.2563 -0.8821
vn -0.8127 0.1699 -0.5574
vn -0.7463 0.2488 -0.6173
vn -0.9677 0.0664 -0.2431
vn -0.7503 0.3866 -0.5364
vn -0.9917 -0.1201 -0.0455
vn -0.9284 0.2179 -0.3009
vn -0.9205 0.1831 -0.3451
vn -0.9896 0.1428 -0.0157
vn -0.9821 0.1755 -0.0679
vn -0.9907 0.0395 -0.1300
vn -0.9025 -0.3703 0.2200
vn -0.9315 0.1609 0.3263
vn -0.5487 -0.6148 0.5665
vn -0.5041 -0.6150 0.6064
vn -0.9864 -0.0841 0.1409
vn -0.0762 -0.5945 0.8005
vn -0.7978 -0.4480 0.4035
vn -0.5361 -0.5771 0.6160
vn -0.5434 -0.4026 0.7366
vn 0.0299 -0.4453 0.8949
vn 0.0522 -0.1685 0.9843
vn -0.8589 -0.2885 0.4232
vn -0.8574 0.0094 0.5146
vn -0.4248 0.1421 0.8941
vn -0.5167 -0.1006 0.8502
vn -0.8949 0.1872 0.4050
vn -0.9708 0.2382 0.0284
vn -0.9939 0.0326 -0.1052
vn -0.9682 0.2256 -0.1078
vn -0.9430 -0.0772 -0.3236
vn -0.0000 -0.9961 -0.0886
vn -0.6001 -0.7997 0.0160
vn -0.6608 -0.7502 0.0213
vn -0.0000 -0.9990 -0.0446
vn -0.0000 -0.9934 0.1148
vn -0.5520 -0.8310 0.0690
vn -0.5317 -0.8199 0.2123
vn -0.0000 -0.9713 0.2381
vn -0.4062 -0.8169 0.4095
vn -0.0000 -0.9033 0.4290
vn -0.3605 -0.8380 0.4097
vn -0.0000 -0.9174 0.3980
vn -0.5479 -0.7934 0.2652
vn -0.3897 -0.8303 0.3983
vn -0.4054 -0.9015 0.1515
vn -0.0000 -0.9987 0.0502
vn -0.3031 -0.9301 0.2075
vn -0.5008 -0.8652 0.0229
vn -0.4194 -0.9005 -0.1147
vn -0.0000 -0.9962 -0.0868
vn -0.7270 -0.6730 -0.1362
vn -0.4225 -0.9059 -0.0303
vn -0.3992 -0.9143 -0.0686
vn -0.3809 -0.9245 -0.0119
vn -0.0000 -0.9998 0.0194
vn -0.0000 -0.9803 0.1976
vn -0.8961 -0.4427 -0.0307
vn -0.4797 -0.7142 0.5097
vn -0.4506 -0.8915 -0.0480
vn -0.3885 -0.9115 0.1350
vn -0.0000 -0.9480 0.3182
vn -0.4500 -0.8930 0.0058
vn -0.2568 -0.9411 0.2199
vn -0.0000 -0.9231 0.3846
vn -0.3079 -0.9513 0.0138
vn -0.3348 -0.9380 0.0899
vn -0.6147 -0.7887 0.0056
vn -0.4559 -0.8808 0.1275
vn -0.9152 -0.3308 -0.2303
vn -0.9474 -0.3200 -0.0063
vn -0.6791 -0.7064 0.1996
vn -0.9485 -0.3040 -0.0890
vn -0.8751 -0.4839 0.0066
vn -0.8486 -0.5181 0.1069
vn -0.8452 -0.5100 0.1601
vn -0.7919 -0.5204 0.3194
vn -0.8238 -0.5421 0.1656
vn -0.7867 -0.5581 0.2640
vn -0.7594 -0.5625 0.3270
vn -0.7995 -0.5475 0.2471
vn -0.7881 -0.5417 0.2923
vn -0.8110 -0.4715 0.3464
vn -0.7616 -0.5894 0.2695
vn -0.5023 -0.8178 0.2809
vn -0.6894 -0.6152 0.3823
vn -0.1639 -0.9281 0.3344
vn -0.3975 -0.8316 0.3879
vn -0.1716 -0.8960 0.4097
vn -0.0000 -0.9062 0.4228
vn -0.2581 -0.9321 0.2541
vn -0.0000 -0.9525 0.3046
vn -0.4603 -0.7741 0.4346
vn -0.7764 -0.5138 0.3649
vn -0.6337 -0.6904 0.3488
vn -0.6402 -0.7496 0.1680
vn -0.7763 -0.6282 0.0525
vn -0.1134 -0.9796 0.1658
vn -0.0000 -0.9707 0.2402
vn -0.0000 -0.9832 0.1825
vn -0.5037 -0.8587 0.0944
vn 0.0529 -0.9831 0.1751
vn -0.0000 -0.9721 0.2348
vn -0.3335 -0.9312 0.1471
vn -0.5516 -0.8328 0.0467
vn 0.0098 -0.9440 0.3299
vn 0.1811 -0.9496 0.2559
vn -0.0000 -0.9240 0.3824
vn -0.6934 -0.7206 0.0058
vn -0.6856 -0.7279 -0.0127
vn -0.7858 -0.6164 -0.0505
vn -0.9134 -0.4055 0.0364
vn -0.0300 -0.8714 0.4896
vn 0.0321 -0.7672 0.6407
vn 0.2111 -0.8790 0.4275
vn -0.0000 -0.7975 0.6033
vn 0.1615 -0.7355 0.6580
vn -0.0078 -0.7247 0.6890
vn -0.0840 -0.7937 0.6024
vn 0.1122 -0.5774 0.8087
vn -0.2897 -0.2539 0.9228
vn -0.1689 -0.8669 0.4690
vn -0.0000 -0.9274 0.3742
vn -0.0000 -0.9941 0.1082
vn 0.0100 -0.8393 0.5436
vn -0.2687 -0.9362 0.2265
vn -0.0000 -0.9900 0.1409
vn -0.4410 -0.8459 0.3000
vn -0.0000 -0.9689 0.2475
vn -0.0000 -0.8964 0.4433
vn -0.0000 -0.9187 0.3951
vn 0.0469 -0.9735 0.2238
vn -0.3848 -0.4903 0.7820
vn -0.5983 -0.1311 0.7905
vn 0.0365 -0.9419 0.3339
vn -0.3084 -0.8924 0.3294
vn -0.2456 -0.9139 0.3232
vn -0.2049 -0.9134 0.3516
vn -0.5989 -0.7504 0.2795
vn -0.5343 -0.8373 0.1158
vn -0.0000 -0.9339 0.3575
vn -0.0000 -0.9876 0.1571
vn -0.0000 -1.0000 -0.0049
vn -0.4560 -0.7982 0.3936
vn -0.4866 -0.8669 -0.1081
vn -0.0000 -0.9907 -0.1361
vn -0.3544 -0.9333 -0.0580
vn -0.0000 -0.9982 -0.0605
vn -0.0000 -0.9978 0.0664
vn -0.0000 -0.9933 0.1155
vn -0.1940 -0.9571 0.2154
vn -0.3642 -0.8291 0.4243
vn -0.5746 -0.5326 0.6214
vn -0.4477 -0.8152 0.3675
vn -0.4530 -0.8699 0.1951
vn -0.6527 -0.2664 0.7092
vn -0.6366 -0.5697 0.5198
vn -0.6018 -0.2435 0.7606
vn -0.7918 -0.2602 0.5526
vn -0.4526 -0.8250 0.3385
vn -0.4845 -0.8295 0.2778
vn -0.7395 -0.5991 0.3070
vn -0.7487 -0.5066 0.4276
vn -0.6311 -0.4421 0.6374
vn -0.5179 -0.4585 0.7222
vn -0.6854 -0.5633 0.4613
vn -0.7334 -0.6482 0.2049
vn -0.6192 -0.4839 0.6184
vn -0.1769 -0.6417 0.7463
vn -0.2895 -0.7504 0.5942
vn -0.7971 -0.4004 0.4520
vn -0.6530 -0.6798 0.3339
vn -0.8215 -0.4945 0.2838
vn -0.3672 -0.8282 0.4234
vn -0.7371 -0.6433 0.2069
vn -0.7703 -0.6257 0.1230
vn -0.8545 -0.5175 0.0454
vn -0.5178 -0.7601 0.3926
vn -0.8778 -0.3922 0.2751
vn -0.5634 -0.6393 0.5233
vn -0.6896 -0.6558 0.3072
vn -0.8963 -0.3411 0.2834
vn -0.6383 -0.6352 0.4347
vn -0.4973 -0.7737 0.3925
vn -0.7912 -0.4926 0.3623
vn -0.8937 -0.3377 0.2956
vn -0.5412 -0.5579 0.6291
vn -0.6330 -0.6343 0.4438
vn -0.7081 -0.6660 0.2345
vn -0.6226 -0.7765 0.0971
vn -0.5251 -0.7101 0.4690
vn -0.8778 -0.4757 -0.0569
vn -0.8270 -0.4486 0.3389
vn -0.7318 -0.6614 0.1645
vn -0.4215 -0.7922 0.4412
vn -0.6335 -0.6944 0.3414
vn -0.2713 -0.9395 0.2091
vn -0.4648 -0.8397 0.2810
vn -0.5743 -0.7786 0.2531
vn -0.3102 -0.8982 0.3114
vn -0.3684 -0.9295 -0.0171
vn -0.7287 -0.6577 0.1908
vn -0.5954 -0.7953 0.1144
vn -0.4045 -0.9062 -0.1236
vn -0.4080 -0.8920 -0.1946
vn -0.5023 -0.8604 -0.0859
vn -0.5540 -0.8318 0.0340
vn -0.7492 -0.6204 0.2321
vn -0.4679 -0.8833 -0.0270
vn -0.4355 -0.9001 0.0111
vn -0.5616 -0.8039 0.1960
vn -0.7580 -0.5751 0.3079
vn -0.4561 -0.8836 0.1062
vn -0.3856 -0.9183 -0.0895
vn -0.1713 -0.9813 -0.0878
vn -0.2521 -0.9603 0.1197
vn -0.0000 -0.9933 0.1160
vn -0.3412 -0.9368 0.0771
vn -0.0000 -0.9587 -0.2845
vn -0.0000 -0.9971 0.0761
vn 0.5688 -0.8052 0.1677
vn -0.1046 -0.9272 -0.3598
vn 0.6657 -0.3936 -0.6340
vn 0.9741 -0.2084 -0.0874
vn 0.7003 -0.2149 -0.6808
vn 0.9626 0.1409 -0.2312
vn 0.7774 -0.0367 -0.6279
vn 0.9389 0.1245 -0.3209
vn 0.9390 -0.2858 -0.1915
vn 0.9987 0.0219 -0.0458
vn 0.7093 -0.7041 0.0337
vn 0.9739 -0.2013 0.1051
vn 0.5265 -0.8400 0.1311
vn 0.9443 -0.2338 0.2314
vn 0.4336 -0.9011 0.0038
vn 0.9336 -0.3581 0.0111
vn 0.7437 -0.5745 -0.3418
vn 0.4842 -0.8223 -0.2989
vn 0.2002 -0.8988 -0.3901
vn -0.0450 -0.9959 0.0779
vn -0.0337 -0.9976 -0.0603
vn -0.4860 -0.8621 -0.1433
vn -0.5268 -0.7854 -0.3249
vn -0.5485 -0.8348 0.0469
vn -0.9519 -0.2750 -0.1349
vn -0.9041 -0.4207 -0.0752
vn -0.9481 -0.3087 0.0764
vn -0.9951 0.0050 -0.0992
vn -0.9881 -0.0895 0.1251
vn -0.8690 0.2925 0.3991
vn -0.9775 0.2045 -0.0511
vn -0.9342 0.3563 -0.0198
vn -0.6325 0.7637 0.1288
vn -0.5378 0.6107 0.5813
vn -0.1902 0.8257 0.5311
vn -0.7636 0.6457 0.0074
vn -0.1712 0.9808 0.0931
vn 0.3319 0.8868 0.3218
vn -0.9171 0.3752 0.1346
vn -0.1270 0.9916 0.0231
vn 0.5852 0.8069 -0.0808
vn 0.2873 0.9575 -0.0237
vn 0.7276 0.6852 0.0337
vn 0.9409 0.1524 -0.3025
vn -0.2428 0.9542 0.1749
vn 0.9494 0.3052 -0.0741
vn 0.5848 0.8059 0.0923
vn 0.8787 0.4316 0.2041
vn -0.2697 0.9035 0.3331
vn 0.5350 0.8020 0.2658
vn 0.8724 0.4144 0.2590
vn -0.9237 0.3235 0.2051
vn -0.3178 0.7599 0.5671
vn 0.8460 0.5023 0.1788
vn 0.5416 0.7382 0.4020
vn -0.9319 -0.3487 0.0999
vn 0.9008 0.3696 0.2280
vn -0.8890 0.2971 0.3486
vn 0.6710 0.4205 0.6107
vn -0.1576 0.4191 0.8942
vn 0.9502 -0.0312 0.3100
vn 0.6651 0.0862 0.7418
vn 0.5482 -0.5959 0.5869
vn 0.3799 -0.2997 0.8752
vn -0.0501 0.0986 0.9939
vn -0.1590 -0.1466 0.9763
vn -0.7932 0.0895 0.6023
vn -0.6089 -0.1191 0.7843
vn -0.6468 -0.0702 0.7595
vn -0.8828 -0.2155 0.4173
vn -0.9844 0.0149 0.1752
vn -0.8698 -0.1792 0.4597
vn -0.9531 -0.3025 0.0058
vn -0.9198 -0.3798 -0.0983
vn -0.7310 -0.6132 -0.2994
vn -0.9452 -0.1206 0.3035
vn -0.9233 -0.3631 -0.1254
vn -0.4271 -0.8285 -0.3621
vn -0.5204 -0.5078 -0.6865
vn 0.0491 -0.5116 -0.8578
vn -0.8995 -0.3518 -0.2592
vn -0.5140 -0.5554 -0.6537
vn 0.0389 -0.4614 -0.8863
vn -0.8784 -0.4620 -0.1227
vn -0.5925 -0.4577 -0.6629
vn 0.0812 -0.2574 -0.9629
vn -0.5318 -0.8468 0.0128
vn -0.6374 -0.7241 -0.2634
vn 0.0234 -0.9992 0.0338
vn -0.4271 -0.6124 -0.6653
vn 0.6831 -0.2883 -0.6710
vn -0.3360 -0.9341 -0.1210
vn 0.5427 -0.8225 -0.1699
vn 0.0060 -0.9853 -0.1708
vn 0.7132 -0.6158 -0.3350
vn 0.1130 -0.9126 -0.3930
vn 0.1346 -0.5375 -0.8325
vn -0.3370 -0.9033 -0.2654
vn -0.0009 0.9192 0.3938
vn -0.0000 0.9197 0.3926
vn -0.3313 0.8604 0.3872
vn -0.3384 0.8693 0.3604
vn -0.5827 0.7494 0.3144
vn -0.0000 0.9321 0.3623
vn -0.5899 0.7506 0.2977
vn -0.7603 0.5867 0.2789
vn -0.3791 0.8661 0.3259
vn -0.0000 0.9601 0.2795
vn -0.4252 0.8686 0.2544
vn -0.0000 0.9778 0.2095
vn -0.6063 0.7511 0.2612
vn -0.7152 0.6372 0.2871
vn -0.8388 0.4736 0.2685
vn -0.8079 0.4723 0.3523
vn -0.8917 0.2771 0.3579
vn -0.7363 0.6372 0.2276
vn -0.6350 0.7420 0.2148
vn -0.4299 0.8818 0.1937
vn -0.6552 0.7397 0.1537
vn -0.4575 0.8863 0.0726
vn -0.0000 0.9974 0.0715
vn -0.7052 0.7069 0.0539
vn -0.4944 0.8672 -0.0602
vn -0.0000 0.9963 -0.0856
vn -0.7379 0.6746 -0.0225
vn -0.4743 0.8679 -0.1474
vn -0.0000 0.9850 -0.1727
vn -0.0000 0.9798 -0.2002
vn -0.7350 0.6748 -0.0669
vn -0.4880 0.8577 -0.1620
vn -0.4084 0.8950 -0.1791
vn -0.0000 0.9813 -0.1926
vn -0.4457 0.8864 -0.1252
vn -0.0000 0.9961 -0.0880
vn -0.4556 0.8807 -0.1298
vn -0.0000 0.9904 -0.1384
vn -0.4621 0.8790 -0.1180
vn -0.5247 0.8441 -0.1104
vn -0.6735 0.7355 -0.0742
vn -0.7767 0.6251 0.0771
vn -0.8410 0.5407 -0.0180
vn -0.8193 0.5689 -0.0717
vn -0.4571 0.8587 -0.2318
vn -0.0000 0.9585 -0.2852
vn -0.0000 0.9376 -0.3478
vn -0.4407 0.8398 -0.3171
vn -0.0000 0.8921 -0.4519
vn -0.5369 0.8165 -0.2123
vn -0.4450 0.8061 -0.3900
vn -0.0000 0.8730 -0.4876
vn -0.8578 0.5135 -0.0204
vn -0.8100 0.5858 0.0290
vn -0.4562 0.8797 -0.1345
vn -0.5614 0.7763 -0.2868
vn -0.7150 0.6590 -0.2334
vn -0.6759 0.7081 -0.2043
vn -0.6236 0.7681 -0.1452
vn -0.5733 0.7386 -0.3546
vn -0.8870 0.4598 -0.0418
vn -0.5538 0.8275 -0.0922
vn -0.5048 0.8588 -0.0870
vn -0.7629 0.6219 -0.1766
vn -0.7210 0.6838 -0.1122
vn -0.7775 0.6187 -0.1129
vn -0.7552 0.6397 -0.1430
vn -0.5902 0.8044 0.0673
vn -0.8131 0.5756 -0.0869
vn -0.5934 0.8047 0.0178
vn -0.6431 0.7553 -0.1259
vn -0.8210 0.5522 -0.1448
vn -0.6664 0.7167 0.2053
vn -0.8026 0.5872 -0.1050
vn -0.7308 0.6737 0.1099
vn -0.7512 0.6189 0.2294
vn -0.8112 0.5690 0.1352
vn -0.8646 0.4978 -0.0688
vn -0.8786 0.4425 -0.1794
vn -0.8426 0.5356 -0.0562
vn -0.7867 0.5990 0.1495
vn -0.7756 0.6247 0.0903
vn -0.7526 0.6263 0.2033
vn -0.7783 0.5820 0.2359
vn -0.6763 0.6681 0.3103
vn -0.7290 0.4996 0.4680
vn -0.8880 0.4534 0.0768
vn -0.9463 0.3232 -0.0001
vn -0.8665 0.3804 0.3232
vn -0.8802 0.4678 0.0799
vn -0.7970 0.5891 0.1334
vn -0.7642 0.6154 0.1931
vn -0.8877 0.4359 0.1482
vn -0.8786 0.4388 0.1882
vn -0.8956 0.4250 0.1311
vn -0.9374 0.2776 0.2103
vn -0.9239 0.3014 0.2356
vn -0.9461 0.3035 0.1132
vn -0.9614 0.2259 0.1570
vn -0.9587 0.1908 0.2109
vn -0.9451 0.2628 0.1942
vn -0.9637 0.0128 0.2666
vn -0.8998 -0.1003 0.4247
vn -0.7988 -0.4020 0.4475
vn -0.9870 0.0215 0.1595
vn -0.8957 -0.3169 0.3119
vn -0.6061 -0.6764 0.4186
vn -0.7330 -0.5627 0.3822
vn -0.9581 -0.2071 0.1978
vn -0.9178 0.0866 0.3875
vn -0.9696 0.0047 0.2448
vn -0.9763 0.0567 0.2087
vn -0.9819 -0.0649 0.1781
vn -0.9691 0.0635 0.2383
vn -0.9462 -0.0713 0.3156
vn -0.9455 -0.0674 0.3186
vn -0.8401 -0.2893 0.4589
vn -0.9614 -0.0494 0.2708
vn -0.9677 0.0219 0.2513
vn -0.9753 0.0633 0.2118
vn -0.9892 0.0469 0.1391
vn -0.7915 -0.1865 0.5820
vn -0.6871 -0.5095 0.5180
vn -0.9835 0.0353 0.1776
vn -0.9846 -0.0044 0.1749
vn -0.9734 0.0402 0.2256
vn -0.9710 0.0028 0.2391
vn -0.9534 0.1113 0.2804
vn -0.9544 -0.0283 0.2971
vn -0.9696 0.0240 0.2434
vn -0.7349 -0.5413 0.4086
vn -0.8232 -0.3873 0.4152
vn -0.9397 -0.0776 0.3332
vn -0.9255 0.1442 0.3501
vn -0.9566 -0.2095 0.2025
vn -0.6650 -0.6007 0.4438
vn -0.8877 0.1561 0.4330
vn -0.9220 -0.2292 0.3121
vn -0.6596 -0.6305 0.4090
vn -0.9287 -0.2536 0.2706
vn -0.4760 -0.6135 0.6301
vn -0.7026 -0.3328 0.6290
vn -0.8016 -0.1428 0.5806
vn -0.2579 -0.7081 0.6573
vn -0.3752 -0.6173 0.6915
vn -0.5624 -0.4682 0.6815
vn -0.5029 -0.2922 0.8135
vn -0.7362 0.2498 0.6289
vn -0.3674 -0.7215 0.5869
vn -0.3188 -0.7848 0.5315
vn -0.3665 -0.4485 0.8152
vn -0.6630 -0.0276 0.7481
vn -0.6193 -0.7718 0.1443
vn -0.3521 -0.6199 0.7013
vn -0.7453 0.4080 0.5273
vn -0.8722 0.4518 0.1873
vn -0.6744 0.6046 0.4238
vn -0.8842 0.4257 -0.1921
vn -0.7730 0.6171 0.1471
vn -0.6771 0.7271 0.1134
vn -0.7984 0.5766 -0.1737
vn -0.7727 0.6220 -0.1262
vn -0.8435 0.3040 -0.4428
vn -0.8398 0.4145 -0.3507
vn -0.8361 0.5081 -0.2070
vn -0.8393 0.2260 -0.4944
vn -0.8882 0.4107 -0.2058
vn -0.8570 0.2981 -0.4203
vn -0.9091 0.2039 -0.3631
vn -0.8946 0.4236 -0.1420
vn -0.9191 0.2775 -0.2798
vn -0.9889 0.0904 -0.1175
vn -0.8630 0.5049 -0.0200
vn -0.9240 0.3343 -0.1854
vn -0.9558 0.2920 0.0332
vn -0.8998 0.4288 0.0806
vn -0.8939 0.4278 0.1341
vn -0.8067 0.5910 0.0027
vn -0.9829 0.1688 0.0737
vn -0.7747 0.6276 -0.0778
vn -0.9940 0.0137 0.1090
vn -0.8409 0.5411 -0.0065
vn -0.9784 0.1975 0.0615
vn -0.9940 0.0743 0.0808
vn -0.9358 0.3512 0.0310
vn -0.9452 0.3244 -0.0368
vn -0.8546 0.5137 -0.0759
vn -0.9597 0.2587 -0.1097
vn -0.9907 0.1356 0.0140
vn -0.8712 0.4681 -0.1480
vn -0.7585 0.6114 -0.2256
vn -0.9910 0.1234 -0.0518
vn -0.9018 0.3486 -0.2553
vn -0.7271 0.6502 -0.2206
vn -0.8188 0.4576 -0.3468
vn -0.7436 0.5834 -0.3267
vn -0.6987 0.6411 -0.3175
vn -0.9861 0.1649 -0.0198
vn -0.9669 0.2236 -0.1226
vn -0.9528 0.2114 -0.2178
vn -0.9183 0.2625 -0.2963
vn -0.9977 0.0521 0.0425
vn -0.9660 0.1662 -0.1979
vn -0.9859 -0.0158 -0.1663
vn -0.9806 -0.1770 -0.0844
vn -0.9898 -0.0571 0.1306
vn -0.9112 -0.1231 -0.3932
vn -0.9301 0.0199 -0.3668
vn -0.8983 0.2476 -0.3629
vn -0.9850 -0.1258 0.1179
vn -0.9356 -0.2526 0.2466
vn -0.8086 0.3915 -0.4392
vn -0.8912 0.2136 -0.4002
vn -0.8763 -0.3388 0.3426
vn -0.9105 -0.3224 0.2591
vn -0.8384 -0.4837 0.2511
vn -0.8604 -0.4183 0.2911
vn -0.8802 -0.3267 0.3444
vn -0.9381 -0.2761 0.2090
vn -0.9344 -0.2685 0.2342
vn -0.9542 -0.2741 0.1201
vn -0.8811 -0.4552 0.1281
vn -0.9540 -0.2538 0.1594
vn -0.8264 -0.5577 -0.0778
vn -0.9591 -0.2620 0.1071
vn -0.9647 -0.2582 0.0512
vn -0.8608 -0.4911 -0.1338
vn -0.9556 -0.2943 0.0160
vn -0.9649 -0.2604 0.0336
vn -0.9691 -0.2459 -0.0199
vn -0.9060 -0.4074 -0.1152
vn -0.9561 -0.2912 -0.0332
vn -0.8999 -0.4260 -0.0935
vn -0.9264 -0.2889 -0.2413
vn -0.9551 -0.2187 -0.2000
vn -0.9496 -0.3064 0.0655
vn -0.9078 -0.1552 -0.3897
vn -0.6069 -0.5474 0.5761
vn -0.9033 -0.1405 -0.4054
vn -0.9739 0.1079 0.1995
vn -0.9100 -0.1710 -0.3777
vn -0.9656 -0.2143 -0.1472
vn -0.8160 -0.0711 0.5737
vn -0.4952 0.3262 0.8052
vn -0.9610 -0.0235 -0.2754
vn -0.9021 0.1589 0.4011
vn -0.4825 0.4558 0.7479
vn -0.5596 0.3135 0.7672
vn -0.8687 0.4339 0.2390
vn -0.8985 0.1231 0.4213
vn -0.8390 0.4442 0.3144
vn -0.9860 0.1532 0.0658
vn -0.9187 0.3042 -0.2518
vn -0.9309 0.3649 -0.0160
vn -0.8020 0.5588 0.2109
vn -0.9365 0.3274 -0.1258
vn -0.8818 0.4703 -0.0354
vn -0.9303 0.1698 -0.3251
vn -0.8999 0.4159 -0.1312
vn -0.8786 -0.0093 -0.4775
vn -0.9043 -0.0364 -0.4254
vn -0.8815 0.1612 -0.4438
vn -0.8571 -0.2436 -0.4539
vn -0.9106 0.3181 -0.2640
vn -0.9206 0.1028 -0.3768
vn -0.8572 0.3615 -0.3667
vn -0.8550 0.4253 -0.2966
vn -0.8386 0.5357 -0.0992
vn -0.7272 -0.5923 -0.3469
vn -0.8744 -0.2961 -0.3845
vn -0.9125 -0.0256 -0.4083
vn -0.9260 -0.0059 -0.3774
vn -0.8909 0.1788 -0.4175
vn -0.8762 0.3417 -0.3399
vn -0.8949 0.3092 -0.3217
vn -0.8014 0.3932 -0.4506
vn -0.6786 0.5227 -0.5160
vn -0.7559 0.5072 -0.4141
vn -0.7882 0.5105 -0.3436
vn -0.6112 0.6110 -0.5031
vn -0.7860 0.4835 -0.3851
vn -0.4931 0.6868 -0.5340
vn -0.0000 0.7911 -0.6117
vn -0.5270 0.6204 -0.5809
vn -0.4706 0.6961 -0.5423
vn -0.0000 0.7841 -0.6207
vn -0.3831 0.7203 -0.5782
vn -0.0000 0.8004 -0.5995
vn -0.0000 0.8739 -0.4861
vn -0.7792 0.5010 -0.3766
vn -0.7067 0.5470 -0.4487
vn -0.3331 0.8152 -0.4739
vn -0.0000 0.9542 -0.2990
vn -0.4713 0.6482 -0.5981
vn -0.7775 0.5259 -0.3448
vn -0.3267 0.8971 -0.2975
vn -0.0000 0.9655 -0.2604
vn -0.5518 0.7161 -0.4274
vn -0.7561 0.5344 -0.3776
vn -0.2805 0.9290 -0.2414
vn -0.0000 0.9482 -0.3178
vn -0.7319 0.6297 -0.2605
vn -0.4707 0.8316 -0.2949
vn -0.3595 0.9036 -0.2330
vn -0.0000 0.9147 -0.4040
vn -0.4096 0.8885 -0.2069
vn -0.6537 0.7348 -0.1811
vn -0.8024 0.5581 -0.2112
vn -0.7222 0.5938 -0.3546
vn -0.7896 0.5059 -0.3472
vn -0.7834 0.6054 -0.1409
vn -0.7836 0.6139 -0.0952
vn -0.8317 0.5379 -0.1373
vn -0.8115 0.5840 -0.0228
vn -0.8197 0.5672 0.0797
vn -0.8181 0.5432 -0.1886
vn -0.9061 0.4220 -0.0318
vn -0.8775 0.4578 -0.1425
vn -0.8780 0.4783 0.0166
vn -0.7293 0.6816 0.0600
vn -0.8446 0.5293 -0.0809
vn -0.4729 0.8802 -0.0401
vn -0.8083 0.4007 -0.4314
vn -0.7696 0.6325 -0.0878
vn -0.3265 0.9365 -0.1280
vn -0.6022 0.7905 -0.1115
vn -0.4209 0.8976 -0.1314
vn -0.4846 0.8003 -0.3531
vn -0.4460 0.7893 -0.4220
vn -0.0000 0.8958 -0.4444
vn -0.6268 0.5870 -0.5124
vn -0.7332 0.4390 -0.5192
vn -0.4195 0.8082 -0.4132
vn -0.7956 0.4004 -0.4546
vn -0.5971 0.6517 -0.4677
vn -0.5814 0.7231 -0.3728
vn -0.7450 0.4918 -0.4508
vn -0.7770 0.4949 -0.3889
vn -0.7258 0.6018 -0.3332
vn -0.4786 -0.1113 0.8710
vn -0.0000 -0.0985 0.9951
vn 0.0089 -0.4534 0.8913
vn -0.4088 -0.5073 0.7586
vn 0.0420 -0.3762 0.9256
vn -0.6837 -0.1565 0.7127
vn -0.3696 -0.3988 0.8393
vn 0.0457 -0.0144 0.9989
vn -0.6290 -0.4915 0.6023
vn -0.7736 -0.2153 0.5960
vn -0.6857 -0.3685 0.6277
vn -0.3390 -0.0339 0.9402
vn 0.0846 0.3132 0.9459
vn -0.7425 -0.4302 0.5134
vn -0.8007 -0.3094 0.5130
vn -0.7647 -0.3560 0.5371
vn -0.3184 0.2907 0.9023
vn 0.0246 0.5448 0.8382
vn -0.6192 -0.0701 0.7821
vn -0.2746 0.5506 0.7883
vn -0.0127 0.7057 0.7084
vn -0.5930 0.2668 0.7597
vn -0.7519 -0.1448 0.6432
vn -0.2394 0.7097 0.6625
vn -0.0175 0.8208 0.5709
vn -0.3203 0.8053 0.4989
vn -0.0281 0.8962 0.4427
vn -0.4997 0.6298 0.5947
vn -0.5787 0.4766 0.6618
vn -0.7553 0.2312 0.6133
vn -0.8804 -0.1274 0.4567
vn -0.7545 0.4130 0.5100
vn -0.3741 0.8381 0.3971
vn -0.0370 0.9159 0.3998
vn -0.8298 -0.3644 0.4226
vn -0.7849 -0.4132 0.4617
vn -0.8503 -0.2548 0.4605
vn -0.7938 -0.3672 0.4849
vn -0.7985 -0.4468 0.4035
vn -0.7485 -0.4755 0.4623
vn -0.7704 -0.3527 0.5311
vn -0.6820 -0.4856 0.5469
vn -0.7139 -0.3475 0.6079
vn -0.7941 -0.1174 0.5963
vn -0.7333 0.0403 0.6787
vn -0.9243 -0.0721 0.3747
vn -0.7858 0.2156 0.5797
vn -0.7489 0.2979 0.5920
vn -0.8856 0.2083 0.4151
vn -0.8709 0.0685 0.4866
vn -0.9129 0.1548 0.3776
vn -0.8645 0.3372 0.3727
vn -0.7187 0.5258 0.4550
vn -0.9403 0.2184 0.2612
vn -0.9040 0.3868 0.1823
vn -0.9204 0.0416 0.3887
vn -0.9189 0.1455 0.3666
vn -0.8399 0.3514 0.4135
vn -0.9300 0.2145 0.2986
vn -0.9703 0.0422 0.2383
vn -0.8985 0.2658 0.3495
vn -0.9231 -0.0592 0.3801
vn -0.8653 0.1925 0.4628
vn -0.9445 0.2125 0.2504
vn -0.8723 0.4123 0.2630
vn -0.9105 0.3402 0.2352
vn -0.8544 0.2736 0.4417
vn -0.8331 0.3078 0.4595
vn -0.8148 0.5151 0.2662
vn -0.8332 0.4114 0.3695
vn -0.7913 0.3495 0.5017
vn -0.8101 0.4024 0.4265
vn -0.8370 0.4738 0.2736
vn -0.6627 0.6760 0.3223
vn -0.6574 0.6750 0.3348
vn -0.7495 0.5085 0.4240
vn -0.7596 0.4772 0.4419
vn -0.5752 0.7069 0.4116
vn -0.6976 0.6424 0.3173
vn -0.5290 0.7786 0.3374
vn -0.4866 0.7828 0.3880
vn -0.5244 0.7812 0.3388
vn -0.3648 0.8506 0.3787
vn -0.0115 0.9225 0.3859
vn -0.3727 0.8541 0.3628
vn -0.0004 -0.3966 0.9180
vn 0.0147 -0.0816 0.9966
vn -0.1217 -0.2570 0.9587
vn -0.2818 -0.0192 0.9593
vn -0.2840 -0.4375 0.8532
vn -0.0000 0.0812 0.9967
vn -0.5245 -0.0851 0.8471
vn -0.5076 -0.2983 0.8083
vn -0.5599 0.0027 0.8285
vn -0.6684 -0.2821 0.6883
vn -0.2810 0.1216 0.9520
vn -0.0000 0.1023 0.9948
vn -0.5438 0.0279 0.8388
vn -0.6272 -0.0191 0.7786
vn -0.6317 -0.0033 0.7752
vn -0.2393 0.4302 0.8704
vn -0.4008 0.1678 0.9007
vn -0.5986 -0.1274 0.7909
vn -0.5511 0.2076 0.8082
vn -0.6246 0.0603 0.7786
vn -0.7601 0.1338 0.6359
vn -0.7832 0.0464 0.6200
vn -0.2355 0.2010 0.9508
vn -0.5938 0.0096 0.8045
vn 0.0310 0.4833 0.8749
vn -0.7292 0.0758 0.6801
vn -0.7366 -0.0764 0.6720
vn -0.7303 -0.4252 0.5347
vn -0.8147 0.0492 0.5778
vn -0.7847 -0.1042 0.6110
vn -0.6313 -0.3709 0.6811
vn -0.7246 -0.3753 0.5780
vn -0.8929 -0.0913 0.4408
vn -0.8178 -0.4715 0.3300
vn -0.8879 0.0119 0.4599
vn -0.9093 -0.1600 0.3840
vn -0.7632 -0.4608 0.4530
vn -0.9114 -0.0395 0.4096
vn -0.8405 -0.2196 0.4954
vn -0.9481 0.0476 0.3145
vn -0.8951 -0.0172 0.4455
vn -0.9410 -0.0141 0.3381
vn -0.8932 -0.4102 0.1844
vn -0.8583 -0.5130 -0.0105
vn -0.9439 0.0834 0.3195
vn -0.9596 0.0218 0.2804
vn -0.9834 0.0041 0.1816
vn -0.7782 -0.6279 0.0124
vn -0.8360 -0.5476 0.0353
vn -0.9220 -0.2178 0.3201
vn -0.9580 0.0426 0.2834
vn -0.9704 0.0863 0.2255
vn -0.9656 -0.0143 0.2595
vn -0.7773 -0.6268 -0.0549
vn -0.9764 -0.1839 0.1132
vn -0.9358 0.0767 0.3441
vn -0.8592 -0.4517 0.2404
vn -0.9542 -0.2801 0.1049
vn -0.7847 -0.5857 0.2029
vn -0.9687 0.0677 0.2388
vn -0.8967 -0.4019 0.1856
vn -0.8435 -0.4817 0.2376
vn -0.9820 0.0425 0.1839
vn -0.6331 -0.7109 0.3065
vn -0.9559 0.0971 0.2771
vn -0.8895 0.1879 0.4164
vn -0.8392 0.1713 0.5161
vn -0.9706 -0.1464 0.1911
vn -0.6863 -0.7134 0.1414
vn -0.8395 -0.1779 0.5135
vn -0.5869 -0.7137 0.3823
vn -0.6526 -0.5072 0.5629
vn -0.6521 -0.7499 0.1114
vn -0.7174 -0.4099 0.5633
vn -0.8291 -0.4697 0.3033
vn -0.7984 -0.5653 -0.2075
vn -0.7369 -0.4676 0.4882
vn -0.6329 -0.7083 -0.3127
vn -0.7943 -0.5528 0.2522
vn -0.7794 -0.6213 -0.0814
vn -0.7610 -0.5670 -0.3154
vn -0.7816 -0.6229 -0.0337
vn -0.8153 -0.3918 0.4264
vn -0.8119 -0.1348 0.5680
vn -0.7174 -0.6463 0.2599
vn -0.9800 -0.1545 0.1256
vn -0.8463 -0.3889 0.3640
vn -0.8702 -0.4924 0.0159
vn -0.5917 -0.8038 0.0616
vn -0.8893 0.2559 0.3789
vn -0.9124 0.0199 0.4089
vn -0.9756 -0.1107 0.1897
vn -0.9480 0.3145 -0.0494
vn -0.9881 0.1316 0.0792
vn -0.8469 0.3423 0.4069
vn -0.9966 0.0535 -0.0627
vn -0.8673 -0.3320 0.3709
vn -0.9903 -0.1354 0.0309
vn -0.9703 0.1882 0.1521
vn -0.8745 -0.4298 0.2249
vn -0.9947 0.0804 0.0648
vn -0.9881 -0.1526 0.0188
vn -0.9616 0.2097 0.1772
vn -0.8923 -0.3305 -0.3077
vn -0.8905 0.4450 -0.0947
vn -0.9820 0.1725 -0.0762
vn -0.6754 0.6368 0.3719
vn -0.9246 -0.0509 0.3774
vn -0.9191 -0.0985 0.3816
vn -0.8799 0.2245 -0.4187
vn -0.9704 -0.0649 0.2326
vn -0.6960 0.5139 0.5015
vn -0.7707 0.6336 0.0671
vn -0.3986 0.9090 -0.1219
vn -0.4675 0.6797 -0.5652
vn -0.9416 0.3364 0.0151
vn -0.9518 -0.0905 0.2932
vn -0.9343 -0.0628 0.3510
vn -0.9480 0.0397 0.3159
vn -0.6022 0.7939 -0.0844
vn -0.9263 0.3012 0.2264
vn -0.8996 0.0696 0.4312
vn -0.9768 -0.1224 0.1756
vn -0.8965 -0.0772 0.4362
vn -0.9639 0.2354 0.1244
vn -0.9416 -0.0488 0.3333
vn -0.9612 -0.1502 0.2316
vn -0.8664 -0.4059 0.2908
vn -0.9737 0.0161 0.2273
vn -0.6183 0.2442 0.7470
vn -0.7484 -0.5828 0.3167
vn -0.5245 -0.7253 0.4459
vn -0.1706 -0.3073 0.9362
vn -0.6165 -0.6917 0.3763
vn -0.4156 -0.8090 0.4157
vn -0.4460 -0.8221 0.3539
vn -0.5291 -0.8478 -0.0372
vn 0.0512 -0.9256 0.3750
vn 0.0059 -0.9707 0.2401
vn -0.5422 -0.8048 -0.2413
vn -0.7458 -0.4822 -0.4597
vn -0.9133 -0.4053 -0.0396
vn -0.1244 -0.4562 0.8811
vn 0.1182 -0.8448 0.5218
vn -0.1095 -0.9778 0.1785
vn -0.6827 -0.6927 -0.2323
vn -0.5367 -0.8042 0.2554
vn -0.8051 -0.5914 -0.0460
vn -0.8188 -0.5160 -0.2516
vn 0.0183 0.2137 0.9767
vn -0.7700 -0.1690 -0.6152
vn -0.6699 -0.4222 -0.6108
vn -0.2995 -0.7606 -0.5760
vn 0.0840 -0.9944 -0.0634
vn -0.9847 -0.0015 -0.1743
vn 0.1298 -0.9325 0.3370
vn -0.8917 -0.4162 0.1778
vn -0.8768 0.4801 0.0274
vn -0.4140 -0.7616 0.4986
vn 0.4799 -0.3519 0.8036
vn -0.4880 -0.4126 0.7692
vn -0.6174 -0.0207 0.7864
vn 0.0926 0.2676 0.9591
vn -0.9505 -0.1837 0.2507
vn -0.8005 -0.3076 0.5143
vn -0.7230 -0.0921 0.6846
vn -0.1944 0.9320 0.3061
vn -0.6339 0.3634 0.6827
vn -0.0590 -0.0516 0.9969
vn -0.6269 0.0232 0.7788
vn 0.0912 0.5415 0.8357
vn -0.0424 0.2224 0.9740
vn -0.7027 -0.0213 0.7111
vn -0.0312 0.7807 0.6242
vn -0.5204 0.0701 0.8510
vn 0.1073 0.4075 0.9069
vn -0.7137 -0.0362 0.6995
vn -0.0069 0.4924 0.8704
vn -0.5446 0.3713 0.7520
vn 0.0112 0.4769 0.8789
vn -0.5849 0.2394 0.7749
vn -0.3279 0.1870 0.9260
vn -0.6108 -0.1145 0.7835
vn -0.2368 0.1435 0.9609
vn -0.7683 -0.2832 0.5740
vn -0.6964 -0.3634 0.6188
vn -0.6439 -0.3015 0.7033
vn -0.5891 -0.3100 0.7462
vn -0.6365 -0.3427 0.6910
vn -0.7218 -0.3866 0.5740
vn -0.8423 -0.4811 0.2431
vn -0.9497 -0.0195 0.3125
vn -0.9537 -0.2979 0.0404
vn -0.8375 -0.1940 0.5108
vn -0.9237 -0.0141 0.3828
vn -0.8232 0.2435 0.5129
vn -0.9136 0.0118 0.4064
vn -0.8701 0.2035 0.4489
vn -0.9688 -0.0242 0.2465
vn -0.8874 0.1756 0.4262
vn -0.9676 -0.0969 0.2330
vn -0.9814 -0.0694 0.1789
vn -0.9893 0.0969 0.1092
vn -0.8415 -0.5051 -0.1917
vn -0.9256 0.3334 0.1790
vn -0.9564 -0.2808 -0.0804
vn -0.7857 -0.5942 -0.1721
vn -0.9813 -0.1702 0.0895
vn -0.8091 -0.5580 -0.1842
vn -0.8839 -0.3401 0.3210
vn -0.8541 -0.4913 -0.1707
vn -0.8425 -0.5386 0.0003
vn -0.7568 -0.5553 0.3447
vn -0.9682 -0.2340 0.0887
vn -0.9486 -0.3054 0.0835
vn -0.8335 -0.3699 0.4104
vn -0.3553 -0.5447 0.7596
vn -0.9495 -0.0718 0.3055
vn -0.9104 0.0882 0.4042
vn -0.8656 0.3195 0.3855
vn -0.8718 0.3600 0.3322
vn -0.9969 -0.0320 0.0723
vn -0.8392 0.2363 0.4897
vn -0.9926 -0.1214 -0.0051
vn -0.9590 -0.1686 0.2278
vn -0.7705 -0.6227 -0.1363
vn -0.6865 -0.7165 -0.1240
vn -0.9283 -0.2630 0.2630
vn -0.7623 0.2097 0.6123
vn -0.8247 0.2548 0.5049
vn -0.9924 -0.0684 0.1024
vn -0.8100 -0.5573 -0.1827
vn -0.7559 0.1488 0.6376
vn -0.8845 -0.2992 0.3578
vn -0.3966 -0.8829 0.2513
vn -0.3614 -0.8454 -0.3932
vn -0.8899 -0.4515 -0.0652
vn -0.1462 -0.9876 0.0573
vn -0.2954 -0.7495 0.5924
vn -0.7741 -0.5978 0.2086
vn -0.4298 -0.5521 0.7145
vn -0.5867 -0.1600 0.7938
vn -0.8127 -0.0415 0.5811
vn -0.9272 -0.0740 0.3671
vn -0.8221 0.1709 0.5430
vn -0.6724 0.0806 0.7358
vn -0.5571 -0.1769 0.8114
vn -0.6448 0.1046 0.7572
vn -0.3636 -0.7082 0.6052
vn 0.0539 -0.9907 0.1246
vn -0.2698 -0.8388 0.4728
vn -0.1339 -0.6702 0.7300
vn -0.4897 -0.6257 0.6072
vn -0.4607 -0.4615 0.7581
vn -0.5068 -0.5893 0.6292
vn -0.5862 -0.4838 0.6498
vn -0.6228 -0.3260 0.7112
vn -0.6286 -0.5453 0.5546
vn -0.6840 -0.3378 0.6466
vn -0.6937 -0.0194 0.7200
vn -0.7699 -0.4380 0.4642
vn -0.6616 -0.3695 0.6525
vn -0.6514 -0.0344 0.7579
vn -0.6689 0.1288 0.7321
vn -0.5701 0.0872 0.8169
vn -0.7820 -0.1296 0.6096
vn -0.7683 0.2249 0.5993
vn -0.7148 0.1569 0.6815
vn -0.5423 0.0135 0.8401
vn -0.9468 -0.1797 0.2669
vn -0.8615 0.2361 0.4495
vn -0.8258 -0.0037 0.5639
vn -0.7450 0.2005 0.6362
vn -0.5601 0.0779 0.8248
vn -0.7516 -0.2424 0.6135
vn -0.5387 -0.3254 0.7771
vn -0.6456 -0.3763 0.6645
vn -0.9431 -0.2507 0.2184
vn -0.8506 0.1515 0.5036
vn -0.8131 0.1557 0.5609
vn -0.9498 -0.1540 0.2725
vn -0.9540 -0.1516 0.2588
vn -0.9701 -0.1895 0.1515
vn -0.8844 -0.3094 0.3493
vn -0.9564 -0.2420 0.1637
vn -0.9713 0.1305 0.1989
vn -0.9112 -0.0993 0.3999
vn -0.9788 -0.1446 0.1448
vn -0.9707 -0.2404 -0.0019
vn -0.9363 -0.2798 0.2125
vn -0.9724 -0.1866 0.1398
vn -0.6903 -0.0346 0.7227
vn -0.7114 0.3855 0.5877
vn -0.9646 -0.2631 -0.0171
vn -0.9467 -0.2640 -0.1848
vn -0.9396 -0.3124 0.1397
vn -0.9565 -0.2489 0.1521
vn -0.9503 0.0639 0.3046
vn -0.9709 0.2166 0.1024
vn -0.9483 -0.2835 -0.1427
vn -0.9361 -0.3455 0.0665
vn -0.7857 -0.4678 0.4048
vn -0.8184 -0.2635 0.5106
vn -0.9772 -0.2059 0.0513
vn -0.9894 -0.1010 -0.1045
vn -0.9293 -0.2002 0.3104
vn -0.9627 -0.0877 -0.2558
vn -0.9339 -0.3500 0.0732
vn -0.8189 -0.5621 -0.1160
vn -0.8637 -0.3399 -0.3721
vn -0.8768 -0.4808 -0.0070
vn -0.6453 -0.7636 0.0223
vn -0.6134 -0.7644 -0.1987
vn -0.2274 -0.9252 -0.3037
vn -0.7513 -0.5554 -0.3565
vn -0.9338 -0.2820 -0.2204
vn -0.5708 -0.7810 -0.2533
vn -0.7022 -0.7072 -0.0824
vn -0.9691 -0.0568 -0.2401
vn -0.8303 -0.5408 -0.1347
vn -0.9836 -0.1499 0.1006
vn -0.9994 0.0009 0.0340
vn -0.9888 -0.0251 0.1472
vn -0.9842 -0.1436 0.1038
vn -0.9629 -0.1546 0.2210
vn -0.9039 -0.3805 0.1955
vn -0.9305 -0.0885 0.3553
vn -0.9509 -0.1642 0.2624
vn -0.8610 -0.2662 0.4333
vn -0.7469 -0.5857 0.3147
vn -0.8894 -0.3375 0.3083
vn -0.9098 -0.2733 0.3124
vn -0.6302 -0.4898 0.6024
vn -0.7206 -0.5740 0.3889
vn -0.6906 -0.5958 0.4099
vn -0.5841 -0.4880 0.6486
vn -0.6595 -0.6364 0.4001
vn -0.7121 -0.2391 0.6601
vn -0.8261 -0.4399 0.3521
vn -0.6340 -0.7331 0.2462
vn -0.6123 -0.6574 0.4393
vn -0.8096 -0.5743 0.1216
vn -0.6399 -0.6366 0.4304
vn -0.5616 -0.8271 0.0217
vn -0.4743 -0.8631 0.1737
vn -0.1163 -0.9791 -0.1667
vn -0.3005 -0.9531 -0.0364
vn -0.3553 -0.9322 -0.0689
vn -0.8330 -0.5533 0.0008
vn -0.4556 -0.8724 -0.1768
vn 0.0749 -0.9381 -0.3382
vn -0.0417 -0.9509 -0.3068
vn -0.0000 -0.9219 -0.3875
vn -0.0000 -0.9766 -0.2151
vn -0.4932 -0.8541 -0.1653
vn -0.1849 -0.9711 -0.1510
vn -0.0000 -1.0000 -0.0032
vn -0.8396 -0.5430 -0.0129
vn -0.2135 -0.9726 0.0918
vn -0.0000 -0.9470 0.3213
vn -0.5193 -0.8516 -0.0715
vn -0.9231 -0.3596 0.1361
vn -0.9302 -0.2990 0.2127
vn -0.9208 -0.3438 0.1840
vn -0.9275 -0.3182 0.1962
vn -0.9255 -0.1731 0.3369
vn -0.7992 -0.5997 0.0413
vn -0.9102 -0.1860 0.3700
vn -0.8992 0.1332 0.4167
vn -0.4781 -0.8558 0.1975
vn -0.7505 -0.5769 0.3223
vn -0.8768 -0.3589 0.3200
vn -0.9349 -0.2502 0.2516
vn -0.9401 0.1559 0.3032
vn -0.7425 -0.5197 0.4227
vn -0.5545 -0.6959 0.4564
vn -0.7375 -0.5098 0.4429
vn -0.7652 -0.3271 0.5546
vn -0.7458 0.1471 0.6497
vn -0.5928 -0.5485 0.5896
vn -0.5854 -0.3708 0.7210
vn -0.6129 -0.0360 0.7893
vn -0.2953 -0.0387 0.9546
vn -0.3367 -0.3666 0.8673
vn -0.0775 -0.0946 0.9925
vn -0.0645 -0.3738 0.9252
vn -0.3862 -0.5910 0.7083
vn -0.0706 -0.6122 0.7875
vn -0.0165 -0.8372 0.5467
vn -0.3094 -0.7678 0.5611
vn -0.3755 -0.8733 0.3103
vn -0.6121 -0.5220 -0.5940
vn -0.9250 -0.3793 -0.0218
vn -0.6025 -0.5510 -0.5774
vn -0.9319 -0.2470 -0.2657
vn -0.4353 -0.3092 -0.8456
vn -0.8406 -0.2315 0.4897
vn -0.8111 0.0200 -0.5846
vn -0.4625 -0.2655 -0.8460
vn -0.9088 -0.0113 0.4171
vn -0.8172 -0.0492 -0.5743
vn -0.6110 -0.4063 -0.6794
vn -0.4470 0.2146 0.8684
vn -0.6162 0.0673 0.7847
vn -0.8880 0.3739 0.2676
vn -0.8929 -0.2198 -0.3930
vn -0.7951 -0.4759 0.3760
vn -0.9655 -0.0205 0.2596
vn -0.2698 0.4704 0.8402
vn -0.0563 0.0642 0.9963
vn -0.0353 0.1302 0.9909
vn -0.8743 0.4138 0.2537
vn 0.5032 -0.2466 0.8283
vn 0.5492 -0.2237 0.8052
vn 0.7684 0.0080 0.6399
vn 0.2552 0.3309 0.9085
vn 0.8710 0.0631 0.4872
vn -0.2319 0.4724 0.8503
vn 0.4307 0.3081 0.8483
vn 0.3208 0.2679 0.9085
vn 0.8547 -0.0628 0.5153
vn -0.2530 0.4017 0.8801
vn 0.2481 0.2276 0.9416
vn 0.8194 -0.1539 0.5521
vn 0.6916 0.0158 0.7221
vn -0.8973 0.2426 0.3687
vn 0.0967 0.1887 0.9773
vn 0.1089 -0.4966 0.8611
vn -0.2822 0.3273 0.9018
vn -0.8748 0.1807 0.4496
vn -0.3029 0.2433 0.9214
vn -0.4414 0.2129 0.8717
vn 0.0201 0.0364 0.9991
vn -0.8624 0.1895 0.4694
vn -0.0218 -0.1042 0.9943
vn -0.3242 0.1684 0.9309
vn -0.7327 -0.3110 0.6053
vn -0.5587 -0.7734 0.2995
vn -0.3326 -0.8577 0.3921
vn -0.5763 0.0854 0.8128
vn -0.6944 -0.3364 0.6361
vn -0.6635 -0.6092 0.4344
vn -0.4623 0.0475 0.8855
vn -0.6699 0.0678 0.7393
vn 0.0633 0.3710 0.9265
vn 0.1519 0.1664 0.9743
vn 0.5909 0.4414 0.6753
vn -0.0625 0.5877 0.8067
vn 0.0352 0.5619 0.8265
vn 0.6763 0.4941 0.5463
vn 0.6678 0.5874 0.4572
vn 0.8895 0.3042 0.3408
vn 0.9905 -0.0359 0.1325
vn 0.8916 0.4365 0.1201
vn 0.9338 0.3323 0.1328
vn 0.6700 0.5767 0.4674
vn 0.6590 0.5774 0.4820
vn 0.9454 0.3113 0.0963
vn 0.9824 0.1682 0.0813
vn 0.7046 0.4294 0.5649
vn 0.1316 0.5875 0.7985
vn 0.2660 0.5374 0.8003
vn -0.2723 0.4901 0.8280
vn -0.3335 0.3819 0.8619
vn -0.6664 0.3110 0.6777
vn -0.6528 0.4015 0.6424
vn -0.9706 0.1604 0.1793
vn -0.9559 0.2404 0.1688
vn -0.9134 -0.1107 -0.3917
vn -0.9646 0.0400 -0.2608
vn -0.8539 0.1880 0.4853
vn -0.8345 0.1866 0.5185
vn -0.9684 0.0154 0.2488
vn -0.9611 0.0399 0.2734
vn -0.9982 -0.0304 -0.0522
vn -0.9688 -0.0286 0.2462
vn -0.9958 -0.0529 -0.0743
vn -0.9955 0.0440 -0.0843
vn -0.8824 -0.1948 -0.4283
vn -0.9977 0.0681 -0.0042
vn -0.8415 -0.1132 -0.5282
vn -0.7763 -0.0947 -0.6232
vn -0.9932 0.0646 0.0966
vn -0.7858 -0.0670 -0.6148
vn -0.6180 0.0671 0.7833
vn -0.0838 0.0785 0.9934
vn -0.9689 0.2197 0.1143
vn -0.5304 0.2716 0.8031
vn 0.0716 0.2202 0.9728
vn -0.5148 0.2824 0.8095
vn 0.0634 0.1324 0.9892
vn -0.5709 0.0785 0.8173
vn -0.0694 -0.0200 0.9974
vn -0.9713 0.2271 0.0712
vn -0.7587 -0.0305 -0.6507
vn -0.6515 -0.0124 0.7585
vn -0.1509 -0.0530 0.9871
vn -0.9882 -0.1120 0.1048
vn -0.9376 -0.3070 0.1635
vn -0.7115 -0.0491 -0.7010
vn -0.7978 -0.2890 -0.5291
vn -0.8738 -0.3013 -0.3816
vn -0.4151 -0.5203 -0.7463
vn -0.3272 -0.2362 -0.9150
vn -0.2484 -0.2066 -0.9464
vn -0.2539 -0.2091 -0.9443
vn -0.3987 -0.5111 -0.7615
vn 0.1050 -0.6921 -0.7141
vn -0.3423 -0.3617 -0.8672
vn 0.4409 -0.3943 -0.8063
vn 0.4783 -0.3088 -0.8221
vn 0.4462 -0.3600 -0.8193
vn 0.2648 -0.7052 -0.6577
vn 0.7270 -0.6863 0.0227
vn 0.8161 -0.5745 -0.0633
vn 0.9220 -0.3534 -0.1580
vn 0.4961 -0.3509 0.7942
vn 0.3648 -0.2636 0.8930
vn 0.7468 -0.1311 0.6519
vn 0.9403 -0.2265 -0.2541
vn 0.8107 -0.0146 0.5852
vn 0.9292 -0.3167 -0.1906
vn 0.7903 -0.0996 0.6046
vn 0.6432 -0.7615 -0.0804
vn 0.8951 -0.3647 -0.2564
vn 0.1191 -0.5654 -0.8161
vn 0.4036 -0.4883 -0.7738
vn 0.2794 -0.4921 -0.8245
vn 0.3195 -0.6548 -0.6849
vn 0.8973 -0.4406 -0.0254
vn 0.0323 -0.9507 -0.3085
vn 0.0536 -0.8142 -0.5781
vn 0.5845 -0.7766 0.2349
vn 0.7593 -0.6503 0.0253
vn 0.9525 -0.2702 -0.1403
vn 0.8957 -0.4124 -0.1664
vn 0.8947 -0.4103 -0.1765
vn 0.7759 -0.5764 -0.2565
vn 0.8514 -0.5063 -0.1370
vn 0.9606 -0.2619 0.0931
vn 0.8440 -0.4179 -0.3362
vn 0.8523 -0.4017 -0.3350
vn 0.8947 -0.2298 -0.3831
vn 0.9775 -0.1392 0.1588
vn 0.8558 -0.3698 -0.3616
vn 0.8254 -0.4035 -0.3949
vn 0.4302 -0.8670 -0.2514
vn 0.3397 -0.4393 -0.8316
vn 0.9049 -0.2079 -0.3714
vn 0.8316 -0.4179 -0.3657
vn 0.8676 -0.2954 -0.3999
vn -0.2503 -0.8979 -0.3620
vn 0.6384 -0.6523 -0.4086
vn 0.3410 -0.7856 -0.5164
vn -0.4096 -0.2977 -0.8623
vn -0.5177 -0.3310 -0.7889
vn 0.3066 -0.4613 -0.8326
vn -0.4937 -0.3424 -0.7994
vn 0.8524 -0.3903 -0.3479
vn 0.2978 -0.4897 -0.8195
vn 0.8203 -0.2932 -0.4911
vn 0.2584 -0.3010 -0.9179
vn 0.5422 -0.2903 -0.7885
vn -0.3706 -0.3019 -0.8783
vn -0.7543 -0.2678 -0.5993
vn -0.8109 -0.1000 -0.5765
vn -0.3239 -0.3442 -0.8813
vn -0.3223 -0.4528 -0.8313
vn 0.0373 -0.5252 -0.8501
vn 0.2794 -0.4523 -0.8470
vn 0.6286 -0.4392 -0.6418
vn 0.6738 -0.4791 -0.5625
vn 0.7483 -0.3536 -0.5612
vn 0.6906 -0.4636 -0.5551
vn 0.7244 -0.4851 -0.4899
vn 0.6183 -0.4531 -0.6422
vn 0.5218 -0.6609 -0.5394
vn 0.8713 -0.1335 -0.4722
vn 0.9268 -0.1784 -0.3305
vn 0.9035 -0.1401 -0.4050
vn 0.9426 -0.0827 -0.3234
vn 0.6452 -0.4842 -0.5910
vn 0.6825 -0.4846 -0.5471
vn 0.9652 0.0544 -0.2558
vn 0.7109 -0.3946 -0.5822
vn 0.9397 -0.3384 -0.0491
vn 0.3685 -0.9293 0.0236
vn 0.2974 -0.8813 -0.3673
vn 0.7169 -0.5663 -0.4067
vn 0.2857 -0.7252 -0.6265
vn 0.3011 -0.8612 -0.4095
vn -0.2341 -0.9446 -0.2301
vn 0.9725 -0.0190 0.2321
vn 0.9420 -0.3328 -0.0434
vn 0.8694 -0.1066 0.4825
vn 0.6802 -0.6072 -0.4107
vn 0.8833 -0.3724 0.2848
vn 0.7849 -0.0426 0.6182
vn 0.7287 -0.6506 -0.2140
vn 0.8449 -0.2988 0.4437
vn 0.6981 0.0236 0.7156
vn 0.4861 -0.6303 -0.6053
vn 0.8581 -0.2105 0.4684
vn 0.6722 -0.0607 0.7379
vn 0.3934 -0.7244 -0.5661
vn 0.2840 -0.5449 -0.7890
vn 0.7949 -0.5948 -0.1198
vn 0.8437 -0.2156 0.4917
vn 0.4477 -0.6760 -0.5853
vn 0.8465 -0.5133 -0.1409
vn 0.8613 -0.4889 -0.1382
vn 0.5307 -0.5932 -0.6054
vn 0.5328 -0.5653 -0.6297
vn 0.1117 -0.6316 -0.7672
vn -0.3967 -0.2530 -0.8824
vn 0.0058 -0.5593 -0.8289
vn 0.3737 -0.6051 -0.7030
vn -0.0266 -0.4893 -0.8717
vn -0.0913 -0.4819 -0.8715
vn -0.0208 -0.5130 -0.8581
vn -0.5395 -0.2089 -0.8157
vn -0.6177 -0.1048 -0.7794
vn -0.5607 -0.1962 -0.8045
vn -0.8704 0.1963 -0.4515
vn -0.4956 -0.2972 -0.8161
vn -0.8951 0.1018 -0.4341
vn -0.8867 0.4549 0.0825
vn -0.4700 -0.3634 -0.8044
vn -0.5761 0.5614 0.5940
vn -0.9330 0.3528 0.0707
vn -0.9116 0.0647 -0.4061
vn 0.0937 0.4242 0.9007
vn -0.9019 0.0639 -0.4272
vn -0.6387 0.4772 0.6036
vn -0.9417 0.3241 0.0907
vn 0.5637 0.1588 0.8106
vn 0.5448 0.0705 0.8356
vn 0.5970 0.1191 0.7933
vn 0.0502 0.3864 0.9210
vn 0.6082 -0.0366 0.7929
vn 0.6709 0.0341 0.7407
vn 0.7188 0.0897 0.6894
vn 0.6774 0.1128 0.7269
vn 0.5751 0.1400 0.8060
vn -0.0847 0.4001 0.9126
vn 0.5832 0.2172 0.7828
vn -0.6546 0.4780 0.5857
vn -0.0420 0.4718 0.8807
vn 0.7427 0.2324 0.6280
vn 0.3296 0.4261 0.8425
vn -0.1757 0.5111 0.8414
vn -0.9406 0.3368 0.0425
vn -0.6341 0.5069 0.5839
vn -0.6407 0.4830 0.5968
vn -0.9409 0.3288 0.0815
vn -0.8949 0.1188 -0.4301
vn -0.7531 -0.0128 -0.6578
vn -0.3629 -0.2110 -0.9076
vn 0.1662 -0.4269 -0.8889
vn 0.9973 -0.0734 0.0012
vn 0.4223 0.0730 0.9035
vn -0.4423 0.0684 0.8942
vn -0.0329 -0.1161 0.9927
vn 0.6243 -0.7391 0.2529
vn -0.9946 0.0060 0.1037
vn -0.9304 -0.3462 0.1205
vn -0.4456 -0.0171 0.8951
vn -0.5693 -0.2710 -0.7762
vn -0.7000 -0.7136 0.0284
vn 0.1769 -0.5323 -0.8279
vn -0.5155 -0.4694 -0.7169
vn 0.3634 -0.3502 -0.8633
vn 0.1703 -0.5161 -0.8394
vn -0.7713 -0.6181 -0.1518
vn -0.7618 -0.1370 0.6332
vn 0.1361 -0.5751 -0.8067
vn -0.6715 -0.7359 0.0874
vn 0.3742 -0.8584 0.3509
vn 0.0549 -0.0501 0.9972
vn 0.9962 -0.0803 0.0350
vn 0.6982 0.4653 0.5441
vn 0.9679 0.0612 -0.2437
vn -0.2210 0.5489 0.8062
vn 0.0495 0.1566 0.9864
vn 0.7895 0.2572 0.5573
vn 0.7887 -0.5646 0.2433
vn 0.2696 0.0537 0.9615
vn 0.1475 -0.8311 0.5363
vn -0.7858 -0.3497 0.5102
vn 0.2997 -0.8640 -0.4047
vn -0.3086 -0.9359 -0.1699
vn -0.0969 -0.4079 -0.9079
vn -0.8176 -0.1954 -0.5417
vn -0.3415 0.2346 -0.9102
vn -0.3212 0.8496 -0.4182
vn -0.8458 0.5304 -0.0579
vn -0.3257 0.6165 0.7168
vn 0.1112 0.9384 0.3273
vn 0.3118 -0.4541 0.8346
vn -0.0393 -0.3330 0.9421
vn -0.6353 0.1404 0.7594
vn -0.9226 0.2152 0.3200
vn -0.8500 -0.4887 0.1968
vn -0.9305 -0.2633 0.2547
vn -0.5495 -0.6943 0.4649
vn -0.3172 -0.9167 -0.2429
vn 0.0470 -0.9843 0.1703
vn -0.3001 -0.8414 -0.4494
vn -0.2961 -0.9020 0.3141
vn -0.8007 -0.5639 -0.2022
vn 0.5426 -0.7596 0.3586
vn -0.5443 -0.5941 0.5922
vn -0.7829 -0.6163 -0.0851
vn 0.3810 -0.6483 0.6592
vn 0.9559 -0.0601 0.2874
vn 0.9486 -0.2911 0.1241
vn 0.1388 -0.2111 0.9676
vn 0.7706 0.3179 0.5524
vn 0.7717 0.4604 0.4387
vn -0.5906 -0.3163 0.7424
vn -0.8102 -0.1423 0.5686
vn -0.7980 -0.5906 -0.1198
vn -0.7909 -0.5957 -0.1401
vn 0.1388 0.1784 0.9741
vn -0.1951 0.4226 0.8851
vn 0.6263 0.6733 0.3930
vn 0.4439 0.8110 0.3811
vn -0.2899 0.5848 0.7576
vn 0.5473 0.7197 0.4273
vn -0.8511 -0.0381 0.5237
vn -0.7297 -0.6749 -0.1098
vn -0.2206 0.5071 0.8332
vn -0.8237 -0.1541 0.5456
vn -0.4544 0.0965 0.8856
vn -0.3902 -0.8584 0.3330
vn -0.1700 0.2314 0.9579
vn 0.9428 -0.1871 0.2760
vn 0.9135 0.3712 0.1665
vn -0.1781 0.5164 0.8376
vn 0.5638 0.6932 0.4491
vn 0.2352 0.7964 0.5571
vn -0.2431 0.5678 0.7865
vn -0.3756 0.3133 0.8722
vn -0.6349 0.2281 0.7381
vn -0.9235 -0.0399 0.3815
vn -0.9361 -0.2741 0.2206
vn -0.6060 0.2009 0.7697
vn 0.2521 0.5824 0.7728
vn -0.6022 0.3290 0.7274
vn 0.1583 0.6817 0.7143
vn 0.8218 0.5352 0.1955
vn 0.8025 0.5503 0.2307
vn 0.1347 0.4911 0.8606
vn 0.8732 0.4597 0.1621
vn -0.6149 0.3690 0.6969
vn 0.3392 0.1915 0.9210
vn 0.8297 0.5228 0.1956
vn -0.9726 -0.2015 0.1161
vn -0.4693 -0.6051 -0.6431
vn -0.5328 0.0935 0.8410
vn -0.9817 -0.1503 0.1167
vn -0.9139 -0.3177 0.2528
vn 0.4027 0.1548 0.9022
vn 0.7202 0.6667 0.1919
vn -0.3127 -0.1973 0.9291
vn -0.2590 -0.3131 0.9137
vn -0.5489 -0.7098 -0.4414
vn 0.5170 -0.6476 -0.5598
vn -0.7723 -0.5411 0.3327
vn 0.5483 -0.7766 -0.3101
vn -0.5264 -0.5606 -0.6392
vn -0.7378 -0.6076 0.2939
vn -0.5249 -0.5448 -0.6540
vn 0.4920 0.0822 -0.8667
vn -0.5894 -0.4242 -0.6875
vn -0.8087 -0.5476 0.2149
vn -0.4768 -0.5246 -0.7053
vn 0.6781 -0.1709 -0.7148
vn 0.6177 -0.0662 -0.7836
vn -0.2783 -0.2427 0.9293
vn 0.6402 -0.2763 -0.7168
vn 0.3817 0.2823 -0.8801
vn 0.5121 -0.6668 -0.5413
vn 0.2216 0.3858 -0.8956
vn 0.7642 0.6322 -0.1277
vn -0.6220 -0.2971 -0.7244
vn 0.0325 0.2432 -0.9694
vn 0.9044 0.2756 -0.3258
vn -0.7567 -0.6156 0.2201
vn -0.6508 -0.3892 -0.6519
vn 0.2433 -0.2019 -0.9487
vn 0.8924 0.4415 -0.0929
vn 0.1779 0.0773 -0.9810
vn -0.4236 -0.7471 -0.5122
vn -0.3822 -0.7008 -0.6023
vn -0.1824 -0.9780 0.1007
vn -0.4109 -0.8991 0.1507
vn -0.2020 -0.3134 0.9279
vn 0.2228 -0.6617 0.7159
vn 0.4252 -0.6684 0.6102
vn 0.8568 -0.1501 0.4934
vn 0.7786 -0.0021 0.6275
vn 0.3988 0.2254 0.8889
vn 0.5012 0.2771 0.8197
vn -0.7516 -0.3643 -0.5499
vn 0.0762 -0.1620 -0.9838
vn 0.4430 0.6491 -0.6184
vn 0.9239 0.1107 -0.3664
vn -0.8959 -0.0303 -0.4432
vn 0.9579 0.1523 0.2432
vn 0.4856 -0.6403 0.5951
vn 0.0654 0.9320 -0.3564
vn -0.8966 -0.1521 -0.4159
vn 0.9940 0.0938 0.0564
vn 0.2264 0.9657 -0.1271
vn -0.1241 0.3996 -0.9082
vn 0.9607 0.1441 -0.2371
vn 0.5659 -0.7753 -0.2804
vn 0.5904 -0.7819 0.2001
vn -0.1661 -0.9075 -0.3858
vn -0.2676 -0.9635 0.0077
vn -0.3185 -0.9067 0.2765
vn 0.9646 0.1263 0.2313
vn 0.8900 0.0037 -0.4559
vn 0.9910 0.1157 -0.0670
vn 0.6918 -0.0921 -0.7162
vn 0.7308 -0.2323 -0.6419
vn 0.5611 -0.1963 -0.8041
vn 0.9673 0.2407 -0.0798
vn 0.6407 -0.3476 -0.6846
vn 0.5068 -0.4226 -0.7514
vn 0.4546 -0.1526 -0.8775
vn 0.9532 0.2850 -0.1012
vn 0.4031 -0.5247 -0.7497
vn 0.5696 -0.5296 -0.6286
vn 0.9982 -0.0106 0.0597
vn -0.5549 -0.5708 -0.6052
vn -0.3753 -0.8491 -0.3717
vn -0.5408 -0.7873 0.2962
vn 0.6546 -0.5644 -0.5030
vn 0.9110 -0.2490 0.3288
vn 0.6319 -0.3726 -0.6796
vn 0.6773 -0.1559 -0.7190
vn 0.7954 -0.1468 -0.5880
vn 0.6520 -0.1718 -0.7385
vn 0.8234 -0.1263 -0.5532
vn 0.4606 -0.3881 -0.7983
vn 0.0306 -0.4946 -0.8686
vn 0.1062 -0.4172 -0.9026
vn 0.0690 -0.2672 -0.9612
vn 0.4963 -0.1966 -0.8456
vn -0.0090 -0.2300 -0.9732
vn -0.4763 -0.2297 -0.8488
vn -0.5951 -0.3252 -0.7349
vn -0.8078 -0.1962 -0.5559
vn -0.4767 -0.3501 -0.8063
vn -0.9835 -0.1342 -0.1212
vn -0.4054 -0.2319 -0.8843
vn -0.7906 -0.2580 -0.5554
vn -0.9267 -0.0213 0.3752
vn -0.7472 -0.0798 0.6597
vn -0.7554 0.0386 0.6541
vn -0.1469 -0.0442 0.9882
vn -0.9506 -0.0144 0.3102
vn -0.9754 -0.1671 -0.1435
vn -0.7758 -0.1052 -0.6221
vn 0.5006 0.0169 0.8655
vn -0.1801 0.1311 0.9749
vn 0.4499 0.1181 0.8852
vn 0.6539 0.1145 0.7479
vn -0.3393 -0.1328 -0.9313
vn 0.6244 0.1848 0.7589
vn -0.0041 -0.2158 -0.9764
vn 0.4939 -0.4322 -0.7545
vn -0.0069 -0.5237 -0.8519
vn -0.0627 -0.5405 -0.8390
vn 0.2976 -0.3538 -0.8867
vn -0.0099 -0.3714 -0.9284
vn 0.2021 -0.5443 -0.8142
vn 0.0523 -0.6688 -0.7416
vn -0.0119 -0.3511 -0.9363
vn -0.2450 -0.0828 -0.9660
vn -0.4077 -0.4529 -0.7929
vn -0.4233 -0.0814 -0.9023
vn -0.5898 -0.1801 -0.7872
vn -0.5863 -0.3021 -0.7516
vn -0.4871 -0.6488 -0.5847
vn -0.3507 -0.4348 -0.8294
vn -0.6860 -0.1583 -0.7102
vn -0.4450 -0.0514 -0.8940
vn -0.8816 0.0919 -0.4629
vn -0.4633 0.0959 -0.8810
vn -0.3340 -0.6245 -0.7060
vn -0.9502 0.0283 -0.3102
vn -0.9771 0.0868 0.1944
vn -0.5564 0.2374 -0.7962
vn -0.4647 -0.4752 -0.7471
vn -0.9712 0.2157 0.1009
vn -0.7407 0.1466 0.6557
vn -0.6725 0.3140 0.6702
vn -0.9299 0.3677 -0.0024
vn -0.7931 0.2891 -0.5361
vn -0.8597 -0.3972 -0.3212
vn -0.8548 0.2354 -0.4625
vn -0.9492 -0.1845 -0.2548
vn -0.8297 0.5001 -0.2479
vn -0.7505 0.5446 -0.3744
vn -0.7660 0.2801 -0.5786
vn -0.6017 0.6084 -0.5175
vn -0.6405 0.7073 0.2991
vn -0.6968 0.5387 0.4735
vn -0.3383 0.5394 0.7711
vn -0.4022 0.9070 0.1250
vn -0.7082 0.3970 -0.5839
vn -0.7444 0.1881 -0.6407
vn -0.5771 0.7987 0.1704
vn -0.7781 0.2497 -0.5764
vn -0.9457 0.3227 -0.0392
vn -0.9526 0.2877 0.0994
vn -0.8862 0.4295 0.1737
vn -0.0018 0.5457 0.8380
vn 0.1056 0.7135 0.6926
vn -0.8088 0.2237 0.5438
vn -0.7479 0.4049 0.5261
vn -0.6207 0.2934 0.7271
vn -0.6067 0.4611 0.6475
vn -0.1051 0.5714 0.8139
vn 0.1614 0.3229 0.9326
vn 0.0849 0.3189 0.9440
vn 0.4517 0.3293 0.8292
vn -0.0431 -0.4357 0.8991
vn -0.0286 -0.1981 0.9798
vn 0.4563 -0.4294 0.7794
vn 0.3843 -0.6327 0.6723
vn 0.3752 0.3116 0.8730
vn -0.0876 -0.2983 0.9505
vn -0.1267 0.2837 0.9505
vn -0.7784 0.1619 0.6065
vn -0.7082 -0.3279 0.6252
vn -0.8386 0.1659 0.5188
vn -0.9544 0.1896 0.2306
vn -0.9763 0.2085 -0.0585
vn -0.8549 -0.5079 0.1060
vn -0.9509 0.2381 -0.1978
vn -0.8153 -0.4732 -0.3338
vn -0.9072 0.4184 0.0439
vn -0.9433 0.3060 -0.1287
vn -0.8737 -0.4405 -0.2065
vn -0.8379 0.5421 0.0635
vn -0.9101 0.3758 0.1745
vn -0.8629 -0.3810 0.3320
vn -0.8070 0.4756 0.3501
vn -0.9168 0.3596 0.1740
vn -0.8966 -0.1993 0.3955
vn -0.7677 0.4528 0.4535
vn -0.2829 0.8847 0.3704
vn -0.1919 0.6138 0.7658
vn -0.1785 0.4574 0.8712
vn 0.3262 0.4519 0.8303
vn -0.2608 0.7897 0.5553
vn 0.5872 0.6685 0.4564
vn 0.5179 0.4871 0.7032
vn -0.2715 0.6810 0.6801
vn 0.7372 0.3544 0.5752
vn 0.6905 0.3928 0.6073
vn 0.6398 -0.3633 0.6773
vn 0.6236 -0.1173 0.7729
vn 0.8326 -0.4994 0.2396
vn 0.8893 0.2970 0.3477
vn 0.8688 -0.4715 0.1509
vn 0.9133 0.2643 0.3098
vn 0.7296 -0.5712 0.3761
vn 0.6680 0.5237 0.5287
vn 0.6210 0.3165 0.7171
vn 0.9090 0.1135 0.4010
vn 0.6024 0.0331 0.7975
vn 0.4077 0.0576 0.9113
vn -0.6112 -0.4459 0.6539
vn 0.5997 0.1519 0.7856
vn 0.1851 0.2268 0.9562
vn -0.4992 0.1758 0.8485
vn -0.6928 0.3095 0.6514
vn -0.6514 -0.5340 0.5391
vn -0.3265 0.4314 0.8410
vn -0.6989 0.3009 0.6488
vn -0.5265 -0.6891 0.4980
vn -0.6584 -0.4735 0.5851
vn -0.4022 0.6259 0.6682
vn -0.4267 0.3260 0.8436
vn -0.3037 -0.3582 0.8829
vn -0.4385 0.3248 0.8380
vn -0.2893 -0.3396 0.8950
vn -0.1103 0.4242 0.8988
vn -0.2355 0.5148 0.8243
vn 0.4281 0.5954 0.6799
vn 0.4063 0.4924 0.7697
vn 0.8356 0.2299 0.4990
vn 0.2452 0.8654 0.4369
vn 0.3143 0.7732 0.5508
vn 0.6120 0.3056 0.7295
vn 0.8576 0.5096 -0.0693
vn 0.9710 0.2211 -0.0910
vn 0.7840 0.5965 -0.1718
vn 0.8863 0.4154 0.2047
vn 0.8709 0.2133 -0.4427
vn 0.9873 0.1431 -0.0683
vn 0.9691 0.1696 0.1790
vn 0.9166 -0.3857 0.1051
vn 0.9674 -0.1317 0.2163
vn 0.7842 -0.5065 -0.3585
vn 0.6801 -0.6279 -0.3784
vn 0.6692 -0.5392 -0.5114
vn 0.8664 0.2287 -0.4439
vn 0.8872 -0.0062 -0.4614
vn 0.5602 -0.6504 -0.5129
vn 0.7341 -0.1470 -0.6629
vn 0.7351 -0.2734 -0.6204
vn 0.9022 -0.2365 -0.3607
vn 0.5686 -0.3615 -0.7389
vn 0.7364 -0.4020 -0.5441
vn 0.6145 -0.1464 -0.7752
vn 0.8343 -0.0583 -0.5482
vn 0.7990 -0.0533 -0.5990
vn 0.9270 0.0163 -0.3747
vn 0.9651 0.0954 -0.2439
vn 0.8799 0.0679 -0.4704
vn 0.9483 0.1540 -0.2776
vn 0.9687 0.2114 -0.1300
vn 0.9612 0.2439 -0.1290
vn 0.9303 0.2085 0.3018
vn 0.9192 0.3922 0.0340
vn 0.6370 0.2192 0.7390
vn 0.6501 0.4966 0.5751
vn 0.6876 0.4872 0.5383
vn 0.2195 0.3789 0.8990
vn 0.1542 0.5366 0.8296
vn 0.2332 0.4914 0.8391
vn 0.7424 0.3301 0.5829
vn 0.9939 0.1035 0.0386
vn 0.9253 -0.1022 -0.3651
vn 0.7413 -0.1711 0.6490
vn 0.3699 -0.9084 -0.1952
vn 0.7144 0.1643 0.6801
vn 0.5607 0.4075 0.7208
vn 0.2931 0.3732 0.8803
vn 0.3510 0.2108 0.9124
vn 0.5720 0.4495 0.6861
vn -0.8085 -0.4944 0.3193
vn -0.3588 -0.2261 0.9056
vn -0.6716 -0.5601 0.4851
vn -0.1021 -0.5286 0.8427
vn -0.2735 -0.3275 0.9044
vn 0.5276 0.3244 0.7851
vn 0.5863 -0.1219 0.8009
vn 0.3803 -0.4748 0.7937
vn 0.6506 0.3000 0.6977
vn 0.8040 0.0591 0.5917
vn 0.7890 -0.0245 0.6139
vn 0.4962 0.2619 0.8278
vn 0.5538 0.3608 0.7504
vn 0.4898 0.2558 0.8335
vn 0.5218 0.4204 0.7422
vn -0.1931 0.3178 0.9283
vn -0.2943 0.5222 0.8004
vn -0.3251 0.6087 0.7238
vn -0.7972 0.1809 0.5761
vn -0.8656 0.3274 0.3790
vn -0.7590 0.1312 0.6377
vn -0.7821 0.3006 0.5458
vn -0.7638 0.4086 0.4997
vn -0.8701 0.3846 0.3082
vn -0.8502 0.3816 0.3627
vn -0.9296 0.3181 0.1861
vn -0.4009 0.5506 0.7322
vn -0.3362 0.5603 0.7570
vn 0.3326 0.5170 0.7888
vn 0.3253 0.3844 0.8640
vn -0.0291 -0.9987 0.0416
vn 0.0285 -0.9801 -0.1967
vn 0.0240 -0.9997 0.0015
vn -0.1183 -0.8336 0.5395
vn -0.0501 -0.8293 0.5566
vn -0.5485 -0.8284 0.1135
vn -0.5197 -0.8076 0.2787
vn 0.0010 -0.9997 -0.0242
vn -0.0179 -0.9992 -0.0366
vn -0.1735 -0.9847 -0.0161
vn -0.1549 -0.9446 0.2894
vn -0.0373 -0.9982 -0.0471
vn 0.0255 -0.9871 0.1582
vn -0.0246 -0.9108 -0.4122
vn 0.0748 -0.9411 0.3298
vn 0.0554 -0.9953 -0.0797
vn 0.0159 -0.9450 -0.3266
vn -0.0035 -0.9994 0.0348
vn 0.0666 -0.9450 -0.3202
vn 0.0189 -0.9998 0.0061
vn -0.0956 -0.9947 -0.0379
vn -0.0528 -0.9962 0.0697
vn 0.0315 -0.9975 0.0639
vn 0.2300 -0.8677 0.4407
vn 0.2962 -0.8368 0.4604
vn 0.3990 -0.7647 0.5060
vn -0.6266 -0.5630 -0.5389
vn 0.3827 -0.7990 0.4638
vn -0.5388 -0.7258 -0.4277
vn -0.5290 -0.5952 0.6049
vn -0.7860 0.4557 -0.4178
vn -0.8886 0.3781 -0.2596
vn -0.3725 0.8798 0.2955
vn -0.9849 0.1705 0.0301
vn -0.4148 0.7871 0.4565
vn 0.1844 0.5396 0.8215
vn 0.2988 0.4547 0.8390
vn 0.2055 0.2472 0.9469
vn -0.5567 0.4417 0.7035
vn 0.7475 -0.5645 0.3500
vn -0.7993 -0.6007 -0.0175
vn 0.6128 -0.6912 0.3832
vn -0.8798 0.4716 0.0598
vn -0.7362 -0.6724 0.0767
vn -0.1517 -0.6990 0.6988
vn -0.8353 0.3142 0.4511
vn -0.1680 0.9278 0.3330
vn -0.2431 0.8359 0.4921
vn 0.6883 0.5462 0.4774
vn -0.9325 0.3343 0.1366
vn -0.1516 0.4536 0.8782
vn 0.5711 0.3482 0.7433
vn 0.6448 0.4893 0.5872
vn 0.7116 -0.6908 -0.1285
vn -0.6405 -0.5752 0.5089
vn -0.6268 0.3768 0.6821
vn 0.7345 -0.6786 -0.0014
vn -0.4396 -0.7447 0.5023
vn 0.3753 -0.4052 0.8336
vn -0.4674 0.3275 0.8212
vn 0.0406 0.9090 0.4148
vn 0.9086 0.4173 -0.0202
vn 0.2397 0.7804 0.5775
vn 0.9300 0.2881 0.2284
vn 0.3955 0.4568 0.7968
vn 0.1589 -0.9857 -0.0563
vn -0.0000 0.9248 0.3805
vn -0.0000 0.0243 0.9997
vn -0.6105 0.2406 0.7545
vn 0.1996 0.9146 0.3517
vn 0.3153 0.9206 0.2303
vn -0.0000 0.9667 0.2558
vn 0.3622 0.7520 0.5507
vn -0.3824 0.2367 0.8932
vn 0.2564 0.9641 0.0694
vn -0.0418 0.9988 -0.0250
vn 0.0938 0.9944 0.0491
vn -0.1604 0.9853 0.0596
vn 0.0143 0.8414 0.5403
vn 0.7181 0.6929 0.0655
vn 0.6790 0.5212 0.5171
vn 0.8481 0.5181 0.1110
vn 0.6822 0.6576 0.3195
vn 0.8788 0.4261 0.2145
vn -0.5213 0.6679 0.5312
vn -0.1259 0.8993 0.4187
vn 0.9364 0.3266 0.1282
vn 0.4641 0.8137 0.3499
vn 0.1349 0.6903 0.7109
vn 0.8156 0.4802 0.3228
vn 0.9777 0.1641 0.1309
vn 0.7968 0.5328 0.2849
vn 0.1492 0.6539 0.7417
vn 0.3025 0.7019 0.6449
vn 0.1544 0.6650 0.7307
vn 0.8049 0.3589 0.4726
vn 0.2879 0.8755 0.3880
vn -0.2151 0.8005 0.5594
vn 0.2176 0.9568 0.1926
vn -0.3100 0.9497 0.0444
vn 0.2654 0.9441 0.1953
vn 0.1840 0.9774 0.1044
vn 0.0059 0.9244 0.3815
vn -0.0312 0.6933 0.7199
vn -0.4185 0.8028 0.4246
vn -0.1240 0.3016 0.9453
vn -0.1482 0.7283 0.6690
vn -0.3102 0.7650 0.5644
vn 0.1127 0.1674 0.9794
vn 0.1018 -0.0976 0.9900
vn 0.7671 0.1707 0.6184
vn 0.3987 -0.2775 0.8741
vn 0.9093 -0.0056 0.4160
vn 0.7744 -0.0306 0.6319
vn 0.6012 -0.5612 0.5689
vn 0.7921 -0.5591 0.2449
vn 0.4172 -0.8904 -0.1821
vn 0.8345 -0.2479 0.4921
vn 0.6050 -0.7862 -0.1260
vn 0.9866 0.0211 0.1617
vn 0.9967 -0.0679 0.0451
vn 0.9963 0.0810 0.0279
vn 0.9790 -0.1562 0.1312
vn 0.9893 -0.0265 0.1434
vn 0.3216 0.9329 0.1619
vn 0.9459 -0.1651 0.2795
vn 0.2995 0.9529 -0.0479
vn 0.9657 -0.1497 0.2123
vn 0.8188 -0.5732 -0.0315
vn 0.2830 -0.8565 -0.4316
vn 0.9591 -0.1547 0.2370
vn 0.3675 0.9267 -0.0782
vn 0.8906 -0.3579 0.2805
vn 0.7878 -0.6023 0.1292
vn 0.6026 -0.7709 0.2063
vn 0.8591 0.4939 -0.1343
vn -0.0000 0.7876 -0.6162
vn -0.0000 0.8718 -0.4899
vn -0.0000 0.9881 0.1537
vn -0.0000 0.6037 0.7972
vn 0.9850 -0.0405 0.1678
vn -0.0000 0.0251 0.9997
vn 0.9673 -0.2465 0.0599
vn -0.0000 -0.2906 0.9568
vn -0.0000 -0.9260 0.3774
vn -0.0000 -0.9803 -0.1976
vn -0.0000 -0.9980 -0.0634
vn -0.0000 -0.9965 0.0831
vn 0.5074 -0.8376 0.2025
vn 0.2046 -0.9785 0.0250
vn -0.0000 -0.9999 -0.0163
vn 0.2410 -0.9293 -0.2797
vn -0.0000 -0.9592 -0.2826
vn -0.0000 -0.8884 -0.4590
vn 0.3140 -0.8944 -0.3185
vn -0.0000 -0.9239 -0.3826
vn 0.1300 -0.8971 -0.4223
vn 0.3504 -0.9070 -0.2337
vn -0.0000 -0.9865 -0.1638
vn 0.2720 -0.9483 -0.1633
vn 0.2256 -0.9681 -0.1094
vn 0.2618 -0.9628 -0.0671
vn 0.1972 -0.9681 -0.1543
vn -0.0000 -0.9819 -0.1896
vn 0.1743 -0.9835 -0.0477
vn -0.0000 -0.9974 -0.0725
vn 0.2511 -0.9228 -0.2920
vn 0.1111 -0.8842 0.4537
vn -0.0000 -0.7625 0.6470
vn -0.1703 -0.7944 0.5831
vn -0.3292 -0.7183 0.6129
vn -0.4731 -0.8511 0.2277
vn 0.1152 -0.9717 -0.2061
vn 0.0608 -0.9980 0.0198
vn -0.5206 -0.7851 0.3356
vn 0.1450 -0.9884 -0.0458
vn -0.2592 -0.8537 0.4517
vn -0.4338 -0.9007 0.0230
vn -0.4637 -0.8703 0.1659
vn -0.1184 -0.8812 0.4576
vn 0.5364 -0.8430 0.0400
vn 0.4287 -0.8563 -0.2881
vn 0.3301 -0.9432 0.0385
vn -0.4720 -0.6054 0.6409
vn -0.6541 -0.5851 0.4793
vn -0.6896 -0.7101 0.1422
vn -0.0780 -0.9888 -0.1276
vn -0.1571 -0.9274 -0.3395
vn -0.2872 -0.9196 -0.2682
vn -0.0797 -0.9520 -0.2956
vn -0.2348 -0.9069 -0.3498
vn -0.0000 -0.9880 0.1546
vn -0.7382 -0.6168 0.2732
vn -0.0000 -0.9969 -0.0784
vn -0.8407 -0.4889 0.2327
vn -0.4928 -0.8673 -0.0708
vn -0.0000 -0.9956 -0.0936
vn -0.9492 -0.3100 0.0551
vn -0.9903 -0.1382 0.0130
vn -0.9759 0.1597 -0.1485
vn -0.9769 0.2120 0.0263
vn -0.9894 -0.0003 0.1450
vn -0.9673 -0.1856 0.1728
vn -0.9398 -0.3230 0.1116
vn -0.7746 0.4190 0.4738
vn -0.7447 0.5464 0.3832
vn -0.9013 0.3706 -0.2244
vn -0.9070 0.3649 -0.2103
vn -0.8193 0.4651 -0.3354
vn -0.8044 0.5097 -0.3051
vn -0.7255 0.6700 0.1574
vn -0.3667 0.7603 -0.5362
vn -0.0000 0.7922 -0.6103
vn -0.6763 0.7292 -0.1042
vn -0.2113 0.9548 -0.2093
vn -0.0000 0.9956 -0.0941
vn -0.5964 0.7313 -0.3309
vn -0.1892 0.9793 0.0724
vn -0.0000 0.9738 0.2276
vn -0.0000 0.9235 0.3835
vn -0.1902 0.9367 0.2941
vn -0.1923 0.8539 0.4836
vn -0.0000 0.8824 0.4704
vn -0.2159 0.7908 0.5727
vn -0.0000 0.8713 0.4908
vn -0.8214 0.3520 0.4488
vn -0.2777 0.7841 0.5550
vn -0.0000 0.8879 0.4600
vn -0.8802 -0.4668 0.0854
vn -0.3675 0.7546 0.5436
vn -0.0000 0.9151 0.4032
vn -0.8701 0.2306 0.4356
vn -0.8216 -0.5388 0.1860
vn -0.5039 0.6867 0.5240
vn -0.0000 0.9185 0.3954
vn -0.8760 0.1113 0.4693
vn -0.3918 -0.9167 -0.0788
vn -0.6237 0.5049 0.5966
vn -0.0000 0.7862 0.6180
vn -0.6990 -0.6419 0.3151
vn -0.3120 -0.9453 0.0952
vn -0.0000 -0.9960 0.0891
vn -0.8503 -0.1179 0.5130
vn -0.4212 -0.8020 0.4234
vn -0.0000 -0.8269 0.5623
vn -0.5618 -0.4070 0.7203
vn -0.0000 -0.3858 0.9226
vn -0.4709 0.2503 0.8460
vn -0.0000 0.2482 0.9687
vn -0.0553 0.3708 0.9271
vn -0.1513 0.4178 0.8959
vn -0.4415 0.4550 0.7734
vn -0.0629 0.8817 0.4675
vn -0.5015 0.6106 0.6128
vn -0.1194 0.9089 0.3995
vn -0.1074 0.9604 0.2571
vn -0.6608 0.6623 0.3531
vn -0.6303 0.6242 0.4616
vn -0.1497 0.8190 0.5539
vn -0.6735 0.3761 0.6364
vn -0.1602 0.9797 0.1208
vn -0.8571 0.2539 0.4483
vn -0.9028 0.4296 0.0182
vn -0.5427 0.8183 -0.1893
vn 0.4897 0.7307 -0.4757
vn 0.4877 0.7681 -0.4149
vn 0.6714 0.6192 -0.4071
vn 0.5223 0.7475 -0.4104
vn 0.7013 0.6282 -0.3369
vn 0.9362 0.2717 -0.2229
vn 0.8982 0.3215 -0.2998
vn 0.9708 -0.1248 -0.2048
vn 0.5409 0.7237 -0.4286
vn 0.7352 0.5764 -0.3566
vn 0.5376 0.7278 -0.4258
vn 0.7463 0.5636 -0.3542
vn 0.4768 0.7647 -0.4336
vn 0.9280 0.2669 -0.2600
vn 0.7533 0.5612 -0.3430
vn 0.9238 0.3006 -0.2373
vn 0.9723 -0.2304 -0.0379
vn 0.9883 -0.1522 0.0021
vn 0.9680 -0.2505 -0.0183
vn 0.9349 -0.3108 -0.1713
vn 0.8450 -0.5332 0.0418
vn 0.8271 -0.5609 0.0365
vn 0.5426 -0.8361 0.0810
vn 0.8993 -0.4369 0.0212
vn 0.9770 -0.2060 -0.0544
vn 0.9234 0.2989 -0.2407
vn 0.9741 -0.2143 -0.0717
vn 0.7494 0.5680 -0.3402
vn 0.8621 -0.5044 0.0497
vn 0.9163 0.3207 -0.2399
vn 0.6133 0.6700 -0.4182
vn 0.9093 0.3149 -0.2720
vn 0.9713 -0.2184 -0.0937
vn 0.6096 0.6780 -0.4107
vn 0.6088 0.6797 -0.4092
vn 0.8832 0.3762 -0.2800
vn 0.8171 -0.5744 0.0496
vn 0.9512 -0.2923 -0.0987
vn 0.6849 0.6214 -0.3804
vn 0.7756 -0.6301 0.0387
vn 0.6317 -0.7706 0.0840
vn 0.5939 -0.8003 0.0821
vn 0.7665 -0.6403 0.0495
vn 0.9852 -0.1406 -0.0983
vn 0.9631 0.1423 -0.2283
vn 0.9887 0.0356 -0.1457
vn 0.7725 -0.6256 0.1092
vn 0.8806 -0.4739 0.0028
vn 0.7991 -0.5967 0.0731
vn 0.7975 0.4496 -0.4023
vn 0.8873 -0.4584 -0.0508
vn 0.7906 0.3214 -0.5212
vn 0.6094 -0.7882 0.0863
vn 0.5336 0.1916 -0.8237
vn 0.6969 -0.3149 -0.6444
vn 0.8450 -0.4744 -0.2469
vn 0.4421 -0.8803 0.1723
vn 0.5346 -0.8316 0.1504
vn 0.5500 -0.8232 0.1408
vn 0.4626 -0.8765 0.1334
vn 0.7620 -0.6445 0.0632
vn 0.4299 -0.8935 0.1301
vn 0.7964 -0.6046 0.0160
vn 0.4339 -0.8927 0.1221
vn 0.6100 -0.6057 0.5110
vn 0.6685 -0.6912 0.2747
vn 0.4032 -0.7239 0.5598
vn 0.3568 -0.8658 0.3507
vn -0.7090 -0.6208 0.3345
vn -0.5457 -0.5362 0.6440
vn 0.6952 -0.7174 0.0455
vn -0.6721 -0.3906 0.6291
vn 0.0803 -0.9808 0.1778
vn 0.7011 -0.7106 -0.0601
vn 0.0314 -0.9995 -0.0052
vn 0.7568 -0.6384 -0.1402
vn -0.8237 -0.5074 0.2529
vn -0.6979 -0.4560 0.5522
vn 0.0492 -0.9554 -0.2911
vn 0.9019 -0.4167 -0.1139
vn -0.7814 -0.6167 0.0950
vn -0.8271 -0.5373 0.1649
vn -0.6564 -0.5305 0.5364
vn -0.7752 -0.6034 -0.1868
vn -0.7354 -0.5681 -0.3695
vn -0.8233 -0.5634 0.0686
vn 0.1114 -0.8364 -0.5367
vn -0.8432 -0.4606 0.2773
vn -0.7094 -0.3386 0.6181
vn -0.8458 -0.5327 0.0271
vn 0.1869 -0.4993 -0.8460
vn 0.8788 -0.4491 -0.1612
vn 0.8996 -0.4184 -0.1251
vn -0.7146 -0.5183 -0.4697
vn -0.5432 -0.4231 -0.7253
vn -0.8883 -0.2826 0.3619
vn -0.8424 -0.2364 0.4841
vn -0.6411 -0.1840 0.7451
vn -0.9069 -0.4028 -0.1236
vn -0.8999 -0.4358 0.0165
vn -0.9241 -0.3662 -0.1095
vn -0.6962 -0.5177 -0.4974
vn -0.7589 -0.3417 -0.5544
vn -0.7494 -0.4205 -0.5115
vn -0.5573 -0.3749 -0.7409
vn -0.4255 -0.6007 -0.6768
vn 0.0190 -0.4265 -0.9043
vn -0.7358 -0.4896 -0.4679
vn -0.2175 -0.1749 -0.9603
vn -0.2213 -0.0666 -0.9729
vn -0.2010 -0.0168 -0.9795
vn -0.1038 -0.1502 -0.9832
vn 0.4455 0.1318 -0.8855
vn 0.5779 -0.1011 -0.8098
vn 0.7141 0.1596 -0.6817
vn 0.4913 0.2900 -0.8213
vn 0.5775 0.3285 -0.7474
vn 0.7672 0.5061 -0.3941
vn 0.8019 0.4096 -0.4349
vn 0.7687 0.6238 0.1415
vn 0.7852 0.6017 0.1461
vn 0.4754 0.6305 0.6136
vn 0.8075 0.4425 -0.3900
vn 0.4125 0.1842 -0.8922
vn 0.6128 0.5279 0.5881
vn 0.0406 0.3788 0.9246
vn 0.8390 0.5272 0.1351
vn -0.1345 -0.2889 -0.9479
vn 0.8253 0.3821 -0.4158
vn -0.6332 -0.4598 -0.6226
vn -0.2153 -0.2860 -0.9337
vn 0.4176 0.1202 -0.9006
vn -0.2143 -0.1295 -0.9681
vn 0.7963 0.3561 -0.4891
vn 0.8994 0.4293 0.0819
vn 0.8815 0.4639 0.0875
vn 0.7699 0.4313 0.4705
vn 0.5852 0.2340 0.7764
vn 0.8216 0.3783 0.4264
vn 0.2920 -0.1125 -0.9498
vn 0.3742 -0.4040 -0.8347
vn 0.7961 0.3673 -0.4811
vn 0.1908 0.1072 -0.9758
vn 0.4159 -0.0474 -0.9082
vn 0.9586 -0.1025 -0.2655
vn 0.8073 0.1237 -0.5771
vn 0.5300 0.2666 -0.8050
vn 0.4969 0.2895 -0.8181
vn 0.7551 0.3080 -0.5788
vn 0.6376 0.4544 -0.6221
vn 0.8106 0.4957 -0.3117
vn 0.8166 0.3632 -0.4487
vn 0.8515 0.4762 -0.2195
vn 0.9175 0.3891 -0.0823
vn 0.9254 0.3365 -0.1743
vn 0.9218 0.3477 0.1712
vn 0.9324 0.3499 0.0905
vn 0.9272 0.3623 0.0949
vn 0.9364 0.2507 0.2457
vn 0.8002 0.2102 0.5617
vn 0.8327 0.3086 0.4597
vn 0.8136 0.0185 0.5812
vn 0.6044 0.0079 0.7966
vn 0.8987 0.1573 0.4093
vn 0.7765 0.4423 0.4489
vn 0.5061 0.2367 0.8294
vn 0.5249 0.2881 0.8010
vn 0.6233 0.1609 0.7653
vn 0.7377 0.0126 0.6750
vn 0.5184 -0.1846 0.8350
vn 0.5242 -0.1795 0.8325
vn 0.4537 -0.4208 0.7855
vn 0.5711 -0.2468 0.7829
vn 0.4987 -0.4552 0.7376
vn 0.0857 -0.3119 0.9462
vn -0.0869 -0.0808 0.9929
vn -0.1177 -0.0842 0.9895
vn -0.0356 -0.1048 0.9939
vn -0.5757 -0.4648 0.6727
vn 0.4737 0.0747 0.8775
vn -0.0856 -0.1424 0.9861
vn 0.4131 0.2823 0.8658
vn 0.4128 0.1364 0.9006
vn 0.1126 0.1817 0.9769
vn -0.0905 -0.1701 0.9813
vn -0.1828 -0.1359 0.9737
vn -0.6902 -0.3972 0.6049
vn -0.7085 -0.2758 0.6496
vn 0.4608 -0.8654 0.1966
vn -0.3753 -0.8692 0.3218
vn 0.3269 -0.8754 0.3561
vn -0.6379 -0.5824 0.5039
vn 0.0723 -0.9241 0.3752
vn -0.7839 -0.5954 0.1762
vn -0.7212 -0.3167 0.6160
vn 0.0781 -0.8883 0.4525
vn -0.8649 -0.3734 0.3354
vn -0.9046 -0.4110 0.1128
vn -0.7485 -0.2640 0.6083
vn -0.4986 -0.5884 0.6366
vn -0.9263 -0.2979 0.2306
vn -0.9885 -0.0657 0.1363
vn -0.8453 -0.1616 0.5092
vn -0.7486 -0.2469 0.6154
vn -0.7800 -0.0342 0.6248
vn -0.8977 -0.1350 0.4193
vn -0.9667 -0.1230 0.2246
vn -0.3397 -0.1658 0.9258
vn 0.1490 -0.3664 0.9184
vn -0.5012 -0.0120 0.8652
vn -0.1212 -0.0126 0.9925
vn 0.3141 -0.2020 0.9277
vn -0.2168 0.0664 0.9740
vn 0.0458 0.0598 0.9972
vn -0.6388 -0.1328 0.7578
vn 0.3368 0.1911 0.9220
vn 0.3719 0.3149 0.8732
vn 0.8602 0.3113 0.4039
vn -0.2829 -0.0307 0.9587
vn -0.3661 -0.3535 0.8608
vn -0.5808 -0.3096 0.7528
vn -0.8779 -0.2044 0.4330
vn -0.5631 -0.4147 0.7148
vn -0.8303 -0.2626 0.4915
vn -0.9291 -0.0587 0.3651
vn -0.9767 0.0967 0.1917
vn -0.8824 -0.2714 0.3843
vn -0.9699 -0.1731 0.1714
vn -0.9263 -0.2908 0.2395
vn -0.7874 -0.3787 0.4864
vn -0.8017 -0.3897 0.4532
vn -0.5954 -0.4874 0.6388
vn -0.8149 -0.4005 0.4189
vn -0.9502 -0.2293 0.2113
vn -0.6080 -0.5347 0.5870
vn -0.5349 -0.5752 0.6189
vn -0.7974 -0.3396 0.4989
vn -0.9641 -0.0873 0.2508
vn -0.6006 -0.4720 0.6454
vn -0.7990 -0.1012 0.5927
vn -0.9357 0.1720 0.3079
vn -0.9290 0.2356 0.2855
vn -0.7136 0.0546 0.6984
vn -0.6108 -0.2588 0.7483
vn -0.5550 -0.1421 0.8196
vn 0.1483 -0.4241 0.8934
vn 0.1644 -0.1838 0.9691
vn 0.0657 -0.6321 0.7721
vn 0.0452 -0.7445 0.6661
vn 0.8269 -0.3000 0.4758
vn 0.7900 -0.0432 0.6116
vn 0.7314 -0.5589 0.3908
vn 0.9357 -0.1364 0.3253
vn 0.9182 0.0485 0.3931
vn -0.0979 -0.7165 0.6907
vn 0.6527 -0.6606 0.3710
vn 0.9015 -0.4146 0.1245
vn 0.9804 0.1535 -0.1236
vn 0.9922 0.0919 -0.0838
vn -0.0586 -0.6207 0.7819
vn 0.5267 -0.6932 0.4919
vn -0.1262 -0.5692 0.8125
vn 0.8833 -0.4660 0.0517
vn 0.9625 -0.0766 -0.2601
vn 0.9190 -0.2417 -0.3114
vn 0.8437 0.1834 -0.5046
vn 0.5487 -0.6148 0.5665
vn 0.8594 0.3457 -0.3768
vn 0.8683 0.1363 -0.4769
vn 0.7182 0.4389 -0.5400
vn 0.7758 0.1197 -0.6196
vn 0.7521 0.3107 -0.5811
vn 0.5528 0.4356 -0.7104
vn 0.5458 0.1594 -0.8226
vn 0.0525 0.2362 -0.9703
vn 0.1649 0.6417 -0.7490
vn 0.1131 0.5309 -0.8398
vn -0.3588 0.5356 -0.7644
vn -0.4559 0.2338 -0.8588
vn -0.6730 0.2267 -0.7040
vn -0.4839 0.5704 -0.6637
vn -0.8034 0.1704 -0.5705
vn 0.2356 0.5455 -0.8043
vn -0.8218 0.4305 -0.3732
vn -0.9435 0.2776 -0.1808
vn -0.3539 0.5595 -0.7495
vn -0.9385 0.3411 -0.0531
vn -0.8257 0.3930 -0.4046
vn -0.9787 0.1819 -0.0952
vn -0.8138 0.1935 -0.5479
vn -0.9832 -0.0395 -0.1782
vn -0.3163 0.3672 -0.8747
vn -0.7524 0.0917 -0.6522
vn -0.9789 -0.1365 -0.1518
vn 0.2507 0.3349 -0.9083
vn -0.2166 0.2554 -0.9423
vn -0.7082 0.2364 -0.6653
vn -0.9856 -0.0003 -0.1692
vn 0.6762 0.1031 -0.7295
vn 0.2461 0.1773 -0.9529
vn -0.2213 0.3271 -0.9187
vn -0.6662 0.3896 -0.6359
vn -0.9597 0.2329 -0.1570
vn 0.7944 -0.0557 -0.6049
vn 0.6112 -0.0151 -0.7913
vn 0.2025 0.1993 -0.9588
vn -0.2654 0.4333 -0.8613
vn -0.6479 0.0668 -0.7588
vn -0.9832 0.0908 -0.1585
vn -0.8685 -0.4789 -0.1281
vn 0.8318 -0.1190 -0.5421
vn 0.7156 0.0170 -0.6983
vn 0.1800 0.4032 -0.8972
vn -0.1416 -0.0484 -0.9887
vn -0.6716 -0.7376 -0.0699
vn -0.5198 -0.5973 -0.6107
vn 0.9320 -0.2141 -0.2923
vn 0.9358 -0.1373 -0.3247
vn 0.9257 -0.3781 -0.0096
vn -0.1778 -0.9840 0.0079
vn 0.4485 -0.8933 0.0304
vn -0.4201 -0.8197 -0.3894
vn -0.2574 -0.9287 -0.2669
vn 0.3300 -0.9327 -0.1456
vn 0.8230 -0.5245 0.2180
vn 0.0478 -0.6304 -0.7748
vn 0.1639 -0.8660 -0.4724
vn 0.5165 -0.8352 -0.1886
vn 0.4099 -0.6881 -0.5988
vn 0.7638 -0.4256 -0.4852
vn 0.1680 -0.8158 -0.5534
vn 0.6212 -0.4557 -0.6375
vn 0.8421 -0.1479 -0.5186
vn 0.8737 -0.4443 0.1982
vn 0.8216 -0.0488 -0.5680
vn 0.8612 -0.0528 -0.5055
vn 0.9403 0.0149 -0.3401
vn 0.9273 0.0474 -0.3714
vn 0.5259 -0.1314 -0.8403
vn 0.3953 0.2563 -0.8821
vn 0.8127 0.1699 -0.5574
vn 0.7463 0.2488 -0.6173
vn 0.7503 0.3866 -0.5364
vn 0.9677 0.0664 -0.2431
vn 0.9284 0.2179 -0.3009
vn 0.9620 -0.2719 -0.0234
vn 0.9917 -0.1201 -0.0455
vn 0.9025 -0.3703 0.2200
vn 0.9205 0.1831 -0.3451
vn 0.9896 0.1428 -0.0157
vn 0.9907 0.0395 -0.1300
vn 0.9821 0.1755 -0.0679
vn 0.9315 0.1609 0.3263
vn 0.5041 -0.6150 0.6064
vn 0.9864 -0.0841 0.1409
vn 0.0762 -0.5945 0.8005
vn 0.7978 -0.4480 0.4035
vn 0.5361 -0.5771 0.6160
vn 0.5434 -0.4026 0.7366
vn -0.0299 -0.4453 0.8949
vn -0.0522 -0.1685 0.9843
vn 0.8589 -0.2885 0.4232
vn 0.8574 0.0094 0.5146
vn 0.4248 0.1421 0.8941
vn 0.5167 -0.1006 0.8502
vn 0.8949 0.1872 0.4050
vn 0.9708 0.2382 0.0284
vn 0.9939 0.0326 -0.1052
vn 0.9682 0.2256 -0.1078
vn 0.9430 -0.0772 -0.3236
vn 0.6001 -0.7997 0.0160
vn 0.6608 -0.7502 0.0213
vn 0.5520 -0.8310 0.0690
vn 0.5317 -0.8199 0.2123
vn 0.4062 -0.8169 0.4095
vn 0.3605 -0.8380 0.4097
vn 0.5479 -0.7934 0.2652
vn 0.3897 -0.8303 0.3983
vn 0.4054 -0.9015 0.1515
vn 0.3031 -0.9301 0.2075
vn 0.5008 -0.8652 0.0229
vn 0.4194 -0.9005 -0.1147
vn 0.7270 -0.6730 -0.1362
vn 0.4225 -0.9059 -0.0303
vn 0.3992 -0.9143 -0.0686
vn 0.3809 -0.9245 -0.0119
vn 0.8961 -0.4427 -0.0307
vn 0.4797 -0.7142 0.5097
vn 0.4506 -0.8915 -0.0480
vn 0.3885 -0.9115 0.1350
vn 0.4500 -0.8930 0.0058
vn 0.2568 -0.9411 0.2199
vn 0.3079 -0.9513 0.0138
vn 0.3348 -0.9380 0.0899
vn 0.6147 -0.7887 0.0056
vn 0.4559 -0.8808 0.1275
vn 0.9152 -0.3308 -0.2303
vn 0.9474 -0.3200 -0.0063
vn 0.6791 -0.7064 0.1996
vn 0.9485 -0.3040 -0.0890
vn 0.8751 -0.4840 0.0066
vn 0.8486 -0.5181 0.1069
vn 0.8452 -0.5100 0.1601
vn 0.7919 -0.5204 0.3194
vn 0.8238 -0.5421 0.1656
vn 0.7867 -0.5581 0.2640
vn 0.7594 -0.5625 0.3270
vn 0.7995 -0.5475 0.2471
vn 0.7881 -0.5417 0.2923
vn 0.7616 -0.5894 0.2695
vn 0.8110 -0.4715 0.3464
vn 0.5023 -0.8178 0.2809
vn 0.6894 -0.6152 0.3823
vn 0.1639 -0.9281 0.3344
vn 0.3975 -0.8316 0.3879
vn 0.1716 -0.8960 0.4097
vn 0.2581 -0.9321 0.2541
vn 0.4603 -0.7741 0.4346
vn 0.7764 -0.5138 0.3649
vn 0.6337 -0.6904 0.3488
vn 0.6402 -0.7496 0.1680
vn 0.7763 -0.6282 0.0525
vn 0.1134 -0.9796 0.1658
vn 0.5037 -0.8587 0.0944
vn -0.0529 -0.9831 0.1751
vn 0.3335 -0.9312 0.1471
vn 0.5516 -0.8328 0.0467
vn -0.0098 -0.9440 0.3299
vn -0.1811 -0.9496 0.2559
vn 0.6934 -0.7206 0.0058
vn 0.6856 -0.7279 -0.0127
vn 0.7858 -0.6164 -0.0505
vn 0.9134 -0.4055 0.0364
vn 0.0300 -0.8714 0.4896
vn -0.0321 -0.7672 0.6407
vn -0.2111 -0.8790 0.4275
vn -0.1615 -0.7355 0.6580
vn 0.0078 -0.7247 0.6890
vn 0.0840 -0.7937 0.6024
vn -0.1122 -0.5774 0.8087
vn 0.2897 -0.2539 0.9228
vn 0.1689 -0.8669 0.4690
vn -0.0100 -0.8393 0.5436
vn 0.2687 -0.9362 0.2265
vn 0.4410 -0.8459 0.3000
vn -0.0469 -0.9735 0.2238
vn -0.0365 -0.9419 0.3339
vn 0.5989 -0.7504 0.2795
vn 0.5343 -0.8373 0.1158
vn 0.2049 -0.9134 0.3516
vn 0.2456 -0.9139 0.3232
vn 0.3084 -0.8924 0.3294
vn 0.4866 -0.8669 -0.1081
vn 0.3544 -0.9333 -0.0580
vn 0.1940 -0.9571 0.2154
vn 0.3848 -0.4903 0.7820
vn 0.5983 -0.1311 0.7905
vn 0.4560 -0.7982 0.3936
vn 0.3642 -0.8291 0.4243
vn 0.5746 -0.5326 0.6214
vn 0.4477 -0.8152 0.3675
vn 0.4530 -0.8699 0.1951
vn 0.6527 -0.2664 0.7092
vn 0.6366 -0.5697 0.5198
vn 0.6018 -0.2435 0.7606
vn 0.7918 -0.2602 0.5526
vn 0.4526 -0.8250 0.3385
vn 0.4845 -0.8295 0.2778
vn 0.7395 -0.5991 0.3070
vn 0.7487 -0.5066 0.4276
vn 0.6311 -0.4421 0.6374
vn 0.5179 -0.4585 0.7222
vn 0.6854 -0.5633 0.4613
vn 0.7334 -0.6482 0.2049
vn 0.6192 -0.4839 0.6184
vn 0.1769 -0.6417 0.7463
vn 0.2895 -0.7504 0.5942
vn 0.7971 -0.4004 0.4520
vn 0.6530 -0.6798 0.3339
vn 0.8215 -0.4945 0.2838
vn 0.3672 -0.8282 0.4234
vn 0.7371 -0.6433 0.2069
vn 0.7703 -0.6257 0.1230
vn 0.8545 -0.5175 0.0454
vn 0.5178 -0.7601 0.3926
vn 0.8778 -0.3922 0.2751
vn 0.5634 -0.6393 0.5233
vn 0.6896 -0.6558 0.3072
vn 0.8963 -0.3411 0.2834
vn 0.6383 -0.6352 0.4347
vn 0.4973 -0.7737 0.3925
vn 0.7912 -0.4926 0.3623
vn 0.8937 -0.3377 0.2956
vn 0.5412 -0.5579 0.6291
vn 0.6331 -0.6343 0.4438
vn 0.7081 -0.6660 0.2345
vn 0.6226 -0.7765 0.0971
vn 0.5251 -0.7101 0.4690
vn 0.8778 -0.4757 -0.0569
vn 0.8270 -0.4486 0.3389
vn 0.7318 -0.6614 0.1645
vn 0.4215 -0.7922 0.4412
vn 0.6335 -0.6944 0.3414
vn 0.2713 -0.9395 0.2091
vn 0.4648 -0.8397 0.2810
vn 0.5743 -0.7786 0.2531
vn 0.3102 -0.8982 0.3114
vn 0.3684 -0.9295 -0.0171
vn 0.7287 -0.6577 0.1908
vn 0.5954 -0.7953 0.1144
vn 0.4045 -0.9062 -0.1236
vn 0.4080 -0.8920 -0.1946
vn 0.5023 -0.8604 -0.0859
vn 0.5540 -0.8318 0.0340
vn 0.7492 -0.6204 0.2321
vn 0.4679 -0.8833 -0.0270
vn 0.4355 -0.9001 0.0111
vn 0.5616 -0.8039 0.1960
vn 0.7580 -0.5751 0.3079
vn 0.4561 -0.8836 0.1062
vn 0.3856 -0.9183 -0.0895
vn 0.1713 -0.9813 -0.0878
vn 0.2521 -0.9603 0.1197
vn 0.3412 -0.9368 0.0771
vn -0.5688 -0.8052 0.1677
vn 0.1046 -0.9272 -0.3598
vn -0.6657 -0.3936 -0.6340
vn -0.9741 -0.2084 -0.0874
vn -0.7003 -0.2149 -0.6808
vn -0.9626 0.1409 -0.2312
vn -0.7774 -0.0367 -0.6279
vn -0.9389 0.1245 -0.3209
vn -0.9390 -0.2858 -0.1915
vn -0.9987 0.0219 -0.0458
vn -0.7093 -0.7041 0.0337
vn -0.9739 -0.2013 0.1051
vn -0.5265 -0.8400 0.1311
vn -0.9443 -0.2338 0.2314
vn -0.4336 -0.9011 0.0038
vn -0.9336 -0.3581 0.0111
vn -0.7437 -0.5745 -0.3418
vn -0.4842 -0.8223 -0.2989
vn -0.2002 -0.8988 -0.3901
vn 0.0450 -0.9959 0.0779
vn 0.0337 -0.9976 -0.0603
vn 0.4861 -0.8621 -0.1433
vn 0.5268 -0.7854 -0.3249
vn 0.5485 -0.8348 0.0469
vn 0.9519 -0.2750 -0.1349
vn 0.9041 -0.4207 -0.0752
vn 0.9481 -0.3087 0.0764
vn 0.9951 0.0050 -0.0992
vn 0.9881 -0.0895 0.1251
vn 0.8690 0.2925 0.3991
vn 0.9775 0.2045 -0.0511
vn 0.9342 0.3563 -0.0198
vn 0.6325 0.7637 0.1289
vn 0.5378 0.6107 0.5813
vn 0.1902 0.8257 0.5311
vn 0.7636 0.6457 0.0074
vn 0.1712 0.9808 0.0931
vn -0.3319 0.8868 0.3218
vn 0.9171 0.3752 0.1346
vn 0.1270 0.9916 0.0231
vn -0.5852 0.8069 -0.0808
vn -0.2873 0.9575 -0.0237
vn -0.7276 0.6852 0.0337
vn -0.9409 0.1524 -0.3026
vn 0.2428 0.9542 0.1749
vn -0.9494 0.3052 -0.0741
vn -0.5848 0.8059 0.0923
vn -0.8787 0.4316 0.2041
vn 0.2697 0.9035 0.3331
vn -0.5350 0.8020 0.2658
vn -0.8724 0.4144 0.2590
vn 0.9237 0.3235 0.2051
vn 0.3178 0.7599 0.5671
vn -0.8460 0.5023 0.1788
vn -0.5416 0.7382 0.4020
vn 0.9319 -0.3487 0.0999
vn -0.9008 0.3696 0.2280
vn 0.8890 0.2971 0.3486
vn -0.6710 0.4205 0.6107
vn 0.1576 0.4191 0.8942
vn -0.9502 -0.0312 0.3100
vn -0.6651 0.0862 0.7418
vn -0.5482 -0.5959 0.5869
vn -0.3799 -0.2997 0.8752
vn 0.0501 0.0986 0.9939
vn 0.1590 -0.1466 0.9763
vn 0.7932 0.0895 0.6023
vn 0.6089 -0.1191 0.7843
vn 0.6468 -0.0702 0.7595
vn 0.8828 -0.2155 0.4173
vn 0.9844 0.0149 0.1752
vn 0.8698 -0.1792 0.4597
vn 0.9531 -0.3025 0.0058
vn 0.9198 -0.3798 -0.0983
vn 0.7310 -0.6132 -0.2994
vn 0.9452 -0.1206 0.3035
vn 0.9233 -0.3631 -0.1254
vn 0.4271 -0.8285 -0.3621
vn 0.5204 -0.5078 -0.6865
vn -0.0491 -0.5116 -0.8578
vn 0.8995 -0.3518 -0.2592
vn 0.5140 -0.5554 -0.6537
vn -0.0389 -0.4614 -0.8863
vn 0.8784 -0.4620 -0.1227
vn 0.5925 -0.4577 -0.6629
vn -0.0812 -0.2574 -0.9629
vn 0.5318 -0.8468 0.0128
vn 0.6374 -0.7241 -0.2634
vn -0.0234 -0.9992 0.0338
vn 0.4271 -0.6124 -0.6653
vn -0.6831 -0.2883 -0.6710
vn 0.3360 -0.9341 -0.1210
vn -0.5427 -0.8225 -0.1699
vn -0.0060 -0.9853 -0.1708
vn -0.7132 -0.6158 -0.3350
vn -0.1130 -0.9126 -0.3930
vn -0.1346 -0.5375 -0.8325
vn 0.3370 -0.9033 -0.2654
vn 0.7762 -0.0384 0.6293
vn 0.6494 -0.0288 0.7599
vn 0.8397 0.1560 0.5201
vn 0.9346 -0.2147 0.2837
vn 0.9425 0.0395 0.3318
vn 0.8598 -0.0834 0.5038
vn 0.6471 -0.3733 0.6647
vn 0.9365 -0.2467 0.2491
vn 0.8747 0.1108 0.4718
vn 0.8797 -0.3107 0.3599
vn 0.9570 -0.2404 0.1622
vn 0.9754 0.1203 0.1848
vn 0.8931 0.0169 0.4495
vn 0.7121 -0.2391 0.6601
vn 0.5841 -0.4880 0.6486
vn 0.8261 -0.4399 0.3521
vn 0.6595 -0.6364 0.4001
vn 0.6340 -0.7331 0.2462
vn 0.8096 -0.5743 0.1216
vn 0.9353 -0.2705 0.2282
vn 0.9403 -0.3036 0.1537
vn 0.8356 -0.5493 0.0059
vn 0.9738 -0.1765 0.1431
vn 0.6914 0.0084 0.7225
vn 0.7671 0.3764 0.5195
vn 0.9372 -0.3381 0.0856
vn 0.8413 -0.5403 -0.0150
vn 0.9413 -0.2947 0.1644
vn 0.9591 0.1617 0.2324
vn 0.9438 0.1409 0.2988
vn 0.9197 -0.3711 0.1283
vn 0.9387 -0.3274 0.1080
vn 0.9331 -0.3065 0.1882
vn 0.7983 -0.6008 0.0417
vn 0.7534 -0.5723 0.3239
vn 0.9365 -0.3100 0.1641
vn 0.9343 -0.1847 0.3048
vn 0.8826 -0.3614 0.3005
vn 0.7489 -0.5205 0.4102
vn 0.9474 -0.2559 0.1923
vn 0.9155 0.0006 0.4024
vn 0.9465 -0.2280 0.2282
vn 0.8883 0.2600 0.3785
vn 0.7909 -0.4934 0.3619
vn 0.5538 -0.7162 0.4246
vn 0.7857 -0.3161 0.5318
vn 0.7765 0.2033 0.5964
vn 0.6266 0.0573 0.7772
vn 0.5773 -0.5433 0.6096
vn 0.2867 -0.8034 0.5219
vn 0.5238 -0.3226 0.7884
vn 0.4344 -0.0609 0.8987
vn 0.4494 -0.0819 0.8896
vn 0.4538 -0.5708 0.6844
vn 0.4668 -0.3437 0.8149
vn 0.3013 -0.5976 0.7430
vn 0.2516 -0.3543 0.9006
vn 0.2034 -0.1016 0.9738
vn 0.3167 0.8663 0.3863
vn 0.3355 0.8715 0.3576
vn 0.5848 0.7526 0.3027
vn 0.5929 0.7518 0.2885
vn 0.7686 0.5777 0.2748
vn 0.3791 0.8661 0.3259
vn 0.4252 0.8686 0.2544
vn 0.6063 0.7511 0.2612
vn 0.7152 0.6372 0.2871
vn 0.8387 0.4735 0.2690
vn 0.8043 0.4708 0.3626
vn 0.8889 0.2771 0.3648
vn 0.7363 0.6372 0.2276
vn 0.6350 0.7420 0.2148
vn 0.4299 0.8818 0.1937
vn 0.6552 0.7397 0.1537
vn 0.4575 0.8863 0.0726
vn 0.7052 0.7069 0.0539
vn 0.4944 0.8672 -0.0602
vn 0.7379 0.6746 -0.0225
vn 0.4743 0.8679 -0.1474
vn 0.7350 0.6748 -0.0669
vn 0.4880 0.8577 -0.1620
vn 0.4084 0.8950 -0.1791
vn 0.4457 0.8864 -0.1252
vn 0.4556 0.8807 -0.1298
vn 0.4621 0.8790 -0.1180
vn 0.5247 0.8441 -0.1104
vn 0.6735 0.7355 -0.0742
vn 0.7767 0.6251 0.0771
vn 0.8410 0.5407 -0.0180
vn 0.8193 0.5689 -0.0717
vn 0.4571 0.8587 -0.2318
vn 0.4407 0.8398 -0.3171
vn 0.5369 0.8165 -0.2123
vn 0.4450 0.8061 -0.3900
vn 0.8578 0.5135 -0.0204
vn 0.8100 0.5858 0.0290
vn 0.4562 0.8797 -0.1345
vn 0.5614 0.7763 -0.2868
vn 0.7150 0.6590 -0.2334
vn 0.6759 0.7081 -0.2043
vn 0.6236 0.7681 -0.1452
vn 0.5733 0.7386 -0.3546
vn 0.8870 0.4598 -0.0418
vn 0.5538 0.8275 -0.0922
vn 0.5048 0.8588 -0.0870
vn 0.7629 0.6219 -0.1766
vn 0.7210 0.6838 -0.1122
vn 0.7775 0.6187 -0.1129
vn 0.7552 0.6397 -0.1430
vn 0.5902 0.8044 0.0673
vn 0.8131 0.5756 -0.0869
vn 0.5934 0.8047 0.0178
vn 0.6431 0.7553 -0.1259
vn 0.8210 0.5522 -0.1448
vn 0.6664 0.7167 0.2053
vn 0.8026 0.5872 -0.1050
vn 0.7308 0.6737 0.1099
vn 0.7512 0.6189 0.2294
vn 0.8112 0.5690 0.1352
vn 0.8646 0.4978 -0.0688
vn 0.8786 0.4425 -0.1794
vn 0.8426 0.5356 -0.0562
vn 0.7867 0.5990 0.1495
vn 0.7756 0.6247 0.0903
vn 0.7526 0.6263 0.2033
vn 0.7783 0.5820 0.2359
vn 0.6763 0.6681 0.3103
vn 0.7290 0.4996 0.4680
vn 0.8880 0.4534 0.0768
vn 0.8946 0.4236 -0.1420
vn 0.8882 0.4107 -0.2058
vn 0.8630 0.5049 -0.0200
vn 0.9240 0.3343 -0.1854
vn 0.7727 0.6220 -0.1262
vn 0.6771 0.7271 0.1134
vn 0.8361 0.5081 -0.2070
vn 0.7984 0.5766 -0.1737
vn 0.7730 0.6171 0.1471
vn 0.6744 0.6046 0.4238
vn 0.8570 0.2981 -0.4203
vn 0.8398 0.4145 -0.3507
vn 0.8842 0.4257 -0.1921
vn 0.8722 0.4518 0.1873
vn 0.7453 0.4080 0.5273
vn 0.9191 0.2775 -0.2798
vn 0.8393 0.2260 -0.4944
vn 0.9091 0.2039 -0.3631
vn 0.9558 0.2920 0.0332
vn 0.8435 0.3040 -0.4428
vn 0.9889 0.0904 -0.1175
vn 0.7362 0.2498 0.6289
vn 0.6630 -0.0276 0.7481
vn 0.5029 -0.2922 0.8135
vn 0.8016 -0.1428 0.5806
vn 0.8877 0.1561 0.4330
vn 0.3665 -0.4485 0.8152
vn 0.8665 0.3804 0.3232
vn 0.9463 0.3232 -0.0001
vn 0.9587 0.1908 0.2109
vn 0.8802 0.4678 0.0799
vn 0.9461 0.3035 0.1132
vn 0.7970 0.5891 0.1334
vn 0.7642 0.6154 0.1931
vn 0.8877 0.4359 0.1482
vn 0.8786 0.4388 0.1882
vn 0.9239 0.3014 0.2356
vn 0.8956 0.4250 0.1311
vn 0.9374 0.2776 0.2103
vn 0.9614 0.2259 0.1570
vn 0.9451 0.2628 0.1942
vn 0.9637 0.0128 0.2666
vn 0.8993 -0.0987 0.4260
vn 0.7988 -0.4020 0.4475
vn 0.9875 0.0146 0.1572
vn 0.8971 -0.3181 0.3068
vn 0.6061 -0.6764 0.4186
vn 0.7383 -0.5590 0.3775
vn 0.9599 -0.2132 0.1819
vn 0.9268 0.0893 0.3649
vn 0.9709 0.0348 0.2371
vn 0.9758 0.0503 0.2127
vn 0.9797 -0.0779 0.1847
vn 0.9691 0.0635 0.2383
vn 0.9427 -0.0670 0.3268
vn 0.9432 -0.0617 0.3265
vn 0.8401 -0.2893 0.4589
vn 0.9601 -0.0493 0.2754
vn 0.9677 0.0219 0.2513
vn 0.9753 0.0633 0.2118
vn 0.9892 0.0469 0.1391
vn 0.7915 -0.1865 0.5820
vn 0.6871 -0.5095 0.5180
vn 0.9835 0.0353 0.1776
vn 0.9846 -0.0044 0.1749
vn 0.9734 0.0402 0.2256
vn 0.9710 0.0028 0.2391
vn 0.9534 0.1113 0.2804
vn 0.9544 -0.0283 0.2971
vn 0.9255 0.1442 0.3501
vn 0.9696 0.0240 0.2434
vn 0.9397 -0.0776 0.3332
vn 0.9220 -0.2292 0.3121
vn 0.9566 -0.2095 0.2025
vn 0.8232 -0.3873 0.4152
vn 0.7026 -0.3328 0.6290
vn 0.7349 -0.5413 0.4086
vn 0.6650 -0.6007 0.4438
vn 0.9287 -0.2536 0.2706
vn 0.6596 -0.6305 0.4090
vn 0.4760 -0.6135 0.6301
vn 0.5624 -0.4682 0.6815
vn 0.3752 -0.6173 0.6915
vn 0.3521 -0.6199 0.7013
vn 0.2579 -0.7081 0.6573
vn 0.3188 -0.7848 0.5315
vn 0.3674 -0.7215 0.5869
vn 0.6193 -0.7718 0.1443
vn 0.4192 -0.3632 0.8321
vn 0.4040 -0.0117 0.9147
vn 0.6632 -0.3303 0.6716
vn 0.6363 -0.0355 0.7706
vn 0.7513 -0.3044 0.5856
vn 0.7491 -0.0801 0.6576
vn 0.3826 0.2781 0.8811
vn 0.6003 0.2242 0.7677
vn 0.7173 0.1553 0.6792
vn 0.2800 0.5032 0.8175
vn 0.2432 0.6988 0.6727
vn 0.5139 0.6429 0.5679
vn 0.5433 0.4365 0.7172
vn 0.7295 0.3877 0.5635
vn 0.7281 0.5500 0.4091
vn -0.1406 0.2054 0.9685
vn 0.6244 -0.3121 0.7160
vn -0.0934 -0.0716 0.9931
vn 0.4606 -0.4601 0.7590
vn -0.3987 -0.2775 0.8741
vn 0.1312 -0.6721 0.7287
vn -0.7677 0.1748 0.6165
vn -0.7744 -0.0306 0.6319
vn -0.8105 0.3609 0.4614
vn -0.1634 0.6678 0.7261
vn -0.9093 -0.0056 0.4160
vn -0.6012 -0.5612 0.5689
vn -0.7921 -0.5591 0.2449
vn -0.4173 -0.8903 -0.1823
vn -0.0373 -0.9896 0.1388
vn -0.8345 -0.2479 0.4921
vn -0.6050 -0.7862 -0.1260
vn -0.1536 -0.8853 -0.4389
vn 0.2527 -0.8853 -0.3905
vn 0.0723 -0.9503 -0.3028
vn -0.9866 0.0211 0.1617
vn -0.2830 -0.8565 -0.4316
vn -0.2826 -0.9143 -0.2900
vn 0.4264 -0.8655 -0.2629
vn 0.1546 -0.9400 -0.3042
vn -0.8188 -0.5732 -0.0315
vn -0.3140 -0.8944 -0.3185
vn -0.4107 -0.8898 -0.1988
vn -0.1053 -0.9873 0.1187
vn 0.1542 -0.9688 0.1940
vn -0.2719 -0.9484 -0.1632
vn -0.4058 -0.9101 -0.0842
vn -0.3447 -0.9386 -0.0141
vn 0.1695 -0.9639 0.2052
vn 0.3606 -0.8911 0.2757
vn 0.1367 -0.9202 0.3667
vn -0.1709 -0.9816 -0.0849
vn 0.3639 -0.7573 0.5423
vn 0.5292 -0.8057 0.2661
vn -0.0368 -0.9945 -0.0978
vn 0.1803 -0.9609 0.2103
vn -0.2120 -0.9610 -0.1777
vn -0.1684 -0.9854 -0.0264
vn -0.2199 -0.9755 -0.0022
vn 0.3855 -0.7104 0.5889
vn 0.2222 -0.8013 0.5554
vn -0.1156 -0.8882 0.4448
vn -0.2256 -0.9681 -0.1094
vn -0.3504 -0.9070 -0.2337
vn -0.2410 -0.9293 -0.2797
vn -0.2046 -0.9785 0.0250
vn -0.6026 -0.7709 0.2063
vn -0.5074 -0.8376 0.2025
vn -0.7878 -0.6023 0.1292
vn -0.9657 -0.1497 0.2123
vn -0.8906 -0.3579 0.2805
vn -0.9673 -0.2465 0.0599
vn -0.9850 -0.0405 0.1678
vn -0.9591 -0.1547 0.2370
vn -0.8591 0.4939 -0.1343
vn -0.3675 0.9267 -0.0782
vn -0.2995 0.9529 -0.0479
vn -0.9459 -0.1651 0.2795
vn -0.3216 0.9329 0.1619
vn -0.9790 -0.1562 0.1312
vn -0.9893 -0.0265 0.1434
vn 0.1259 0.8994 0.4187
vn -0.9967 -0.0679 0.0451
vn -0.9963 0.0810 0.0279
vn -0.9777 0.1641 0.1309
vn -0.8789 0.4261 0.2145
vn 0.5213 0.6679 0.5312
vn 0.3824 0.2367 0.8932
vn -0.8194 0.4785 0.3156
vn -0.8052 0.5281 0.2698
vn -0.3052 0.7161 0.6278
vn -0.6996 0.6444 0.3087
vn -0.1412 0.6515 0.7454
vn -0.1237 0.6797 0.7230
vn -0.9364 0.3266 0.1282
vn -0.6790 0.5212 0.5171
vn -0.3622 0.7520 0.5507
vn 0.6105 0.2406 0.7545
vn -0.8481 0.5181 0.1110
vn -0.4650 0.8087 0.3604
vn 0.3053 0.8245 0.4764
vn -0.7181 0.6929 0.0655
vn -0.3221 0.9201 0.2229
vn -0.2924 0.8942 0.3389
vn 0.3700 0.8863 0.2785
vn -0.1996 0.9146 0.3517
vn -0.2891 0.9395 0.1837
vn -0.0295 0.9718 0.2339
vn -0.3187 0.9471 -0.0393
vn -0.1651 0.9841 0.0659
vn 0.1449 0.8246 0.5468
vn 0.0430 0.8620 0.5051
vn 0.1482 0.9410 0.3042
vn 0.0531 0.9424 0.3302
vn -0.2442 0.9639 0.1058
vn 0.0661 -0.3546 0.9327
vn 0.3345 -0.3972 0.8546
vn 0.5076 -0.3127 0.8028
vn 0.5959 -0.2776 0.7536
vn 0.7973 -0.3499 0.4918
vn 0.6676 -0.4426 0.5987
vn 0.5801 -0.3195 0.7493
vn 0.8496 -0.3542 0.3909
vn 0.7699 -0.5474 0.3279
vn 0.5525 -0.8036 0.2212
vn 0.5619 -0.7455 0.3585
vn 0.7977 -0.4438 0.4083
vn 0.8515 -0.3876 0.3532
vn 0.6117 -0.7086 0.3517
vn 0.8377 -0.4196 0.3497
vn 0.9259 -0.3774 0.0156
vn 0.7928 -0.6084 0.0355
vn 0.8735 -0.4818 0.0702
vn 0.7857 -0.6186 0.0004
vn 0.5885 -0.6993 0.4058
vn 0.4815 -0.0945 0.8713
vn 0.4291 -0.4632 0.7755
vn 0.6806 -0.1538 0.7163
vn 0.6191 -0.4575 0.6383
vn 0.7739 -0.2121 0.5968
vn 0.7440 -0.4165 0.5225
vn 0.8000 -0.3090 0.5143
vn 0.8286 -0.3159 0.4621
vn 0.7828 -0.4100 0.4681
vn 0.8282 -0.1013 0.5513
vn 0.7938 -0.3672 0.4849
vn 0.7985 -0.4468 0.4035
vn 0.7485 -0.4755 0.4623
vn 0.8407 -0.2389 0.4860
vn 0.7704 -0.3527 0.5311
vn 0.6820 -0.4856 0.5469
vn 0.7139 -0.3475 0.6079
vn 0.7941 -0.1174 0.5963
vn 0.7333 0.0403 0.6787
vn 0.8343 0.1312 0.5355
vn 0.8959 -0.0821 0.4366
vn 0.7857 0.2159 0.5797
vn 0.7489 0.2979 0.5920
vn 0.8471 0.3273 0.4186
vn 0.9168 0.1000 0.3865
vn 0.8710 0.0688 0.4864
vn 0.9149 0.1443 0.3770
vn 0.8641 0.3378 0.3731
vn 0.7187 0.5258 0.4550
vn 0.9252 0.0296 0.3782
vn 0.9420 0.2135 0.2590
vn 0.9038 0.3872 0.1821
vn 0.8871 0.1475 0.4373
vn 0.8659 0.2544 0.4306
vn 0.9363 0.1997 0.2889
vn 0.9706 0.0470 0.2360
vn 0.8963 0.2761 0.3471
vn 0.9246 -0.0451 0.3783
vn 0.9525 0.1816 0.2446
vn 0.7716 0.4631 0.4361
vn 0.8040 0.3370 0.4899
vn 0.8740 0.2301 0.4280
vn 0.8307 0.4106 0.3760
vn 0.9244 0.3189 0.2092
vn 0.8744 0.4168 0.2482
vn 0.6008 0.6717 0.4334
vn 0.7024 0.5498 0.4520
vn 0.8447 0.4676 0.2604
vn 0.8366 0.5025 0.2181
vn 0.6827 0.6343 0.3628
vn 0.3399 0.7922 0.5068
vn 0.6876 0.6613 0.2999
vn 0.6799 0.6651 0.3088
vn 0.5524 0.7360 0.3914
vn 0.3465 0.8399 0.4178
vn 0.4804 0.7962 0.3677
vn 0.5255 0.7827 0.3336
vn 0.3278 0.8736 0.3597
vn 0.3418 0.8689 0.3580
vn 0.2649 -0.0433 0.9633
vn 0.2810 0.1216 0.9520
vn 0.6272 -0.0191 0.7786
vn 0.5438 0.0279 0.8388
vn 0.6317 -0.0033 0.7752
vn 0.4008 0.1678 0.9007
vn 0.5985 -0.1274 0.7909
vn 0.5510 0.2076 0.8082
vn 0.6246 0.0603 0.7786
vn 0.7601 0.1338 0.6359
vn 0.7832 0.0464 0.6200
vn 0.2355 0.2010 0.9508
vn 0.6100 -0.0276 0.7919
vn -0.0310 0.4833 0.8749
vn 0.2393 0.4302 0.8704
vn 0.5796 0.0022 0.8149
vn 0.7397 -0.0836 0.6677
vn 0.7303 0.0067 0.6831
vn 0.8003 0.0397 0.5983
vn 0.7247 -0.0962 0.6823
vn 0.8824 -0.0224 0.4699
vn 0.8903 0.0334 0.4542
vn 0.9275 -0.0755 0.3662
vn 0.9496 0.0592 0.3079
vn 0.9413 -0.0008 0.3377
vn 0.8951 -0.0172 0.4455
vn 0.9469 0.0653 0.3149
vn 0.9384 -0.0435 0.3428
vn 0.9477 0.0288 0.3178
vn 0.9220 -0.2178 0.3201
vn 0.9580 0.0426 0.2834
vn 0.9699 0.0848 0.2285
vn 0.9824 0.0003 0.1870
vn 0.9764 -0.1839 0.1132
vn 0.9358 0.0767 0.3441
vn 0.8592 -0.4517 0.2404
vn 0.9542 -0.2801 0.1049
vn 0.7847 -0.5857 0.2029
vn 0.9687 0.0677 0.2388
vn 0.8967 -0.4019 0.1856
vn 0.8435 -0.4817 0.2376
vn 0.9820 0.0425 0.1838
vn 0.6331 -0.7109 0.3065
vn 0.9540 0.1052 0.2806
vn 0.9701 -0.0122 0.2423
vn 0.8894 0.2034 0.4093
vn 0.8443 0.1623 0.5107
vn 0.9724 -0.1409 0.1858
vn 0.8424 -0.2068 0.4975
vn 0.6893 -0.7125 0.1308
vn 0.6526 -0.5072 0.5629
vn 0.6523 -0.7503 0.1076
vn 0.7174 -0.4099 0.5633
vn 0.8293 -0.4696 0.3029
vn 0.7936 -0.5648 -0.2261
vn 0.7369 -0.4676 0.4881
vn 0.6279 -0.6985 -0.3432
vn 0.7869 -0.6055 -0.1188
vn 0.7943 -0.5528 0.2522
vn 0.7532 -0.5496 -0.3614
vn 0.9868 -0.1284 0.0991
vn 0.8673 -0.3642 0.3394
vn 0.8833 -0.4678 -0.0296
vn 0.7803 -0.6242 -0.0387
vn 0.8153 -0.3918 0.4264
vn 0.8119 -0.1348 0.5680
vn 0.7174 -0.6463 0.2599
vn 0.9187 0.0639 0.3899
vn 0.5906 -0.8047 0.0604
vn 0.8893 0.2559 0.3789
vn 0.9756 -0.1107 0.1897
vn 0.9480 0.3146 -0.0494
vn 0.9881 0.1316 0.0792
vn 0.8469 0.3423 0.4069
vn 0.9966 0.0535 -0.0627
vn 0.8673 -0.3320 0.3709
vn 0.9903 -0.1354 0.0309
vn 0.9703 0.1882 0.1521
vn 0.8745 -0.4298 0.2249
vn 0.9947 0.0804 0.0648
vn 0.9881 -0.1526 0.0188
vn 0.9616 0.2097 0.1772
vn 0.8923 -0.3305 -0.3077
vn 0.8905 0.4450 -0.0947
vn 0.9820 0.1725 -0.0762
vn 0.6754 0.6368 0.3719
vn 0.9246 -0.0509 0.3774
vn 0.9191 -0.0985 0.3816
vn 0.8799 0.2245 -0.4187
vn 0.9704 -0.0649 0.2326
vn 0.6960 0.5139 0.5015
vn 0.7707 0.6336 0.0671
vn 0.3986 0.9090 -0.1219
vn 0.4675 0.6797 -0.5652
vn 0.9416 0.3364 0.0151
vn 0.9518 -0.0905 0.2932
vn 0.9343 -0.0628 0.3510
vn 0.9480 0.0397 0.3159
vn 0.6022 0.7939 -0.0844
vn 0.9263 0.3012 0.2264
vn 0.8996 0.0696 0.4312
vn 0.9768 -0.1224 0.1756
vn 0.8941 -0.0777 0.4411
vn 0.9639 0.2354 0.1244
vn 0.9416 -0.0488 0.3333
vn 0.9612 -0.1502 0.2316
vn 0.8641 -0.4091 0.2934
vn 0.9737 0.0161 0.2273
vn 0.6144 0.2478 0.7491
vn 0.7458 -0.5860 0.3169
vn 0.5075 -0.7352 0.4495
vn 0.1605 -0.3109 0.9368
vn 0.6136 -0.6946 0.3755
vn 0.4041 -0.8172 0.4111
vn 0.4340 -0.8290 0.3527
vn 0.5138 -0.8567 -0.0451
vn -0.0601 -0.9246 0.3761
vn -0.0159 -0.9720 0.2343
vn 0.5145 -0.8156 -0.2648
vn 0.7235 -0.4780 -0.4980
vn 0.9166 -0.3934 -0.0709
vn 0.1205 -0.4557 0.8819
vn -0.1209 -0.8461 0.5191
vn 0.1014 -0.9803 0.1697
vn 0.6586 -0.7038 -0.2662
vn 0.5197 -0.8184 0.2452
vn 0.7904 -0.6081 -0.0737
vn 0.8109 -0.5139 -0.2801
vn -0.0158 0.2138 0.9768
vn 0.7646 -0.1607 -0.6241
vn 0.6630 -0.4199 -0.6198
vn 0.2906 -0.7594 -0.5820
vn -0.0936 -0.9932 -0.0689
vn 0.9838 -0.0005 -0.1791
vn -0.1358 -0.9326 0.3344
vn 0.9025 -0.4022 0.1541
vn 0.8747 0.4843 0.0213
vn 0.3999 -0.7689 0.4989
vn -0.4868 -0.3491 0.8007
vn 0.4724 -0.4149 0.7777
vn 0.6031 -0.0141 0.7976
vn -0.1000 0.2695 0.9578
vn 0.9635 -0.1403 0.2279
vn 0.8129 -0.2895 0.5054
vn 0.7228 -0.0731 0.6872
vn 0.1913 0.9331 0.3046
vn 0.6256 0.3914 0.6748
vn 0.0607 -0.0495 0.9969
vn 0.6131 0.0361 0.7891
vn -0.0985 0.5450 0.8326
vn 0.0423 0.2224 0.9740
vn 0.6958 -0.0019 0.7182
vn 0.0243 0.7855 0.6184
vn 0.5112 0.0894 0.8548
vn -0.1015 0.4017 0.9101
vn 0.7174 -0.0063 0.6967
vn 0.0085 0.4917 0.8707
vn 0.5401 0.3810 0.7504
vn -0.0116 0.4740 0.8804
vn 0.5848 0.2402 0.7748
vn 0.3276 0.1879 0.9260
vn 0.2367 0.1435 0.9609
vn 0.5988 -0.1341 0.7896
vn 0.7683 -0.2832 0.5740
vn 0.5891 -0.3100 0.7462
vn 0.6691 -0.3955 0.6292
vn 0.6321 -0.3091 0.7106
vn 0.6246 -0.3915 0.6757
vn 0.7179 -0.4002 0.5696
vn 0.8423 -0.4811 0.2431
vn 0.9497 -0.0195 0.3125
vn 0.9537 -0.2979 0.0404
vn 0.8367 -0.1964 0.5113
vn 0.9237 -0.0141 0.3828
vn 0.8232 0.2435 0.5129
vn 0.9136 0.0118 0.4064
vn 0.8701 0.2035 0.4489
vn 0.9688 -0.0242 0.2465
vn 0.8874 0.1756 0.4262
vn 0.9676 -0.0969 0.2330
vn 0.9814 -0.0694 0.1789
vn 0.9893 0.0969 0.1092
vn 0.8415 -0.5051 -0.1917
vn 0.9261 0.3358 0.1721
vn 0.9564 -0.2805 -0.0810
vn 0.7857 -0.5942 -0.1721
vn 0.9885 -0.1259 0.0835
vn 0.8091 -0.5580 -0.1842
vn 0.8876 -0.3238 0.3277
vn 0.8543 -0.4908 -0.1709
vn 0.8443 -0.5358 0.0015
vn 0.7575 -0.5540 0.3453
vn 0.9682 -0.2340 0.0887
vn 0.9486 -0.3054 0.0835
vn 0.8335 -0.3699 0.4104
vn 0.3553 -0.5447 0.7596
vn 0.9495 -0.0718 0.3055
vn 0.9104 0.0882 0.4042
vn 0.8656 0.3195 0.3855
vn 0.8718 0.3600 0.3322
vn 0.9969 -0.0320 0.0723
vn 0.8392 0.2363 0.4897
vn 0.9926 -0.1214 -0.0051
vn 0.9590 -0.1686 0.2278
vn 0.7705 -0.6227 -0.1363
vn 0.6865 -0.7165 -0.1240
vn 0.9283 -0.2630 0.2630
vn 0.7623 0.2097 0.6123
vn 0.8247 0.2548 0.5049
vn 0.9924 -0.0684 0.1024
vn 0.8100 -0.5573 -0.1827
vn 0.9483 -0.2835 -0.1427
vn 0.7857 -0.4678 0.4048
vn 0.8184 -0.2635 0.5106
vn 0.9293 -0.2002 0.3104
vn 0.9894 -0.1010 -0.1045
vn 0.9772 -0.2059 0.0513
vn 0.9467 -0.2640 -0.1848
vn 0.9339 -0.3500 0.0732
vn 0.8189 -0.5621 -0.1160
vn 0.9646 -0.2631 -0.0171
vn 0.9707 -0.2404 -0.0019
vn 0.9627 -0.0877 -0.2558
vn 0.8637 -0.3399 -0.3720
vn 0.8768 -0.4808 -0.0070
vn 0.6453 -0.7636 0.0223
vn 0.6134 -0.7644 -0.1987
vn 0.2274 -0.9252 -0.3037
vn 0.7513 -0.5554 -0.3565
vn 0.9338 -0.2820 -0.2204
vn 0.5708 -0.7810 -0.2533
vn 0.7022 -0.7072 -0.0824
vn 0.9691 -0.0568 -0.2401
vn 0.8303 -0.5408 -0.1347
vn 0.9836 -0.1499 0.1006
vn 0.9994 0.0009 0.0340
vn 0.9888 -0.0251 0.1472
vn 0.9039 -0.3805 0.1955
vn 0.9842 -0.1436 0.1038
vn 0.9305 -0.0885 0.3553
vn 0.9629 -0.1546 0.2210
vn 0.9701 -0.1895 0.1515
vn 0.9788 -0.1446 0.1448
vn 0.8131 0.1557 0.5609
vn 0.9540 -0.1516 0.2588
vn 0.9509 -0.1642 0.2624
vn 0.8610 -0.2662 0.4333
vn 0.7450 0.2005 0.6362
vn 0.7469 -0.5857 0.3147
vn 0.9498 -0.1540 0.2725
vn 0.7559 0.1488 0.6376
vn 0.5616 -0.8271 0.0217
vn 0.7149 0.1556 0.6817
vn 0.8845 -0.2992 0.3578
vn 0.3972 -0.8829 0.2505
vn 0.6689 0.1288 0.7321
vn 0.7679 -0.4405 0.4651
vn 0.5666 0.1471 0.8107
vn 0.4743 -0.8631 0.1737
vn 0.6399 -0.6366 0.4304
vn 0.1163 -0.9791 -0.1667
vn 0.3005 -0.9531 -0.0364
vn 0.3553 -0.9322 -0.0689
vn 0.6123 -0.6574 0.4393
vn 0.7206 -0.5740 0.3889
vn 0.4556 -0.8724 -0.1768
vn 0.9098 -0.2733 0.3124
vn 0.6906 -0.5958 0.4099
vn 0.8894 -0.3375 0.3083
vn 0.6302 -0.4898 0.6024
vn 0.7484 -0.2300 0.6221
vn 0.5396 -0.3275 0.7756
vn 0.5460 0.1460 0.8250
vn 0.5912 0.0720 0.8033
vn 0.6805 0.0106 0.7327
vn 0.6635 -0.3813 0.6437
vn 0.6940 -0.3512 0.6285
vn 0.6296 -0.5486 0.5501
vn 0.5871 -0.4803 0.6516
vn 0.5066 -0.5908 0.6279
vn 0.4870 -0.6298 0.6052
vn 0.2712 -0.8353 0.4783
vn 0.2951 -0.7473 0.5954
vn 0.3615 -0.6938 0.6229
vn 0.1462 -0.9876 0.0574
vn 0.3614 -0.8454 -0.3932
vn 0.8899 -0.4515 -0.0652
vn 0.7741 -0.5978 0.2086
vn 0.4298 -0.5521 0.7145
vn 0.5867 -0.1600 0.7938
vn 0.5507 -0.1752 0.8161
vn 0.8127 -0.0415 0.5811
vn 0.9272 -0.0740 0.3671
vn 0.8221 0.1709 0.5430
vn 0.6724 0.0806 0.7358
vn 0.6428 0.1041 0.7589
vn 0.5329 -0.0873 0.8417
vn 0.6121 -0.5220 -0.5940
vn 0.6025 -0.5510 -0.5774
vn 0.9250 -0.3793 -0.0218
vn 0.9319 -0.2470 -0.2657
vn 0.4353 -0.3091 -0.8456
vn 0.8406 -0.2315 0.4897
vn 0.8111 0.0200 -0.5846
vn 0.4625 -0.2655 -0.8460
vn 0.9088 -0.0113 0.4171
vn 0.8172 -0.0492 -0.5743
vn 0.6111 -0.4063 -0.6794
vn 0.4470 0.2146 0.8684
vn 0.6162 0.0673 0.7847
vn 0.8880 0.3739 0.2676
vn 0.8929 -0.2198 -0.3930
vn 0.7951 -0.4759 0.3760
vn 0.9655 -0.0205 0.2596
vn 0.2698 0.4704 0.8402
vn 0.0563 0.0642 0.9963
vn 0.0353 0.1302 0.9909
vn 0.8743 0.4138 0.2537
vn -0.5032 -0.2466 0.8283
vn -0.5492 -0.2237 0.8052
vn -0.7684 0.0080 0.6399
vn -0.2552 0.3310 0.9085
vn -0.8710 0.0631 0.4872
vn 0.2319 0.4724 0.8503
vn -0.4307 0.3081 0.8483
vn -0.3208 0.2679 0.9085
vn -0.8547 -0.0628 0.5153
vn 0.2530 0.4017 0.8801
vn -0.2481 0.2276 0.9416
vn -0.8194 -0.1539 0.5521
vn -0.6916 0.0158 0.7221
vn 0.8973 0.2426 0.3687
vn -0.0967 0.1887 0.9773
vn -0.1089 -0.4966 0.8611
vn 0.2822 0.3273 0.9018
vn 0.8748 0.1807 0.4496
vn 0.3029 0.2433 0.9214
vn 0.4414 0.2129 0.8717
vn -0.0201 0.0364 0.9991
vn 0.8624 0.1895 0.4694
vn 0.0218 -0.1042 0.9943
vn 0.3242 0.1684 0.9309
vn 0.7327 -0.3110 0.6053
vn 0.5587 -0.7734 0.2995
vn 0.3326 -0.8577 0.3921
vn 0.5763 0.0854 0.8128
vn 0.6944 -0.3364 0.6361
vn 0.6635 -0.6092 0.4344
vn 0.4622 0.0475 0.8855
vn 0.6699 0.0678 0.7393
vn -0.0633 0.3710 0.9265
vn -0.1519 0.1664 0.9743
vn -0.5909 0.4414 0.6753
vn 0.0625 0.5877 0.8067
vn -0.0352 0.5619 0.8265
vn -0.6763 0.4941 0.5463
vn -0.6678 0.5874 0.4572
vn -0.8895 0.3042 0.3408
vn -0.9905 -0.0359 0.1325
vn -0.8916 0.4365 0.1201
vn -0.9338 0.3323 0.1328
vn -0.6700 0.5767 0.4674
vn -0.6590 0.5774 0.4820
vn -0.9454 0.3113 0.0963
vn -0.9824 0.1682 0.0813
vn -0.7046 0.4294 0.5649
vn -0.1316 0.5875 0.7985
vn -0.2660 0.5374 0.8003
vn 0.2723 0.4901 0.8280
vn 0.3335 0.3819 0.8619
vn 0.6664 0.3110 0.6777
vn 0.6528 0.4015 0.6424
vn 0.9706 0.1604 0.1793
vn 0.9559 0.2404 0.1688
vn 0.9134 -0.1107 -0.3917
vn 0.9646 0.0400 -0.2608
vn 0.8539 0.1880 0.4853
vn 0.8345 0.1866 0.5185
vn 0.9684 0.0154 0.2488
vn 0.9611 0.0399 0.2734
vn 0.9982 -0.0304 -0.0522
vn 0.9688 -0.0286 0.2462
vn 0.9958 -0.0529 -0.0743
vn 0.9955 0.0440 -0.0843
vn 0.8824 -0.1948 -0.4283
vn 0.7543 -0.2678 -0.5993
vn 0.8109 -0.1000 -0.5765
vn 0.3239 -0.3442 -0.8813
vn 0.9977 0.0681 -0.0042
vn 0.8415 -0.1132 -0.5282
vn 0.7763 -0.0947 -0.6232
vn 0.4937 -0.3424 -0.7994
vn 0.3706 -0.3019 -0.8783
vn 0.3223 -0.4528 -0.8313
vn -0.0373 -0.5252 -0.8501
vn -0.5422 -0.2903 -0.7885
vn -0.2794 -0.4523 -0.8470
vn -0.6286 -0.4392 -0.6418
vn -0.6738 -0.4791 -0.5625
vn 0.5177 -0.3310 -0.7889
vn 0.4096 -0.2977 -0.8623
vn -0.2584 -0.3010 -0.9179
vn -0.7483 -0.3536 -0.5612
vn -0.6906 -0.4636 -0.5551
vn -0.8203 -0.2932 -0.4911
vn -0.2978 -0.4897 -0.8195
vn -0.3066 -0.4613 -0.8326
vn -0.3397 -0.4393 -0.8316
vn -0.8524 -0.3903 -0.3479
vn -0.8316 -0.4179 -0.3657
vn -0.8676 -0.2954 -0.3999
vn -0.7244 -0.4851 -0.4899
vn -0.6183 -0.4531 -0.6422
vn 0.3423 -0.3617 -0.8672
vn -0.5218 -0.6609 -0.5394
vn -0.8713 -0.1335 -0.4722
vn -0.9268 -0.1784 -0.3305
vn -0.9035 -0.1401 -0.4050
vn -0.9426 -0.0827 -0.3234
vn -0.6452 -0.4842 -0.5910
vn -0.9652 0.0544 -0.2558
vn -0.6825 -0.4846 -0.5471
vn -0.7109 -0.3946 -0.5822
vn -0.9397 -0.3384 -0.0491
vn -0.3685 -0.9293 0.0236
vn -0.2974 -0.8813 -0.3673
vn -0.7169 -0.5663 -0.4067
vn -0.3410 -0.7856 -0.5164
vn 0.2341 -0.9446 -0.2301
vn -0.3011 -0.8612 -0.4095
vn -0.2857 -0.7252 -0.6265
vn 0.2503 -0.8979 -0.3620
vn -0.6384 -0.6523 -0.4086
vn -0.8947 -0.2298 -0.3831
vn -0.4303 -0.8670 -0.2514
vn -0.9775 -0.1392 0.1588
vn -0.9606 -0.2619 0.0931
vn -0.9049 -0.2079 -0.3714
vn -0.8254 -0.4035 -0.3949
vn -0.8558 -0.3698 -0.3616
vn -0.8523 -0.4017 -0.3350
vn -0.8514 -0.5063 -0.1370
vn -0.4036 -0.4883 -0.7738
vn -0.7759 -0.5764 -0.2565
vn -0.8947 -0.4103 -0.1765
vn -0.6432 -0.7615 -0.0804
vn -0.8440 -0.4179 -0.3362
vn -0.8951 -0.3647 -0.2564
vn -0.4409 -0.3943 -0.8063
vn -0.8957 -0.4124 -0.1664
vn -0.1191 -0.5654 -0.8161
vn -0.9525 -0.2702 -0.1403
vn -0.8973 -0.4406 -0.0254
vn 0.3272 -0.2362 -0.9150
vn -0.2794 -0.4921 -0.8245
vn -0.5845 -0.7766 0.2349
vn -0.7593 -0.6503 0.0253
vn -0.0536 -0.8142 -0.5781
vn -0.0323 -0.9507 -0.3085
vn -0.3195 -0.6548 -0.6849
vn 0.0838 0.0785 0.9934
vn -0.7903 -0.0997 0.6046
vn -0.0716 0.2202 0.9728
vn -0.8107 -0.0146 0.5852
vn -0.0634 0.1324 0.9892
vn -0.9292 -0.3167 -0.1906
vn -0.7468 -0.1311 0.6519
vn 0.0694 -0.0200 0.9974
vn -0.9403 -0.2265 -0.2541
vn -0.4783 -0.3088 -0.8221
vn -0.4961 -0.3510 0.7942
vn 0.1509 -0.0530 0.9871
vn -0.3648 -0.2636 0.8930
vn -0.8161 -0.5745 -0.0633
vn -0.9221 -0.3534 -0.1580
vn -0.7270 -0.6863 0.0227
vn -0.1050 -0.6921 -0.7141
vn -0.2648 -0.7052 -0.6577
vn -0.4462 -0.3600 -0.8193
vn 0.3987 -0.5111 -0.7615
vn 0.4151 -0.5203 -0.7463
vn 0.2539 -0.2091 -0.9443
vn 0.7978 -0.2890 -0.5291
vn 0.8738 -0.3013 -0.3816
vn 0.9376 -0.3070 0.1635
vn 0.2484 -0.2066 -0.9464
vn 0.9882 -0.1120 0.1048
vn 0.6515 -0.0125 0.7585
vn 0.7115 -0.0491 -0.7010
vn 0.7587 -0.0305 -0.6507
vn 0.9713 0.2271 0.0712
vn 0.5709 0.0785 0.8173
vn 0.7858 -0.0670 -0.6148
vn 0.5148 0.2824 0.8095
vn 0.9689 0.2197 0.1143
vn 0.9932 0.0646 0.0966
vn 0.5304 0.2716 0.8031
vn 0.6180 0.0671 0.7833
vn -0.9725 -0.0190 0.2321
vn -0.9420 -0.3328 -0.0434
vn -0.8694 -0.1066 0.4825
vn -0.6802 -0.6072 -0.4107
vn -0.8833 -0.3724 0.2848
vn -0.7848 -0.0426 0.6182
vn -0.7287 -0.6506 -0.2140
vn -0.8449 -0.2988 0.4437
vn -0.6981 0.0236 0.7156
vn -0.4861 -0.6303 -0.6053
vn -0.8581 -0.2105 0.4684
vn -0.6722 -0.0607 0.7379
vn -0.3934 -0.7244 -0.5661
vn -0.2840 -0.5449 -0.7890
vn -0.7949 -0.5948 -0.1198
vn -0.8437 -0.2156 0.4917
vn -0.4477 -0.6760 -0.5853
vn -0.8465 -0.5133 -0.1409
vn -0.8613 -0.4889 -0.1382
vn -0.5307 -0.5932 -0.6054
vn -0.5328 -0.5653 -0.6297
vn -0.1117 -0.6316 -0.7672
vn 0.3967 -0.2530 -0.8824
vn -0.0058 -0.5593 -0.8289
vn 0.0266 -0.4893 -0.8717
vn -0.3737 -0.6051 -0.7030
vn 0.0913 -0.4819 -0.8715
vn 0.0208 -0.5130 -0.8581
vn 0.5395 -0.2089 -0.8157
vn 0.6177 -0.1048 -0.7794
vn 0.5607 -0.1962 -0.8045
vn 0.8704 0.1963 -0.4515
vn 0.4956 -0.2972 -0.8161
vn 0.8951 0.1018 -0.4341
vn 0.8867 0.4549 0.0825
vn 0.4700 -0.3634 -0.8044
vn 0.5761 0.5614 0.5940
vn 0.9330 0.3528 0.0707
vn 0.9116 0.0647 -0.4061
vn -0.0937 0.4242 0.9007
vn 0.9019 0.0639 -0.4272
vn 0.6387 0.4772 0.6036
vn 0.9417 0.3241 0.0907
vn -0.5637 0.1588 0.8106
vn -0.5448 0.0705 0.8356
vn -0.5971 0.1191 0.7933
vn -0.0502 0.3864 0.9210
vn -0.6082 -0.0366 0.7929
vn -0.6709 0.0341 0.7407
vn -0.7188 0.0897 0.6894
vn -0.6774 0.1128 0.7269
vn -0.5751 0.1400 0.8060
vn 0.0847 0.4001 0.9126
vn -0.5832 0.2172 0.7828
vn 0.6546 0.4780 0.5857
vn 0.0420 0.4718 0.8807
vn -0.7427 0.2324 0.6280
vn -0.3296 0.4261 0.8425
vn 0.1757 0.5111 0.8414
vn 0.9406 0.3368 0.0425
vn 0.6341 0.5069 0.5839
vn 0.6407 0.4830 0.5968
vn 0.9409 0.3288 0.0815
vn 0.8949 0.1188 -0.4301
vn 0.7531 -0.0128 -0.6578
vn 0.3629 -0.2110 -0.9076
vn -0.1662 -0.4269 -0.8889
vn -0.9973 -0.0734 0.0012
vn -0.4223 0.0730 0.9035
vn 0.4423 0.0684 0.8942
vn 0.0329 -0.1161 0.9927
vn -0.6243 -0.7391 0.2529
vn 0.9946 0.0060 0.1037
vn 0.9304 -0.3462 0.1205
vn 0.4456 -0.0171 0.8951
vn 0.5693 -0.2710 -0.7762
vn 0.7000 -0.7136 0.0284
vn -0.1769 -0.5323 -0.8279
vn -0.3634 -0.3502 -0.8633
vn 0.5155 -0.4694 -0.7169
vn -0.1703 -0.5161 -0.8394
vn 0.7713 -0.6181 -0.1518
vn 0.7618 -0.1370 0.6332
vn -0.1361 -0.5751 -0.8067
vn 0.6715 -0.7359 0.0874
vn -0.3742 -0.8584 0.3509
vn -0.0549 -0.0501 0.9972
vn -0.9962 -0.0803 0.0350
vn -0.6982 0.4653 0.5441
vn -0.9679 0.0612 -0.2437
vn 0.2210 0.5489 0.8062
vn -0.0495 0.1566 0.9864
vn 0.6069 -0.5474 0.5761
vn 0.8160 -0.0711 0.5737
vn 0.4952 0.3262 0.8052
vn 0.9739 0.1079 0.1995
vn 0.9656 -0.2143 -0.1472
vn 0.9264 -0.2889 -0.2413
vn 0.9496 -0.3064 0.0655
vn 0.8264 -0.5577 -0.0778
vn 0.8999 -0.4260 -0.0935
vn 0.4825 0.4558 0.7479
vn 0.5596 0.3135 0.7672
vn 0.8687 0.4339 0.2390
vn 0.8985 0.1231 0.4213
vn 0.8390 0.4442 0.3144
vn 0.8811 -0.4552 0.1281
vn 0.8604 -0.4183 0.2911
vn 0.8608 -0.4911 -0.1338
vn 0.9542 -0.2741 0.1201
vn 0.9060 -0.4074 -0.1152
vn 0.8384 -0.4837 0.2511
vn 0.9105 -0.3224 0.2591
vn 0.8802 -0.3267 0.3444
vn 0.8763 -0.3388 0.3426
vn 0.9344 -0.2685 0.2342
vn 0.9381 -0.2761 0.2090
vn 0.9356 -0.2526 0.2466
vn 0.9591 -0.2620 0.1071
vn 0.9540 -0.2538 0.1594
vn 0.9556 -0.2943 0.0160
vn 0.9898 -0.0571 0.1306
vn 0.9850 -0.1258 0.1179
vn 0.9647 -0.2582 0.0512
vn 0.9806 -0.1770 -0.0844
vn 0.9649 -0.2604 0.0336
vn 0.9691 -0.2459 -0.0199
vn 0.9561 -0.2912 -0.0332
vn 0.9551 -0.2187 -0.2000
vn 0.9940 0.0137 0.1090
vn 0.9977 0.0521 0.0425
vn 0.9078 -0.1552 -0.3897
vn 0.9829 0.1688 0.0737
vn 0.8939 0.4278 0.1341
vn 0.9033 -0.1405 -0.4054
vn 0.9112 -0.1231 -0.3932
vn 0.9940 0.0743 0.0808
vn 0.9100 -0.1710 -0.3777
vn 0.9859 -0.0158 -0.1663
vn 0.9861 0.1649 -0.0198
vn 0.9660 0.1662 -0.1979
vn 0.9784 0.1975 0.0615
vn 0.9021 0.1589 0.4011
vn 0.9301 0.0199 -0.3668
vn 0.9610 -0.0235 -0.2754
vn 0.9860 0.1532 0.0658
vn 0.9187 0.3042 -0.2518
vn 0.8912 0.2136 -0.4002
vn 0.9183 0.2625 -0.2963
vn 0.8983 0.2476 -0.3629
vn 0.9669 0.2236 -0.1226
vn 0.9910 0.1234 -0.0518
vn 0.9597 0.2587 -0.1097
vn 0.9907 0.1356 0.0140
vn 0.9452 0.3244 -0.0368
vn 0.9528 0.2114 -0.2178
vn 0.9018 0.3486 -0.2553
vn 0.8188 0.4576 -0.3468
vn 0.8086 0.3915 -0.4392
vn 0.9358 0.3512 0.0310
vn 0.8409 0.5411 -0.0065
vn 0.8546 0.5137 -0.0759
vn 0.8712 0.4681 -0.1480
vn 0.7747 0.6276 -0.0778
vn 0.7585 0.6114 -0.2256
vn 0.8067 0.5910 0.0027
vn 0.7271 0.6502 -0.2206
vn 0.8998 0.4288 0.0806
vn 0.7436 0.5834 -0.3267
vn 0.6987 0.6411 -0.3175
vn 0.7258 0.6018 -0.3332
vn 0.5814 0.7231 -0.3728
vn 0.4195 0.8082 -0.4132
vn 0.5971 0.6517 -0.4677
vn 0.4460 0.7893 -0.4220
vn 0.7770 0.4949 -0.3889
vn 0.7450 0.4918 -0.4508
vn 0.7956 0.4004 -0.4546
vn 0.6268 0.5870 -0.5124
vn 0.8083 0.4007 -0.4314
vn 0.7332 0.4390 -0.5192
vn 0.8446 0.5293 -0.0809
vn 0.7696 0.6325 -0.0878
vn 0.6022 0.7905 -0.1115
vn 0.7293 0.6816 0.0600
vn 0.8780 0.4783 0.0166
vn 0.9061 0.4220 -0.0318
vn 0.8775 0.4578 -0.1425
vn 0.8197 0.5672 0.0797
vn 0.4846 0.8003 -0.3531
vn 0.3595 0.9036 -0.2330
vn 0.4209 0.8976 -0.1314
vn 0.4729 0.8802 -0.0401
vn 0.8181 0.5432 -0.1886
vn 0.3265 0.9365 -0.1280
vn 0.2805 0.9290 -0.2414
vn 0.6537 0.7348 -0.1811
vn 0.4096 0.8885 -0.2069
vn 0.8317 0.5379 -0.1373
vn 0.3267 0.8971 -0.2975
vn 0.4707 0.8316 -0.2949
vn 0.8024 0.5581 -0.2112
vn 0.3331 0.8152 -0.4739
vn 0.7319 0.6297 -0.2605
vn 0.5518 0.7161 -0.4274
vn 0.3831 0.7203 -0.5782
vn 0.4713 0.6482 -0.5981
vn 0.7775 0.5259 -0.3448
vn 0.4706 0.6961 -0.5423
vn 0.5270 0.6204 -0.5809
vn 0.4931 0.6868 -0.5340
vn 0.6112 0.6110 -0.5031
vn 0.6786 0.5227 -0.5160
vn 0.7067 0.5470 -0.4487
vn 0.7559 0.5072 -0.4141
vn 0.7792 0.5010 -0.3766
vn 0.8762 0.3417 -0.3399
vn 0.7561 0.5344 -0.3776
vn 0.9260 -0.0059 -0.3774
vn 0.8744 -0.2961 -0.3845
vn 0.7272 -0.5923 -0.3469
vn 0.8571 -0.2436 -0.4539
vn 0.9125 -0.0256 -0.4083
vn 0.8909 0.1788 -0.4175
vn 0.9043 -0.0364 -0.4254
vn 0.9206 0.1028 -0.3768
vn 0.8014 0.3932 -0.4506
vn 0.8786 -0.0093 -0.4775
vn 0.8949 0.3092 -0.3217
vn 0.7882 0.5105 -0.3436
vn 0.8815 0.1612 -0.4438
vn 0.9303 0.1698 -0.3251
vn 0.8572 0.3615 -0.3667
vn 0.7860 0.4835 -0.3851
vn 0.9106 0.3181 -0.2640
vn 0.9365 0.3274 -0.1258
vn 0.8550 0.4253 -0.2966
vn 0.8999 0.4159 -0.1312
vn 0.7222 0.5938 -0.3546
vn 0.9309 0.3649 -0.0160
vn 0.7896 0.5059 -0.3472
vn 0.7834 0.6054 -0.1409
vn 0.8818 0.4703 -0.0354
vn 0.8020 0.5588 0.2109
vn 0.8386 0.5357 -0.0992
vn 0.7836 0.6139 -0.0952
vn 0.8115 0.5840 -0.0228
vn -0.7938 0.2597 0.5499
vn -0.7920 -0.5623 0.2379
vn -0.2703 0.0542 0.9612
vn -0.2977 -0.8644 -0.4053
vn -0.1443 -0.8306 0.5378
vn 0.7799 -0.3477 0.5204
vn 0.3200 -0.9343 -0.1572
vn 0.1024 -0.4103 -0.9062
vn 0.8286 -0.1981 -0.5236
vn 0.3479 0.2331 -0.9081
vn 0.3254 0.8486 -0.4171
vn 0.8522 0.5212 -0.0467
vn 0.3287 0.6113 0.7199
vn -0.1115 0.9394 0.3241
vn -0.3118 -0.4541 0.8346
vn 0.0394 -0.3330 0.9421
vn 0.6353 0.1404 0.7594
vn 0.9226 0.2152 0.3200
vn 0.8500 -0.4887 0.1968
vn 0.9305 -0.2633 0.2547
vn 0.5495 -0.6943 0.4649
vn 0.3172 -0.9167 -0.2429
vn 0.3001 -0.8414 -0.4494
vn -0.0470 -0.9843 0.1703
vn 0.2961 -0.9020 0.3141
vn 0.8007 -0.5639 -0.2022
vn -0.5426 -0.7596 0.3586
vn 0.5443 -0.5941 0.5922
vn 0.7829 -0.6163 -0.0851
vn -0.3810 -0.6483 0.6592
vn -0.9559 -0.0601 0.2874
vn -0.9486 -0.2911 0.1241
vn -0.1388 -0.2111 0.9676
vn -0.7706 0.3179 0.5524
vn -0.7717 0.4604 0.4387
vn 0.5905 -0.3163 0.7424
vn 0.8102 -0.1423 0.5686
vn 0.7980 -0.5906 -0.1198
vn 0.7909 -0.5957 -0.1401
vn -0.1388 0.1784 0.9741
vn 0.1951 0.4226 0.8851
vn -0.6263 0.6733 0.3930
vn -0.4439 0.8110 0.3811
vn 0.2899 0.5848 0.7576
vn -0.5473 0.7197 0.4273
vn 0.8511 -0.0381 0.5237
vn 0.7297 -0.6749 -0.1098
vn 0.2206 0.5071 0.8332
vn 0.8237 -0.1541 0.5456
vn 0.4544 0.0965 0.8856
vn 0.3902 -0.8584 0.3330
vn 0.1700 0.2314 0.9579
vn -0.9428 -0.1871 0.2760
vn -0.9135 0.3711 0.1665
vn 0.1781 0.5164 0.8376
vn -0.5638 0.6932 0.4491
vn -0.2352 0.7964 0.5571
vn 0.2431 0.5678 0.7865
vn 0.3756 0.3133 0.8722
vn 0.6349 0.2281 0.7381
vn 0.9235 -0.0399 0.3815
vn 0.9361 -0.2741 0.2206
vn 0.6060 0.2009 0.7697
vn -0.2521 0.5824 0.7728
vn 0.6022 0.3290 0.7274
vn -0.1583 0.6817 0.7143
vn -0.8218 0.5352 0.1955
vn -0.8025 0.5503 0.2307
vn -0.1347 0.4911 0.8606
vn -0.8732 0.4596 0.1621
vn 0.6149 0.3690 0.6969
vn -0.3392 0.1915 0.9210
vn -0.8297 0.5228 0.1956
vn 0.9726 -0.2015 0.1161
vn 0.4693 -0.6051 -0.6431
vn 0.5328 0.0935 0.8410
vn 0.9817 -0.1503 0.1167
vn 0.9139 -0.3177 0.2528
vn -0.4027 0.1548 0.9022
vn -0.7202 0.6667 0.1919
vn 0.3127 -0.1973 0.9291
vn 0.2590 -0.3131 0.9137
vn 0.5489 -0.7098 -0.4414
vn -0.5170 -0.6476 -0.5598
vn 0.7723 -0.5411 0.3327
vn -0.5483 -0.7766 -0.3101
vn 0.5264 -0.5606 -0.6392
vn 0.7378 -0.6076 0.2939
vn 0.5249 -0.5448 -0.6540
vn -0.4920 0.0822 -0.8667
vn 0.5894 -0.4242 -0.6875
vn 0.8087 -0.5476 0.2149
vn 0.4768 -0.5246 -0.7053
vn -0.6781 -0.1709 -0.7148
vn -0.6177 -0.0662 -0.7836
vn 0.2783 -0.2427 0.9293
vn -0.6402 -0.2763 -0.7168
vn -0.3817 0.2823 -0.8801
vn -0.5121 -0.6668 -0.5413
vn 0.6220 -0.2971 -0.7244
vn -0.2216 0.3858 -0.8956
vn -0.7642 0.6322 -0.1277
vn 0.7567 -0.6156 0.2201
vn -0.0325 0.2432 -0.9694
vn -0.9044 0.2756 -0.3258
vn 0.6508 -0.3892 -0.6519
vn -0.2433 -0.2019 -0.9487
vn -0.8924 0.4415 -0.0929
vn -0.1779 0.0773 -0.9810
vn 0.4236 -0.7471 -0.5122
vn 0.3822 -0.7008 -0.6023
vn 0.1824 -0.9780 0.1007
vn 0.4109 -0.8991 0.1507
vn 0.2020 -0.3134 0.9279
vn -0.2228 -0.6617 0.7159
vn -0.4253 -0.6684 0.6102
vn -0.8568 -0.1501 0.4934
vn -0.7786 -0.0021 0.6275
vn -0.3988 0.2254 0.8889
vn -0.5012 0.2771 0.8197
vn 0.7516 -0.3643 -0.5499
vn -0.0762 -0.1620 -0.9838
vn -0.4430 0.6491 -0.6184
vn -0.9239 0.1107 -0.3664
vn 0.8959 -0.0303 -0.4432
vn -0.9579 0.1523 0.2432
vn -0.4856 -0.6403 0.5951
vn -0.0654 0.9320 -0.3564
vn 0.8966 -0.1521 -0.4159
vn -0.9940 0.0938 0.0564
vn -0.2264 0.9657 -0.1271
vn 0.1241 0.3996 -0.9083
vn -0.9607 0.1441 -0.2371
vn -0.5659 -0.7753 -0.2804
vn -0.5904 -0.7819 0.2001
vn 0.1661 -0.9075 -0.3858
vn 0.2676 -0.9635 0.0077
vn 0.3186 -0.9067 0.2765
vn -0.9646 0.1263 0.2313
vn -0.8900 0.0037 -0.4559
vn -0.9910 0.1157 -0.0670
vn -0.6918 -0.0921 -0.7162
vn -0.7308 -0.2323 -0.6419
vn -0.5611 -0.1963 -0.8041
vn -0.9673 0.2407 -0.0798
vn -0.6407 -0.3476 -0.6846
vn -0.5068 -0.4226 -0.7514
vn -0.4546 -0.1526 -0.8775
vn -0.9532 0.2850 -0.1012
vn -0.4031 -0.5247 -0.7497
vn -0.5696 -0.5296 -0.6286
vn -0.9982 -0.0106 0.0597
vn 0.5549 -0.5708 -0.6052
vn 0.3753 -0.8491 -0.3717
vn 0.5408 -0.7873 0.2962
vn -0.6546 -0.5644 -0.5030
vn -0.9110 -0.2490 0.3288
vn -0.6319 -0.3726 -0.6796
vn -0.6773 -0.1559 -0.7190
vn -0.7954 -0.1468 -0.5880
vn -0.6520 -0.1718 -0.7385
vn -0.8234 -0.1263 -0.5532
vn -0.4606 -0.3881 -0.7983
vn -0.0306 -0.4946 -0.8686
vn -0.1062 -0.4172 -0.9026
vn -0.0690 -0.2672 -0.9612
vn -0.4963 -0.1966 -0.8456
vn 0.0090 -0.2300 -0.9732
vn 0.4763 -0.2297 -0.8488
vn 0.5951 -0.3252 -0.7349
vn 0.8078 -0.1962 -0.5559
vn 0.4767 -0.3501 -0.8063
vn 0.9835 -0.1342 -0.1212
vn 0.4054 -0.2319 -0.8843
vn 0.7906 -0.2580 -0.5554
vn 0.9267 -0.0213 0.3752
vn 0.7472 -0.0798 0.6597
vn 0.7554 0.0386 0.6541
vn 0.1469 -0.0442 0.9882
vn 0.9506 -0.0144 0.3102
vn 0.9754 -0.1671 -0.1435
vn 0.7758 -0.1052 -0.6221
vn -0.5006 0.0169 0.8655
vn 0.1801 0.1311 0.9749
vn -0.4499 0.1181 0.8852
vn -0.6539 0.1145 0.7479
vn 0.3393 -0.1328 -0.9313
vn -0.6244 0.1848 0.7589
vn 0.0041 -0.2158 -0.9764
vn -0.4939 -0.4322 -0.7545
vn 0.0069 -0.5237 -0.8519
vn 0.0627 -0.5405 -0.8390
vn -0.2976 -0.3538 -0.8867
vn 0.0099 -0.3714 -0.9284
vn -0.2021 -0.5443 -0.8142
vn -0.0523 -0.6688 -0.7416
vn 0.0119 -0.3511 -0.9363
vn 0.2450 -0.0828 -0.9660
vn 0.4077 -0.4529 -0.7929
vn 0.4233 -0.0814 -0.9023
vn 0.5898 -0.1801 -0.7872
vn 0.5863 -0.3021 -0.7516
vn 0.4871 -0.6488 -0.5847
vn 0.3507 -0.4348 -0.8294
vn 0.6860 -0.1583 -0.7102
vn 0.4450 -0.0514 -0.8940
vn 0.8816 0.0919 -0.4629
vn 0.4633 0.0959 -0.8810
vn 0.3340 -0.6245 -0.7060
vn 0.9502 0.0283 -0.3102
vn 0.9771 0.0868 0.1944
vn 0.5564 0.2374 -0.7962
vn 0.4647 -0.4752 -0.7471
vn 0.9712 0.2157 0.1009
vn 0.7407 0.1466 0.6557
vn 0.6725 0.3140 0.6702
vn 0.9299 0.3677 -0.0024
vn 0.7931 0.2891 -0.5361
vn 0.8597 -0.3972 -0.3212
vn 0.8548 0.2354 -0.4625
vn 0.9492 -0.1845 -0.2548
vn 0.8297 0.5001 -0.2479
vn 0.7505 0.5446 -0.3743
vn 0.7660 0.2801 -0.5786
vn 0.6017 0.6084 -0.5175
vn 0.6405 0.7073 0.2991
vn 0.6968 0.5387 0.4735
vn 0.3383 0.5394 0.7711
vn 0.4022 0.9070 0.1250
vn 0.7082 0.3970 -0.5839
vn 0.7444 0.1881 -0.6407
vn 0.5771 0.7987 0.1704
vn 0.7781 0.2497 -0.5764
vn 0.9457 0.3227 -0.0392
vn 0.9526 0.2877 0.0994
vn 0.8862 0.4295 0.1737
vn 0.0018 0.5457 0.8380
vn -0.1056 0.7135 0.6926
vn 0.8088 0.2237 0.5438
vn 0.7479 0.4049 0.5261
vn 0.6207 0.2934 0.7271
vn 0.6067 0.4611 0.6475
vn 0.1051 0.5714 0.8139
vn -0.1614 0.3229 0.9326
vn -0.0849 0.3189 0.9440
vn -0.4517 0.3293 0.8292
vn 0.0431 -0.4357 0.8991
vn 0.0286 -0.1981 0.9798
vn -0.4563 -0.4294 0.7794
vn -0.3843 -0.6327 0.6723
vn -0.3752 0.3116 0.8730
vn 0.0876 -0.2983 0.9505
vn 0.1267 0.2837 0.9505
vn 0.7784 0.1619 0.6065
vn 0.7082 -0.3279 0.6252
vn 0.8386 0.1659 0.5188
vn 0.9544 0.1896 0.2306
vn 0.9763 0.2085 -0.0585
vn 0.8549 -0.5079 0.1060
vn 0.9509 0.2381 -0.1978
vn 0.8153 -0.4732 -0.3338
vn 0.9072 0.4184 0.0439
vn 0.9433 0.3060 -0.1287
vn 0.8737 -0.4405 -0.2065
vn 0.8379 0.5421 0.0635
vn 0.9101 0.3758 0.1745
vn 0.8629 -0.3810 0.3320
vn 0.8070 0.4756 0.3501
vn 0.9168 0.3596 0.1740
vn 0.8966 -0.1993 0.3955
vn 0.7677 0.4528 0.4535
vn 0.2829 0.8847 0.3704
vn 0.1919 0.6138 0.7658
vn 0.1785 0.4574 0.8712
vn -0.3262 0.4519 0.8303
vn 0.2608 0.7897 0.5553
vn -0.5872 0.6685 0.4564
vn -0.5179 0.4871 0.7032
vn 0.2715 0.6810 0.6801
vn -0.7372 0.3544 0.5752
vn -0.6905 0.3928 0.6073
vn -0.6398 -0.3633 0.6773
vn -0.6236 -0.1173 0.7729
vn -0.8326 -0.4994 0.2396
vn -0.8893 0.2970 0.3477
vn -0.8688 -0.4715 0.1509
vn -0.9133 0.2643 0.3098
vn -0.7296 -0.5712 0.3761
vn -0.6680 0.5237 0.5287
vn -0.6210 0.3165 0.7171
vn -0.9090 0.1135 0.4010
vn -0.6024 0.0331 0.7975
vn -0.4077 0.0576 0.9113
vn 0.6112 -0.4459 0.6539
vn -0.5997 0.1519 0.7856
vn -0.1852 0.2268 0.9562
vn 0.4992 0.1758 0.8485
vn 0.6928 0.3095 0.6514
vn 0.6514 -0.5340 0.5391
vn 0.3265 0.4314 0.8410
vn 0.6989 0.3009 0.6488
vn 0.5265 -0.6891 0.4980
vn 0.6584 -0.4735 0.5851
vn 0.4022 0.6259 0.6682
vn 0.4267 0.3260 0.8436
vn 0.3037 -0.3582 0.8829
vn 0.4385 0.3248 0.8380
vn 0.2893 -0.3396 0.8950
vn 0.1103 0.4242 0.8988
vn 0.2355 0.5148 0.8243
vn -0.4281 0.5954 0.6799
vn -0.4063 0.4924 0.7697
vn -0.8356 0.2299 0.4990
vn -0.2452 0.8654 0.4369
vn -0.3143 0.7732 0.5508
vn -0.6120 0.3056 0.7295
vn -0.8576 0.5096 -0.0693
vn -0.9710 0.2211 -0.0910
vn -0.7840 0.5965 -0.1718
vn -0.8863 0.4154 0.2047
vn -0.8709 0.2133 -0.4427
vn -0.9873 0.1431 -0.0683
vn -0.9691 0.1696 0.1790
vn -0.9166 -0.3857 0.1051
vn -0.9674 -0.1317 0.2163
vn -0.7842 -0.5065 -0.3585
vn -0.6801 -0.6279 -0.3784
vn -0.6692 -0.5392 -0.5114
vn -0.8664 0.2287 -0.4439
vn -0.8872 -0.0062 -0.4614
vn -0.5602 -0.6504 -0.5129
vn -0.7341 -0.1470 -0.6629
vn -0.7351 -0.2734 -0.6204
vn -0.9022 -0.2365 -0.3607
vn -0.5686 -0.3615 -0.7389
vn -0.7364 -0.4020 -0.5441
vn -0.6145 -0.1464 -0.7752
vn -0.8343 -0.0583 -0.5482
vn -0.7990 -0.0533 -0.5990
vn -0.9270 0.0163 -0.3747
vn -0.9651 0.0954 -0.2439
vn -0.8799 0.0679 -0.4704
vn -0.9483 0.1540 -0.2776
vn -0.9687 0.2114 -0.1300
vn -0.9612 0.2439 -0.1290
vn -0.9303 0.2085 0.3018
vn -0.9192 0.3922 0.0340
vn -0.6370 0.2192 0.7390
vn -0.6501 0.4966 0.5751
vn -0.6876 0.4872 0.5383
vn -0.2195 0.3789 0.8990
vn -0.1542 0.5366 0.8296
vn -0.2332 0.4914 0.8391
vn -0.7424 0.3301 0.5829
vn -0.9939 0.1035 0.0386
vn -0.9253 -0.1022 -0.3651
vn -0.7413 -0.1711 0.6490
vn -0.3699 -0.9084 -0.1952
vn -0.7144 0.1643 0.6801
vn -0.5607 0.4075 0.7208
vn -0.2931 0.3732 0.8803
vn -0.3510 0.2108 0.9124
vn -0.5720 0.4495 0.6861
vn 0.8085 -0.4944 0.3193
vn 0.3588 -0.2261 0.9056
vn 0.6716 -0.5601 0.4851
vn 0.1021 -0.5286 0.8427
vn 0.2735 -0.3275 0.9044
vn -0.5276 0.3244 0.7851
vn -0.5863 -0.1219 0.8009
vn -0.3803 -0.4748 0.7937
vn -0.6506 0.3000 0.6977
vn -0.8040 0.0591 0.5917
vn -0.7890 -0.0245 0.6139
vn -0.4962 0.2619 0.8278
vn -0.5538 0.3608 0.7504
vn -0.4898 0.2558 0.8335
vn -0.5218 0.4204 0.7422
vn 0.1931 0.3178 0.9283
vn 0.2943 0.5222 0.8004
vn 0.3251 0.6087 0.7238
vn 0.7972 0.1809 0.5761
vn 0.8656 0.3274 0.3790
vn 0.7590 0.1312 0.6377
vn 0.7821 0.3006 0.5458
vn 0.7638 0.4086 0.4997
vn 0.8701 0.3846 0.3082
vn 0.8502 0.3816 0.3627
vn 0.9296 0.3181 0.1861
vn 0.4009 0.5506 0.7322
vn 0.3362 0.5603 0.7570
vn -0.3326 0.5170 0.7888
vn -0.3253 0.3844 0.8640
vn 0.0291 -0.9987 0.0416
vn -0.0285 -0.9801 -0.1967
vn -0.0240 -0.9997 0.0015
vn 0.1183 -0.8336 0.5395
vn 0.0501 -0.8293 0.5566
vn 0.5485 -0.8284 0.1135
vn 0.5197 -0.8076 0.2787
vn -0.0010 -0.9997 -0.0242
vn 0.0179 -0.9992 -0.0366
vn 0.1735 -0.9847 -0.0161
vn 0.1549 -0.9446 0.2894
vn 0.0373 -0.9982 -0.0471
vn -0.0255 -0.9871 0.1582
vn 0.0246 -0.9108 -0.4122
vn -0.0748 -0.9411 0.3298
vn -0.0554 -0.9953 -0.0797
vn -0.0159 -0.9450 -0.3266
vn 0.0035 -0.9994 0.0348
vn -0.0666 -0.9450 -0.3202
vn -0.0189 -0.9998 0.0061
vn 0.0956 -0.9947 -0.0379
vn 0.0528 -0.9962 0.0697
vn -0.0315 -0.9975 0.0639
vn -0.2300 -0.8677 0.4407
vn -0.2962 -0.8368 0.4604
vn -0.3990 -0.7647 0.5060
vn 0.6266 -0.5631 -0.5389
vn -0.3827 -0.7990 0.4638
vn 0.5388 -0.7258 -0.4277
vn 0.5290 -0.5953 0.6049
vn 0.7860 0.4557 -0.4178
vn 0.8886 0.3781 -0.2596
vn 0.3725 0.8798 0.2955
vn 0.9849 0.1705 0.0301
vn 0.4148 0.7871 0.4565
vn -0.1844 0.5396 0.8215
vn -0.2988 0.4547 0.8390
vn -0.2055 0.2472 0.9469
vn 0.5567 0.4417 0.7035
vn -0.7476 -0.5645 0.3500
vn 0.7993 -0.6006 -0.0175
vn -0.6128 -0.6912 0.3832
vn 0.8798 0.4716 0.0598
vn 0.7362 -0.6724 0.0767
vn 0.1517 -0.6990 0.6988
vn 0.8353 0.3142 0.4511
vn 0.1680 0.9278 0.3330
vn 0.2431 0.8359 0.4921
vn -0.6883 0.5462 0.4774
vn 0.9325 0.3343 0.1366
vn 0.1516 0.4536 0.8782
vn -0.5711 0.3482 0.7433
vn -0.6448 0.4893 0.5872
vn -0.7116 -0.6908 -0.1285
vn 0.6405 -0.5752 0.5089
vn 0.6268 0.3768 0.6821
vn -0.7345 -0.6786 -0.0014
vn 0.4396 -0.7447 0.5023
vn -0.3753 -0.4052 0.8336
vn 0.4674 0.3275 0.8212
vn -0.0406 0.9090 0.4148
vn -0.9086 0.4173 -0.0202
vn -0.2397 0.7804 0.5775
vn -0.9300 0.2881 0.2284
vn -0.3955 0.4568 0.7968
vn -0.1591 -0.9857 -0.0560
vn 0.7382 -0.6168 0.2732
vn 0.8407 -0.4889 0.2327
vn 0.4928 -0.8673 -0.0708
vn 0.9492 -0.3100 0.0551
vn 0.9903 -0.1382 0.0130
vn 0.9759 0.1597 -0.1485
vn 0.9769 0.2120 0.0263
vn 0.9894 -0.0003 0.1450
vn 0.9673 -0.1856 0.1728
vn 0.9398 -0.3230 0.1116
vn 0.7746 0.4190 0.4738
vn 0.7447 0.5464 0.3832
vn 0.9013 0.3707 -0.2244
vn 0.9070 0.3649 -0.2103
vn 0.8193 0.4651 -0.3354
vn 0.8044 0.5097 -0.3051
vn 0.7255 0.6700 0.1574
vn 0.3667 0.7603 -0.5361
vn 0.6763 0.7292 -0.1042
vn 0.2113 0.9548 -0.2093
vn 0.5964 0.7313 -0.3309
vn 0.1892 0.9793 0.0724
vn 0.1902 0.9367 0.2941
vn 0.1923 0.8539 0.4836
vn 0.2159 0.7908 0.5727
vn 0.8214 0.3520 0.4488
vn 0.2776 0.7841 0.5550
vn 0.8802 -0.4668 0.0854
vn 0.8701 0.2307 0.4356
vn 0.3675 0.7546 0.5436
vn 0.8216 -0.5388 0.1860
vn 0.5039 0.6867 0.5240
vn 0.8760 0.1113 0.4693
vn 0.3918 -0.9167 -0.0788
vn 0.6237 0.5049 0.5966
vn 0.6990 -0.6419 0.3151
vn 0.3120 -0.9453 0.0952
vn 0.8503 -0.1179 0.5130
vn 0.4212 -0.8020 0.4234
vn 0.5618 -0.4070 0.7202
vn 0.4709 0.2503 0.8460
vn 0.4847 0.7140 0.5052
vn 0.2443 0.6777 0.6935
vn 0.2884 0.2728 0.9178
vn 0.4837 0.6844 0.5455
vn 0.0869 0.6575 0.7484
vn 0.5394 0.7928 0.2839
vn 0.7975 0.5945 0.1022
vn 0.2821 0.9156 0.2865
vn 0.8966 0.3103 0.3159
vn 0.7918 0.2407 0.5614
vn 0.2087 0.8468 0.4893
vn 0.5590 0.6502 0.5145
vn 0.6051 0.7019 0.3758
vn 0.3911 0.6629 0.6385
vn 0.3413 0.4637 0.8176
vn 0.1949 0.3630 0.9112
vn -0.3963 -0.3643 -0.8427
vn -0.6368 -0.2094 -0.7420
vn 0.9373 -0.2428 -0.2503
vn 0.8728 -0.3481 -0.3420
vn -0.1323 -0.7271 -0.6736
vn 0.3924 -0.1136 0.9127
vn 0.0292 -0.0800 0.9964
vn -0.8889 -0.0376 0.4565
vn 0.3610 -0.6568 0.6621
vn -0.3375 -0.9227 0.1863
vn -0.8511 -0.1401 0.5060
vn -0.1878 -0.3027 -0.9344
vn -0.3731 -0.1547 -0.9148
vn 0.9777 -0.1307 -0.1641
vn 0.9263 -0.3502 -0.1389
vn -0.4156 -0.5034 -0.7575
vn 0.0960 -0.9924 -0.0768
vn 0.2366 0.1164 0.9646
vn 0.2090 0.2307 0.9503
vn -0.9664 0.0927 0.2396
vn 0.2947 -0.1588 0.9423
vn -0.9278 -0.0211 0.3726
vn -0.3313 -0.6787 0.6554
vn -0.3954 -0.2586 -0.8814
vn -0.4294 -0.2297 -0.8734
vn 0.9400 0.0215 -0.3405
vn 0.8892 -0.0647 -0.4529
vn -0.3745 -0.4421 -0.8150
vn 0.5218 -0.8299 -0.1975
vn 0.4466 0.0704 0.8920
vn 0.4632 0.1973 0.8640
vn -0.8359 -0.0000 0.5488
vn 0.6700 -0.1974 0.7157
vn -0.8626 -0.1574 0.4807
vn -0.7142 -0.3989 0.5752
vn -0.3306 -0.8744 0.3551
vn -0.4557 -0.1813 -0.8715
vn -0.6444 -0.0865 -0.7598
vn 0.8925 -0.2053 -0.4015
vn 0.8998 -0.2470 -0.3597
vn -0.3383 -0.2465 -0.9082
vn 0.2218 -0.9450 -0.2402
vn 0.3811 -0.4168 0.8252
vn 0.3407 -0.2223 0.9135
vn 0.2533 -0.1713 0.9521
vn -0.8740 -0.1214 0.4706
vn -0.8628 -0.2434 0.4431
vn -0.6958 -0.6567 0.2908
vn -0.2302 -0.2328 -0.9449
vn -0.4073 0.1393 -0.9026
vn 0.9341 -0.0482 -0.3538
vn 0.9149 -0.0754 -0.3965
vn 0.4048 -0.3421 0.8480
vn 0.4139 -0.2082 0.8862
vn 0.7274 -0.5590 -0.3980
vn -0.0187 -0.9875 0.1565
vn -0.9263 -0.1684 0.3369
vn -0.8637 0.0318 0.5029
vn -0.8410 -0.5295 0.1113
vn -0.3544 0.1841 -0.9168
vn -0.5208 0.3088 -0.7959
vn 0.9604 -0.1460 -0.2373
vn 0.9233 -0.2375 -0.3018
vn -0.0447 -0.5766 -0.8158
vn 0.4682 -0.8830 -0.0329
vn 0.1095 -0.7515 0.6505
vn 0.1140 -0.5884 0.8005
vn 0.0261 -0.4190 0.9076
vn -0.9511 -0.1535 0.2680
vn -0.9406 -0.2920 0.1733
vn -0.8759 -0.4295 -0.2199
vn -0.9556 -0.1985 -0.2175
vn -0.9336 -0.1584 -0.3214
vn 0.4264 -0.3866 -0.8177
vn 0.3531 -0.4097 -0.8411
vn -0.8851 -0.4414 -0.1476
vn 0.1285 -0.9835 -0.1273
vn 0.9306 -0.0204 0.3654
vn 0.9519 0.0581 0.3010
vn -0.2155 0.2315 0.9487
vn 0.9211 -0.1843 0.3431
vn -0.2909 0.0652 0.9545
vn -0.0325 -0.5758 0.8170
vn -0.9992 -0.0338 -0.0191
vn -0.9876 -0.0475 -0.1498
vn 0.3777 -0.3298 -0.8652
vn 0.2887 -0.3591 -0.8875
vn -0.9117 -0.3995 -0.0960
vn 0.1448 -0.9446 -0.2945
vn 0.9205 -0.1535 0.3594
vn 0.8427 -0.0508 0.5360
vn -0.2219 0.0195 0.9749
vn 0.8005 -0.3744 0.4680
vn -0.2035 -0.1026 0.9737
vn -0.1638 -0.7340 0.6590
vn -0.3706 0.3934 -0.8413
vn -0.8547 -0.4012 0.3294
vn -0.5337 0.2860 -0.7958
vn -0.8810 -0.2543 0.3989
vn -0.3144 0.9189 -0.2383
vn 0.2176 -0.0496 0.9748
vn -0.2911 0.6772 0.6758
vn 0.3621 0.1363 0.9221
vn 0.7632 0.6448 -0.0426
vn 0.1282 0.2257 0.9657
vn 0.7242 0.6625 -0.1916
vn 0.4741 0.8383 -0.2692
vn -0.8480 0.3185 -0.4236
vn -0.8678 0.4799 -0.1288
vn 0.3355 0.9329 -0.1312
vn -0.2565 0.7445 0.6164
vn 0.5749 0.1962 0.7944
vn 0.6912 -0.1658 0.7034
vn -0.5594 -0.1443 0.8162
vn -0.5136 -0.5070 0.6922
vn -0.5118 -0.6643 0.5448
vn -0.9741 0.2211 -0.0480
vn 0.1343 0.9184 -0.3721
vn -0.9848 0.1546 -0.0790
vn 0.3667 0.9263 -0.0866
vn -0.8445 0.5350 -0.0258
vn -0.2489 0.6223 0.7422
vn 0.8110 -0.2100 0.5460
vn 0.9265 0.1152 0.3583
vn -0.3279 -0.6980 0.6366
vn 0.6264 0.1028 0.7727
vn -0.4040 -0.4265 0.8092
vn -0.5383 0.6280 -0.5620
vn -0.9108 -0.4099 0.0498
vn -0.4994 0.8658 0.0301
vn -0.9533 -0.2943 0.0673
vn -0.2492 0.4453 0.8600
vn 0.0025 -0.7301 0.6833
vn 0.0844 -0.2996 0.9503
vn 0.2736 -0.4931 0.8258
vn 0.8549 0.4807 0.1953
vn 0.7384 0.6221 0.2601
vn 0.7369 -0.3211 -0.5949
vn 0.4606 -0.4166 -0.7838
vn -0.9143 -0.0481 -0.4021
vn -0.8898 -0.0954 -0.4462
vn -0.0257 -0.9987 0.0448
vn -0.4288 -0.0457 0.9022
vn -0.2598 0.0472 0.9645
vn 0.8078 -0.1749 0.5628
vn -0.3576 -0.7184 0.5967
vn -0.4446 -0.8834 -0.1481
vn 0.7103 -0.4268 0.5598
vn 0.3848 -0.1414 -0.9121
vn 0.4115 -0.0423 -0.9104
vn -0.9454 -0.1418 -0.2935
vn -0.9314 -0.1430 -0.3346
vn 0.5295 -0.0841 -0.8442
vn -0.3720 -0.8191 -0.4367
vn -0.4287 -0.2191 0.8765
vn -0.2182 -0.1680 0.9613
vn 0.9053 -0.1786 0.3854
vn -0.3417 -0.5006 0.7954
vn 0.8227 -0.2530 0.5090
vn 0.7705 -0.4764 0.4236
vn 0.5413 -0.8400 0.0362
vn 0.5693 -0.1524 -0.8079
vn 0.3715 -0.2564 -0.8923
vn -0.9253 -0.2385 -0.2947
vn -0.9282 -0.2765 -0.2489
vn 0.2516 -0.3244 -0.9118
vn -0.2366 -0.9621 -0.1355
vn -0.2972 -0.3436 0.8909
vn -0.2499 -0.1422 0.9578
vn -0.1596 -0.0881 0.9832
vn 0.9159 -0.0809 0.3931
vn 0.9031 -0.2048 0.3775
vn 0.7254 -0.6297 0.2781
vn 0.8260 -0.2252 -0.5167
vn 0.3572 -0.6202 -0.6984
vn -0.7957 -0.2691 -0.5427
vn -0.8909 -0.3386 -0.3028
vn -0.4120 -0.0991 0.9058
vn -0.5230 0.1060 0.8457
vn -0.6790 -0.6773 -0.2831
vn -0.4138 -0.7674 0.4897
vn 0.7789 -0.1012 0.6190
vn 0.7446 0.1440 0.6517
vn 0.5132 -0.8301 0.2183
vn 0.6296 0.3110 -0.7119
vn 0.3896 0.2342 -0.8907
vn -0.9709 -0.1863 -0.1506
vn -0.9502 -0.1345 -0.2810
vn 0.0763 -0.0822 -0.9937
vn -0.1547 -0.9313 -0.3296
vn -0.1090 -0.6887 0.7168
vn -0.0938 -0.4929 0.8650
vn -0.1786 -0.3545 0.9178
vn 0.8426 -0.0867 0.5314
vn 0.9538 -0.1959 0.2277
vn 0.9340 -0.3517 -0.0633
vn 0.9897 -0.0529 -0.1328
vn 0.9642 -0.1873 -0.1879
vn -0.2752 -0.3559 -0.8931
vn -0.3260 -0.3963 -0.8583
vn 0.9082 -0.3883 -0.1563
vn -0.0965 -0.9872 -0.1273
vn -0.8906 -0.0660 0.4499
vn -0.8147 0.0306 0.5790
vn 0.3495 0.1799 0.9195
vn -0.9120 -0.2149 0.3494
vn 0.3251 0.0431 0.9447
vn 0.0522 -0.5688 0.8208
vn 0.9938 -0.0874 0.0691
vn 0.9788 -0.1949 0.0626
vn -0.3156 -0.4311 -0.8453
vn -0.2145 -0.4556 -0.8640
vn 0.8562 -0.5146 0.0462
vn -0.2376 -0.9457 -0.2218
vn -0.9684 0.0423 0.2458
vn -0.9083 0.1551 0.3886
vn 0.0821 0.1773 0.9807
vn -0.9210 -0.1809 0.3449
vn 0.0939 0.0574 0.9939
vn 0.0512 -0.6927 0.7194
vn 0.3137 0.3748 -0.8724
vn 0.5801 0.2345 -0.7800
vn 0.8423 -0.5344 0.0704
vn 0.8590 -0.3614 0.3625
vn 0.4657 0.8807 -0.0860
vn -0.2357 -0.0737 0.9690
vn 0.2892 0.5661 0.7719
vn -0.2588 0.0543 0.9644
vn -0.5905 0.7960 -0.1329
vn -0.0821 0.1958 0.9772
vn -0.5964 0.7913 -0.1350
vn 0.8044 0.4697 -0.3638
vn 0.8688 0.0979 -0.4854
vn -0.5369 0.6391 -0.5506
vn -0.3407 0.7735 -0.5344
vn 0.1475 0.9412 0.3038
vn -0.5714 0.4430 0.6908
vn -0.6208 0.0428 0.7828
vn 0.5904 0.2007 0.7818
vn 0.5928 -0.1893 0.7828
vn 0.6356 -0.3809 0.6715
vn -0.4499 0.6028 -0.6590
vn 0.8643 0.4761 -0.1620
vn 0.9798 0.1392 0.1434
vn -0.5089 0.8306 -0.2262
vn 0.8020 0.5689 0.1819
vn 0.2628 0.6816 0.6830
vn -0.8279 -0.2015 0.5234
vn -0.7901 -0.2962 0.5366
vn 0.2755 -0.4194 0.8650
vn -0.4915 0.2730 0.8270
vn 0.3098 -0.3081 0.8995
vn 0.5392 0.6109 -0.5798
vn 0.5457 0.7926 0.2720
vn 0.9018 -0.4232 0.0874
vn 0.9757 -0.2190 0.0118
vn 0.0256 0.2669 0.9634
vn -0.0656 -0.6955 0.7155
vn -0.1318 -0.2959 0.9461
vn -0.2398 -0.5052 0.8290
vn -0.8635 0.4714 0.1794
vn -0.6338 0.7687 -0.0855
vn 0.8510 0.2838 -0.4419
vn 0.9404 -0.0410 -0.3377
vn -0.4655 0.5828 -0.6661
vn -0.1395 0.8314 -0.5379
vn 0.1675 0.9363 0.3087
vn -0.5903 0.4565 0.6657
vn -0.5925 0.2025 0.7797
vn 0.6601 0.2983 0.6895
vn 0.6014 -0.1308 0.7881
vn 0.4717 -0.3577 0.8059
vn 0.5166 0.0008 -0.8562
vn 0.4835 0.0896 -0.8708
vn 0.8118 -0.3637 0.4568
vn 0.8197 -0.5255 0.2277
vn -0.2866 -0.7717 -0.5677
vn -0.3272 -0.6597 0.6766
vn -0.2759 -0.4295 0.8599
vn -0.9677 -0.0516 -0.2468
vn -0.1715 -0.2658 0.9487
vn 0.9606 -0.0385 0.2754
vn 0.9034 -0.0288 0.4279
vn -0.2567 0.0867 0.9626
vn 0.7726 0.4025 0.4910
vn -0.9322 0.3355 -0.1360
vn 0.0979 0.9634 0.2498
vn -0.9428 0.0870 0.3219
vn -0.6712 0.7219 -0.1684
vn 0.2957 0.5911 -0.7505
vn 0.3561 0.5100 -0.7830
vn -0.9499 0.1993 -0.2408
vn -0.8955 0.2863 -0.3409
vn -0.2412 -0.5614 -0.7917
vn -0.8523 0.3397 -0.3977
vn -0.2211 -0.5662 -0.7940
vn 0.0146 -0.4640 -0.8857
vn -0.8085 0.3513 -0.4722
vn -0.7333 0.4644 -0.4966
vn 0.3025 -0.0824 -0.9496
vn 0.2815 0.0046 -0.9595
vn -0.6966 0.5181 -0.4963
vn -0.2199 -0.2606 -0.9401
vn -0.8429 0.1240 -0.5235
vn 0.4932 -0.8541 -0.1653
vn 0.5193 -0.8516 -0.0715
vn 0.4781 -0.8558 0.1975
vn 0.2135 -0.9726 0.0918
vn 0.1849 -0.9711 -0.1510
vn 0.0417 -0.9509 -0.3068
vn 0.3755 -0.8733 0.3103
vn -0.0749 -0.9381 -0.3382
vn 0.9499 0.1993 -0.2408
vn 0.8955 0.2863 -0.3409
vn 0.2412 -0.5614 -0.7917
vn 0.8523 0.3397 -0.3977
vn 0.2211 -0.5662 -0.7940
vn -0.0146 -0.4640 -0.8857
vn 0.8084 0.3513 -0.4722
vn 0.7333 0.4644 -0.4966
vn -0.3025 -0.0824 -0.9496
vn -0.2815 0.0046 -0.9595
vn 0.6966 0.5181 -0.4963
vn 0.2199 -0.2606 -0.9401
vn 0.8429 0.1240 -0.5235
vn -0.1635 0.0107 0.9865
vn -0.6378 0.7633 -0.1033
vn -0.9322 0.3342 -0.1388
vn -0.9639 0.2657 -0.0152
vn -0.1378 -0.2939 0.9459
vn 0.1101 0.9099 0.3999
vn 0.9730 0.0570 0.2238
vn 0.9912 0.1277 -0.0354
vn 0.0521 0.6571 -0.7520
vn 0.8571 0.5078 0.0873
vn 0.1690 0.5888 -0.7904
vn 0.5909 0.6674 -0.4532
vn 0.6843 0.1200 -0.7192
vn -0.2889 0.9246 -0.2485
vn -0.6836 0.6776 -0.2712
vn 0.4400 0.8979 -0.0102
vn 0.0672 0.7365 0.6731
vn -0.2538 0.0408 0.9664
vn 0.7384 -0.4262 0.5226
vn 0.8643 0.1887 0.4663
vn 0.8982 -0.4016 0.1791
vn 0.5352 0.5736 -0.6202
vn 0.5709 0.7871 -0.2333
vn 0.3453 0.7265 -0.5941
vn 0.8535 -0.5177 -0.0596
vn 0.3693 0.6869 0.6259
vn -0.1801 -0.6098 0.7718
vn -0.2161 -0.7112 0.6690
vn -0.8386 0.4263 0.3391
vn -0.0954 -0.0925 0.9911
vn -0.7003 0.6576 0.2777
vn 0.5412 0.7861 -0.2985
vn 0.6888 0.5716 -0.4458
vn -0.2993 0.9411 0.1574
vn -0.7246 0.6890 0.0131
vn 0.5398 0.2954 0.7883
vn -0.3358 0.0574 0.9402
vn 0.0039 -0.5525 0.8335
vn 0.8764 -0.4160 0.2425
vn 0.8662 -0.3397 0.3664
vn 0.5560 0.7921 -0.2517
vn 0.6726 0.6093 -0.4200
vn -0.5798 0.7361 0.3492
vn -0.5268 0.7170 0.4565
vn 0.3260 0.6573 0.6794
vn -0.1007 -0.2418 0.9651
vn -0.1568 -0.5049 0.8488
vn 0.6599 -0.7049 0.2601
vn 0.8144 -0.5241 0.2491
vn 0.4463 0.4860 -0.7514
vn 0.9234 0.1699 0.3441
vn 0.6182 0.2777 -0.7353
vn 0.2610 0.9508 0.1667
vn 0.9149 -0.2161 0.3409
vn 0.5852 0.3649 -0.7242
vn 0.8585 -0.3591 0.3660
vn -0.1076 0.2585 0.9600
vn -0.1738 -0.1103 0.9786
vn -0.2042 -0.2489 0.9467
vn -0.8011 0.5797 -0.1489
vn -0.7335 0.6688 -0.1210
vn -0.8478 0.5030 -0.1681
vn -0.6397 0.6278 -0.4435
vn -0.8250 -0.4580 0.3311
vn -0.6497 0.7555 -0.0845
vn -0.6921 0.5345 -0.4850
vn -0.8358 -0.5421 0.0863
vn -0.3290 0.6264 0.7066
vn 0.3197 -0.5573 0.7663
vn 0.2459 -0.6068 0.7559
vn 0.6432 0.7592 0.0996
vn 0.2359 -0.1298 0.9631
vn 0.6852 0.6974 0.2100
vn -0.5243 0.6334 -0.5691
vn -0.5753 0.7408 -0.3468
vn 0.2689 0.9498 0.1602
vn 0.8238 0.5232 0.2185
vn -0.4615 0.4410 0.7697
vn 0.1473 -0.1130 0.9826
vn 0.1527 -0.4857 0.8607
vn -0.8853 -0.4244 0.1903
vn -0.9296 -0.2630 0.2581
vn -0.6295 0.4699 -0.6188
vn -0.4959 0.8616 -0.1086
vn 0.6485 0.7284 0.2209
vn 0.7163 0.6705 0.1931
vn -0.4016 0.4961 0.7698
vn 0.2027 -0.2796 0.9385
vn 0.1387 -0.5414 0.8293
vn -0.7633 -0.6306 0.1402
vn -0.8282 -0.4957 0.2615
vn -0.3366 0.5733 -0.7470
vn -0.5818 0.7146 -0.3884
vn 0.6055 0.7606 0.2343
vn 0.6235 0.7501 0.2204
vn -0.3433 0.7280 0.5934
vn -0.0348 -0.1540 0.9875
vn 0.1254 -0.2282 0.9655
vn -0.8834 -0.4683 0.0163
vn -0.9359 -0.3288 0.1261
vn -0.9419 0.1838 0.2812
vn -0.2574 0.6130 -0.7469
vn -0.6038 0.3245 -0.7281
vn -0.2891 0.9283 0.2337
vn -0.9232 -0.2249 0.3116
vn -0.5682 0.4177 -0.7090
vn -0.8690 -0.3700 0.3285
vn 0.0944 0.1959 0.9761
vn 0.1557 -0.1742 0.9723
vn 0.1850 -0.3109 0.9323
vn 0.8106 0.5772 -0.0988
vn 0.7612 0.6485 0.0083
vn 0.8620 0.4920 -0.1220
vn -0.4368 0.0139 -0.8994
vn -0.5425 0.1554 -0.8256
vn 0.9403 0.0205 -0.3398
vn 0.7244 -0.5164 -0.4568
vn -0.8762 -0.2539 0.4096
vn -0.8868 -0.1308 0.4433
vn -0.2215 -0.3157 -0.9226
vn -0.1367 -0.9888 0.0598
vn -0.8403 -0.4935 -0.2244
vn 0.3680 -0.4182 0.8305
vn 0.1184 -0.2796 0.9528
vn 0.2697 0.5652 -0.7796
vn -0.5383 0.8268 -0.1633
vn -0.2236 0.9640 -0.1441
vn 0.6591 -0.3061 -0.6869
vn 0.4192 -0.9076 0.0225
vn 0.7321 -0.1081 -0.6726
vn -0.1942 -0.5888 0.7846
vn -0.7931 0.1871 0.5796
vn -0.4606 -0.7381 0.4930
vn -0.9187 0.1473 0.3663
vn 0.1444 -0.9356 -0.3223
vn 0.8470 0.1984 -0.4932
vn -0.3341 0.8980 0.2864
vn -0.0451 0.6257 -0.7788
vn 0.1378 -0.7277 -0.6719
vn -0.6660 -0.7357 0.1230
vn -0.9946 0.0726 0.0747
vn -0.6896 -0.6158 -0.3810
vn -0.7138 0.1551 0.6829
vn -0.9682 -0.1131 -0.2230
vn -0.7854 0.2849 0.5495
vn -0.9296 0.0768 -0.3606
vn 0.3718 0.2574 0.8919
vn 0.1526 0.1018 0.9830
vn 0.8468 -0.2641 0.4618
vn -0.3923 0.1066 0.9136
vn -0.9138 0.1442 -0.3796
vn -0.5798 -0.7944 0.1809
vn 0.9661 0.0343 0.2561
vn 0.7718 -0.3398 -0.5374
vn 0.6982 -0.5134 0.4990
vn 0.2062 -0.6899 -0.6939
vn -0.2765 -0.4306 -0.8591
vn 0.7302 -0.5029 -0.4626
vn -0.2678 -0.3179 -0.9095
vn 0.5383 0.8268 -0.1633
vn -0.2697 0.5652 -0.7796
vn 0.2236 0.9640 -0.1441
vn -0.7321 -0.1081 -0.6726
vn -0.6591 -0.3061 -0.6869
vn -0.4192 -0.9076 0.0225
vn -0.8470 0.1984 -0.4932
vn 0.3341 0.8980 0.2864
vn 0.0455 0.6254 -0.7790
vn -0.1378 -0.7277 -0.6719
vn 0.1942 -0.5888 0.7846
vn -0.1444 -0.9356 -0.3223
vn 0.7931 0.1871 0.5796
vn 0.4606 -0.7381 0.4930
vn 0.6660 -0.7357 0.1230
vn 0.9187 0.1473 0.3663
vn 0.9946 0.0726 0.0747
vn 0.6896 -0.6158 -0.3810
vn 0.7138 0.1551 0.6829
vn 0.9682 -0.1131 -0.2230
vn -0.3718 0.2574 0.8919
vn 0.7854 0.2849 0.5495
vn 0.9296 0.0768 -0.3606
vn -0.1526 0.1018 0.9830
vn -0.8468 -0.2641 0.4618
vn -0.9661 0.0343 0.2561
vn 0.3923 0.1066 0.9136
vn 0.9138 0.1442 -0.3796
vn 0.5798 -0.7944 0.1809
vn -0.7718 -0.3398 -0.5374
vn -0.6982 -0.5134 0.4990
vn -0.2062 -0.6899 -0.6939
vn 0.2765 -0.4307 -0.8591
vn -0.7302 -0.5029 -0.4626
vn 0.2678 -0.3179 -0.9095
vn -0.5767 -0.1519 0.8027
vn -0.5950 -0.5005 0.6289
vn -0.4669 -0.5406 0.6998
vn -0.5268 -0.7714 0.3570
vn -0.4468 -0.1952 0.8731
vn -0.4739 0.2207 0.8525
vn -0.4004 -0.8095 0.4293
vn -0.3807 -0.9242 0.0290
vn -0.3429 0.1743 0.9230
vn -0.3011 0.5609 0.7712
vn -0.2565 -0.9611 0.1027
vn -0.1798 -0.9351 -0.3054
vn -0.1706 0.5111 0.8424
vn -0.0865 0.8168 0.5704
vn 0.0426 0.7643 0.6434
vn 0.1387 0.9497 0.2808
vn 0.2655 0.8959 0.3560
vn 0.3396 0.9391 -0.0534
vn 0.4635 0.8857 0.0244
vn 0.4856 0.7867 -0.3812
vn 0.6070 0.7354 -0.3013
vn 0.5547 0.5154 -0.6532
vn 0.1066 0.3718 0.9222
vn 0.2997 0.6022 0.7399
vn 0.5008 0.7219 0.4775
vn 0.6790 0.7130 0.1750
vn 0.8076 0.5769 -0.1222
vn -0.0495 0.0651 0.9967
vn -0.1449 -0.2719 0.9514
vn -0.1644 -0.5865 0.7931
vn -0.1049 -0.8315 0.5456
vn 0.7250 0.4004 0.5604
vn 0.8534 0.3926 0.3429
vn 0.5771 0.3130 0.7543
vn 0.4374 0.1475 0.8871
vn 0.3227 -0.0798 0.9431
vn 0.2541 -0.3234 0.9115
vn 0.2406 -0.5575 0.7946
vn 0.2846 -0.7343 0.6163
vn 0.7178 0.0828 0.6913
vn 0.6242 -0.0256 0.7809
vn 0.5503 -0.1685 0.8178
vn 0.5054 -0.3307 0.7970
vn 0.4982 -0.4797 0.7223
vn 0.8107 0.1336 0.5701
vn 0.7927 0.0168 0.6094
vn 0.6567 -0.1450 0.7401
vn 0.8253 -0.2844 0.4879
vn 0.5919 -0.3838 0.7087
vn 0.5295 -0.5953 0.6043
vn 0.9174 0.0063 0.3980
vn 0.8954 0.1253 0.4272
vn 0.6379 -0.5544 0.5345
vn 0.5935 -0.6572 0.4646
vn 0.9483 0.2917 0.1250
vn 0.9533 0.0607 0.2957
vn 0.3815 -0.8359 0.3946
vn 0.6802 -0.6580 0.3230
vn 0.8674 0.3335 -0.3693
vn 0.0244 -0.9688 0.2466
vn 0.9591 -0.1643 0.2307
vn 0.7645 -0.5572 0.3243
vn 0.9918 0.1165 -0.0517
vn 0.6743 0.4672 -0.5719
vn 0.8487 0.0190 -0.5286
vn 0.6550 0.1217 -0.7458
vn 0.5360 0.1670 -0.8275
vn 0.4335 -0.2060 -0.8773
vn 0.9817 -0.0549 0.1825
vn 0.9790 -0.1145 -0.1685
vn 0.7548 -0.3168 -0.5744
vn 0.5526 -0.2478 -0.7958
vn 0.9743 -0.1948 0.1130
vn 0.3805 -0.5851 -0.7162
vn 0.2610 -0.5466 -0.7957
vn 0.0458 -0.8027 -0.5946
vn 0.5999 -0.6231 -0.5019
vn 0.9125 -0.3554 -0.2028
vn 0.8962 -0.3957 0.2005
vn 0.1658 -0.8396 -0.5173
vn 0.9321 -0.3505 0.0908
vn 0.4058 -0.8558 -0.3209
vn -0.0576 -0.9715 -0.2301
vn 0.7994 -0.5818 -0.1498
vn 0.8637 -0.4890 0.1223
vn 0.7738 -0.5992 0.2055
vn 0.2038 -0.9773 -0.0580
vn 0.6607 -0.7504 -0.0192
vn 0.5115 -0.8411 0.1758
vn 0.5950 -0.5005 0.6289
vn 0.5767 -0.1519 0.8027
vn 0.4669 -0.5406 0.6998
vn 0.5268 -0.7714 0.3570
vn 0.4468 -0.1952 0.8731
vn 0.4739 0.2207 0.8525
vn 0.4004 -0.8095 0.4293
vn 0.3807 -0.9242 0.0290
vn 0.3429 0.1743 0.9231
vn 0.3010 0.5609 0.7712
vn 0.2565 -0.9611 0.1028
vn 0.1798 -0.9351 -0.3054
vn 0.1706 0.5111 0.8424
vn 0.0865 0.8168 0.5704
vn -0.0426 0.7643 0.6434
vn -0.1387 0.9497 0.2808
vn -0.2655 0.8959 0.3560
vn -0.3395 0.9391 -0.0534
vn -0.4635 0.8857 0.0245
vn -0.4856 0.7867 -0.3813
vn -0.6070 0.7354 -0.3013
vn -0.5547 0.5154 -0.6532
vn -0.1066 0.3718 0.9222
vn -0.2997 0.6022 0.7399
vn -0.5008 0.7219 0.4775
vn -0.6790 0.7130 0.1750
vn -0.8076 0.5769 -0.1222
vn 0.0495 0.0651 0.9967
vn 0.1449 -0.2718 0.9514
vn 0.1644 -0.5866 0.7931
vn 0.1049 -0.8315 0.5456
vn -0.7250 0.4004 0.5604
vn -0.8534 0.3926 0.3429
vn -0.5771 0.3130 0.7543
vn -0.4374 0.1475 0.8871
vn -0.3227 -0.0798 0.9431
vn -0.2540 -0.3234 0.9115
vn -0.2406 -0.5575 0.7946
vn -0.2846 -0.7343 0.6163
vn -0.7178 0.0828 0.6913
vn -0.6242 -0.0256 0.7809
vn -0.5503 -0.1685 0.8178
vn -0.5055 -0.3307 0.7970
vn -0.4982 -0.4796 0.7223
vn -0.8107 0.1335 0.5701
vn -0.7927 0.0168 0.6094
vn -0.6567 -0.1450 0.7401
vn -0.8253 -0.2844 0.4879
vn -0.5920 -0.3838 0.7087
vn -0.5295 -0.5953 0.6043
vn -0.9174 0.0063 0.3980
vn -0.8955 0.1253 0.4272
vn -0.6380 -0.5544 0.5345
vn -0.5935 -0.6572 0.4646
vn -0.9483 0.2917 0.1250
vn -0.9533 0.0607 0.2958
vn -0.3815 -0.8359 0.3947
vn -0.6802 -0.6580 0.3230
vn -0.8674 0.3335 -0.3693
vn -0.0244 -0.9688 0.2466
vn -0.9591 -0.1643 0.2306
vn -0.7644 -0.5572 0.3243
vn -0.9918 0.1165 -0.0517
vn -0.6743 0.4672 -0.5719
vn -0.8487 0.0190 -0.5286
vn -0.6550 0.1217 -0.7458
vn -0.5360 0.1670 -0.8276
vn -0.4335 -0.2061 -0.8773
vn -0.9817 -0.0549 0.1825
vn -0.9790 -0.1145 -0.1685
vn -0.7548 -0.3168 -0.5744
vn -0.5526 -0.2478 -0.7958
vn -0.9743 -0.1948 0.1130
vn -0.3805 -0.5851 -0.7162
vn -0.2610 -0.5466 -0.7957
vn -0.0458 -0.8027 -0.5946
vn -0.5998 -0.6231 -0.5019
vn -0.9125 -0.3554 -0.2028
vn -0.8962 -0.3957 0.2004
vn -0.1658 -0.8396 -0.5173
vn -0.9322 -0.3505 0.0908
vn -0.4059 -0.8558 -0.3209
vn 0.0577 -0.9715 -0.2301
vn -0.7994 -0.5818 -0.1498
vn -0.8637 -0.4890 0.1223
vn -0.7738 -0.5992 0.2055
vn -0.2038 -0.9773 -0.0580
vn -0.6607 -0.7504 -0.0192
vn -0.5115 -0.8411 0.1758
vt 0.266357 0.143433
vt 0.282715 0.151367
vt 0.264893 0.186401
vt 0.249268 0.180664
vt 0.237793 0.245605
vt 0.231567 0.130493
vt 0.222168 0.239014
vt 0.206299 0.305176
vt 0.213623 0.167725
vt 0.168945 0.151733
vt 0.189209 0.114319
vt 0.145630 0.096802
vt 0.190552 0.299072
vt 0.178101 0.358398
vt 0.189209 0.226318
vt 0.163940 0.352539
vt 0.148438 0.410645
vt 0.162476 0.288086
vt 0.135620 0.405029
vt 0.120239 0.458984
vt 0.149536 0.209717
vt 0.138550 0.341553
vt 0.128174 0.276367
vt 0.108887 0.198486
vt 0.128540 0.139404
vt 0.103210 0.135132
vt 0.118530 0.085693
vt 0.071045 0.130615
vt 0.081360 0.077087
vt 0.044891 0.081970
vt 0.088623 0.193848
vt 0.092346 0.266357
vt 0.110229 0.332031
vt 0.079285 0.323975
vt 0.114929 0.396973
vt 0.072693 0.260742
vt 0.090820 0.389893
vt 0.101074 0.449463
vt 0.075073 0.439453
vt 0.067505 0.383545
vt 0.077454 0.500488
vt 0.092285 0.507324
vt 0.053894 0.553711
vt 0.065247 0.558105
vt 0.037811 0.617676
vt 0.058380 0.492432
vt 0.061859 0.320801
vt 0.055939 0.432617
vt 0.030090 0.614746
vt 0.021088 0.653320
vt 0.051300 0.380615
vt 0.038422 0.316895
vt 0.030640 0.375977
vt 0.043243 0.431396
vt 0.045563 0.489258
vt 0.037811 0.548340
vt 0.020996 0.612305
vt 0.012505 0.610352
vt 0.024796 0.544434
vt 0.033691 0.487061
vt 0.016068 0.651367
vt 0.008827 0.648926
vt 0.013123 0.659180
vt 0.015915 0.661133
vt 0.025848 0.428955
vt 0.011917 0.662598
vt 0.012596 0.663086
vt 0.010017 0.663574
vt 0.009224 0.661621
vt 0.006916 0.662598
vt 0.008179 0.657715
vt 0.004169 0.659180
vt 0.001727 0.649902
vt 0.001830 0.609863
vt 0.001899 0.583008
vt 0.010162 0.584473
vt 0.014503 0.543457
vt 0.002003 0.542480
vt 0.019562 0.485840
vt 0.002151 0.484375
vt 0.002296 0.427246
vt 0.002438 0.372314
vt 0.002584 0.315186
vt 0.034454 0.255615
vt 0.002741 0.253906
vt 0.052338 0.256592
vt 0.037842 0.189697
vt 0.002907 0.189331
vt 0.003071 0.125122
vt 0.061279 0.190552
vt 0.044708 0.128662
vt 0.003172 0.085266
vt 0.834473 0.398438
vt 0.842773 0.383545
vt 0.852539 0.393066
vt 0.845215 0.409668
vt 0.864258 0.439697
vt 0.871582 0.419922
vt 0.825195 0.418213
vt 0.898438 0.433350
vt 0.839844 0.429443
vt 0.813965 0.438232
vt 0.830566 0.450928
vt 0.803711 0.464844
vt 0.893066 0.455811
vt 0.928711 0.443115
vt 0.817871 0.474609
vt 0.785645 0.488281
vt 0.854004 0.465820
vt 0.922363 0.466553
vt 0.951172 0.448975
vt 0.840332 0.483398
vt 0.880371 0.504395
vt 0.886230 0.479248
vt 0.808105 0.495605
vt 0.946777 0.473389
vt 0.978516 0.461426
vt 0.914551 0.487305
vt 0.796387 0.516113
vt 0.780273 0.511719
vt 0.771484 0.534180
vt 0.833008 0.500977
vt 0.828613 0.520996
vt 0.973633 0.478516
vt 0.997559 0.478027
vt 0.997559 0.462891
vt 0.997559 0.496094
vt 0.944336 0.491943
vt 0.972168 0.496826
vt 0.997559 0.515137
vt 0.970215 0.520508
vt 0.943359 0.515137
vt 0.984375 0.531738
vt 0.997559 0.530273
vt 0.997559 0.544922
vt 0.912598 0.510742
vt 0.908691 0.537598
vt 0.945801 0.542480
vt 0.964844 0.543945
vt 0.983398 0.545410
vt 0.984863 0.559570
vt 0.997559 0.560547
vt 0.997559 0.577637
vt 0.946289 0.568848
vt 0.971191 0.570312
vt 0.972168 0.591797
vt 0.997559 0.594727
vt 0.973145 0.615723
vt 0.997559 0.617188
vt 0.997559 0.638184
vt 0.944824 0.590332
vt 0.915527 0.566895
vt 0.973633 0.638672
vt 0.997559 0.654785
vt 0.948242 0.614746
vt 0.876953 0.533691
vt 0.915527 0.588867
vt 0.863770 0.513184
vt 0.857422 0.531738
vt 0.876465 0.568848
vt 0.827148 0.537109
vt 0.876953 0.589355
vt 0.882812 0.617676
vt 0.917480 0.616699
vt 0.949219 0.640137
vt 0.951172 0.661621
vt 0.919922 0.643555
vt 0.853516 0.553223
vt 0.784180 0.538086
vt 0.836914 0.592773
vt 0.829590 0.553711
vt 0.780762 0.553711
vt 0.756348 0.557617
vt 0.757812 0.577637
vt 0.832520 0.573242
vt 0.780762 0.575195
vt 0.760742 0.596191
vt 0.781738 0.594727
vt 0.785645 0.613281
vt 0.763184 0.612793
vt 0.818359 0.609863
vt 0.790039 0.637695
vt 0.767578 0.638672
vt 0.770020 0.663574
vt 0.851074 0.621582
vt 0.826172 0.629883
vt 0.801758 0.661133
vt 0.775391 0.690430
vt 0.860352 0.652832
vt 0.806152 0.684082
vt 0.781250 0.715820
vt 0.833496 0.657227
vt 0.887207 0.648438
vt 0.923828 0.666992
vt 0.890625 0.671875
vt 0.861328 0.677734
vt 0.835938 0.680664
vt 0.836426 0.700195
vt 0.809570 0.707520
vt 0.821289 0.724121
vt 0.804199 0.729980
vt 0.820801 0.738770
vt 0.839844 0.747070
vt 0.844727 0.734863
vt 0.856934 0.705078
vt 0.872070 0.719727
vt 0.895508 0.692871
vt 0.900879 0.710449
vt 0.926758 0.686035
vt 0.932129 0.705566
vt 0.948730 0.679688
vt 0.953613 0.699707
vt 0.965820 0.689941
vt 0.981445 0.699219
vt 0.963867 0.668945
vt 0.961426 0.677734
vt 0.978516 0.656250
vt 0.980469 0.666504
vt 0.997559 0.667969
vt 0.980469 0.676758
vt 0.997559 0.677246
vt 0.982422 0.690430
vt 0.997559 0.687500
vt 0.997559 0.697266
vt 0.638184 0.349609
vt 0.617188 0.381104
vt 0.625000 0.348633
vt 0.605469 0.377686
vt 0.608398 0.339600
vt 0.596680 0.409912
vt 0.585449 0.360840
vt 0.594727 0.332764
vt 0.583496 0.394775
vt 0.576660 0.429688
vt 0.572754 0.347900
vt 0.588379 0.321533
vt 0.561035 0.409424
vt 0.559570 0.437500
vt 0.566406 0.374268
vt 0.566406 0.335693
vt 0.553711 0.360352
vt 0.546387 0.388184
vt 0.548828 0.413574
vt 0.542480 0.418213
vt 0.548340 0.442139
vt 0.530273 0.396484
vt 0.537598 0.418213
vt 0.540039 0.446533
vt 0.524414 0.416992
vt 0.528809 0.449219
vt 0.531250 0.374512
vt 0.503906 0.421143
vt 0.509277 0.456787
vt 0.478760 0.462646
vt 0.514160 0.386230
vt 0.509766 0.364502
vt 0.523438 0.359863
vt 0.545410 0.347900
vt 0.517578 0.338135
vt 0.536621 0.327148
vt 0.555664 0.314209
vt 0.574219 0.300293
vt 0.548340 0.289062
vt 0.562012 0.277344
vt 0.544434 0.258545
vt 0.530762 0.302490
vt 0.524902 0.274170
vt 0.512695 0.315186
vt 0.516602 0.245239
vt 0.535156 0.232666
vt 0.506348 0.289307
vt 0.498291 0.256348
vt 0.511230 0.217896
vt 0.529785 0.207642
vt 0.492188 0.226196
vt 0.507812 0.193726
vt 0.528320 0.184326
vt 0.527344 0.163818
vt 0.501953 0.176880
vt 0.487549 0.201416
vt 0.483398 0.184326
vt 0.471680 0.203979
vt 0.469482 0.186890
vt 0.475342 0.229858
vt 0.452637 0.203735
vt 0.453125 0.185547
vt 0.481934 0.261963
vt 0.454590 0.232056
vt 0.430176 0.200562
vt 0.434326 0.180176
vt 0.490479 0.298584
vt 0.458984 0.267090
vt 0.430908 0.229004
vt 0.407227 0.194214
vt 0.412598 0.172119
vt 0.473145 0.299561
vt 0.495361 0.321777
vt 0.500488 0.344971
vt 0.432129 0.261230
vt 0.407959 0.223145
vt 0.386719 0.185791
vt 0.393799 0.162109
vt 0.409424 0.254883
vt 0.386963 0.215820
vt 0.370850 0.181519
vt 0.378418 0.155762
vt 0.369385 0.210449
vt 0.364746 0.162842
vt 0.367432 0.149048
vt 0.355225 0.146606
vt 0.353271 0.181519
vt 0.354248 0.161987
vt 0.343750 0.159790
vt 0.343262 0.145630
vt 0.330322 0.149902
vt 0.332031 0.176636
vt 0.319336 0.150391
vt 0.351807 0.206665
vt 0.317871 0.174438
vt 0.302246 0.156860
vt 0.331543 0.203003
vt 0.301025 0.178711
vt 0.282715 0.160400
vt 0.283691 0.180786
vt 0.314697 0.201294
vt 0.297119 0.202148
vt 0.276611 0.203125
vt 0.308594 0.229858
vt 0.287354 0.228027
vt 0.264160 0.225464
vt 0.328369 0.233398
vt 0.276123 0.252686
vt 0.247314 0.247559
vt 0.299316 0.259766
vt 0.349365 0.238403
vt 0.264160 0.279297
vt 0.239258 0.272217
vt 0.323242 0.265869
vt 0.290527 0.287842
vt 0.369629 0.244019
vt 0.251221 0.303955
vt 0.226318 0.293945
vt 0.280518 0.316406
vt 0.347168 0.272461
vt 0.316650 0.298096
vt 0.389893 0.249268
vt 0.237305 0.326172
vt 0.214722 0.315674
vt 0.204834 0.324219
vt 0.273193 0.345215
vt 0.229492 0.341797
vt 0.199341 0.338379
vt 0.307129 0.333496
vt 0.371338 0.277588
vt 0.344971 0.306152
vt 0.221802 0.359619
vt 0.187744 0.353516
vt 0.264160 0.364746
vt 0.393799 0.281006
vt 0.299561 0.358398
vt 0.374023 0.310791
vt 0.343750 0.341309
vt 0.212158 0.384033
vt 0.179688 0.364502
vt 0.202759 0.392822
vt 0.409424 0.284912
vt 0.252686 0.384766
vt 0.237915 0.415283
vt 0.221924 0.427490
vt 0.405518 0.314697
vt 0.431396 0.292236
vt 0.289307 0.379883
vt 0.260986 0.434326
vt 0.236084 0.464355
vt 0.261963 0.465332
vt 0.308594 0.455322
vt 0.277344 0.404785
vt 0.311523 0.418457
vt 0.348633 0.454102
vt 0.453125 0.297607
vt 0.371826 0.418213
vt 0.372070 0.458008
vt 0.408691 0.417480
vt 0.398926 0.463379
vt 0.334961 0.390381
vt 0.432861 0.320557
vt 0.456787 0.324707
vt 0.342529 0.374512
vt 0.381348 0.394531
vt 0.377686 0.346924
vt 0.409180 0.348389
vt 0.382080 0.377686
vt 0.437256 0.350342
vt 0.413086 0.380371
vt 0.413574 0.394531
vt 0.452148 0.422607
vt 0.448486 0.397949
vt 0.443604 0.376709
vt 0.462891 0.350098
vt 0.474609 0.395996
vt 0.477539 0.324707
vt 0.483154 0.346680
vt 0.464844 0.373779
vt 0.495361 0.356689
vt 0.476074 0.360107
vt 0.486084 0.358154
vt 0.489014 0.369629
vt 0.499023 0.367188
vt 0.501465 0.377686
vt 0.478027 0.371582
vt 0.481934 0.382568
vt 0.496582 0.395264
vt 0.492432 0.381104
vt 0.479004 0.423096
vt 0.447998 0.465088
vt 0.430420 0.441895
vt 0.424805 0.466309
vt 0.412842 0.439209
vt 0.004139 0.043884
vt 0.004875 0.003004
vt 0.037781 0.003004
vt 0.044067 0.041565
vt 0.004059 0.079895
vt 0.053650 0.076050
vt 0.091614 0.064941
vt 0.086121 0.036438
vt 0.080078 0.003004
vt 0.122375 0.003004
vt 0.125854 0.028534
vt 0.130249 0.051453
vt 0.163452 0.028915
vt 0.156982 0.003004
vt 0.166992 0.047729
vt 0.187988 0.017258
vt 0.186890 0.003004
vt 0.207886 0.018494
vt 0.215210 0.003004
vt 0.201050 0.049377
vt 0.201050 0.058990
vt 0.226807 0.081360
vt 0.203003 0.037537
vt 0.229492 0.021545
vt 0.233032 0.003004
vt 0.228271 0.046570
vt 0.229004 0.062927
vt 0.248901 0.023270
vt 0.248901 0.003004
vt 0.259277 0.083679
vt 0.247803 0.101013
vt 0.265869 0.072510
vt 0.244507 0.041199
vt 0.284668 0.025909
vt 0.286133 0.003004
vt 0.313232 0.003004
vt 0.285889 0.120605
vt 0.258057 0.117615
vt 0.281982 0.130615
vt 0.279297 0.046661
vt 0.311035 0.033356
vt 0.346680 0.003004
vt 0.309326 0.061096
vt 0.345459 0.035736
vt 0.384277 0.003004
vt 0.272949 0.060272
vt 0.306152 0.077271
vt 0.302246 0.092285
vt 0.344238 0.066772
vt 0.296143 0.104004
vt 0.329102 0.115479
vt 0.344238 0.086182
vt 0.326904 0.132446
vt 0.319580 0.143799
vt 0.370605 0.141235
vt 0.360352 0.122437
vt 0.405029 0.135620
vt 0.331055 0.102539
vt 0.357178 0.108459
vt 0.400879 0.123352
vt 0.439697 0.118591
vt 0.393799 0.107239
vt 0.431396 0.109131
vt 0.383789 0.085876
vt 0.376709 0.066833
vt 0.407959 0.077759
vt 0.381592 0.033386
vt 0.399658 0.060669
vt 0.419189 0.039154
vt 0.421631 0.003004
vt 0.460449 0.042236
vt 0.461914 0.003004
vt 0.430908 0.059723
vt 0.421875 0.095398
vt 0.440918 0.074768
vt 0.462402 0.078674
vt 0.467285 0.107727
vt 0.490479 0.035889
vt 0.493164 0.003004
vt 0.515137 0.003004
vt 0.491943 0.062622
vt 0.517090 0.027191
vt 0.541992 0.003004
vt 0.522461 0.050507
vt 0.519043 0.080078
vt 0.554199 0.035156
vt 0.546387 0.019958
vt 0.562500 0.003004
vt 0.492676 0.095093
vt 0.526855 0.097656
vt 0.496094 0.112183
vt 0.523926 0.115784
vt 0.468750 0.125610
vt 0.496826 0.124451
vt 0.470947 0.139160
vt 0.564453 0.027924
vt 0.575684 0.038757
vt 0.563477 0.017395
vt 0.578125 0.003004
vt 0.578125 0.015480
vt 0.578613 0.027664
vt 0.604004 0.043274
vt 0.584473 0.051025
vt 0.591797 0.065552
vt 0.604492 0.014725
vt 0.604980 0.003004
vt 0.625977 0.003004
vt 0.604492 0.028992
vt 0.625000 0.015976
vt 0.636230 0.003004
vt 0.645020 0.014999
vt 0.643555 0.003004
vt 0.650879 0.003004
vt 0.660156 0.003004
vt 0.624512 0.028488
vt 0.604492 0.060822
vt 0.591797 0.082458
vt 0.645996 0.022476
vt 0.625488 0.038116
vt 0.646484 0.032593
vt 0.662598 0.019882
vt 0.662109 0.014610
vt 0.677734 0.015808
vt 0.668457 0.003004
vt 0.678223 0.003004
vt 0.685547 0.003004
vt 0.625977 0.049713
vt 0.693359 0.015404
vt 0.692871 0.003004
vt 0.711914 0.012947
vt 0.703613 0.003004
vt 0.715820 0.003004
vt 0.729004 0.003004
vt 0.677246 0.022430
vt 0.661133 0.032349
vt 0.608398 0.073059
vt 0.648926 0.043274
vt 0.629395 0.061676
vt 0.602539 0.088867
vt 0.618164 0.086060
vt 0.592773 0.095398
vt 0.578125 0.097046
vt 0.666016 0.042725
vt 0.649902 0.059204
vt 0.639160 0.079590
vt 0.623047 0.093689
vt 0.606934 0.096191
vt 0.590820 0.104492
vt 0.572266 0.106995
vt 0.554199 0.106812
vt 0.614746 0.101013
vt 0.611816 0.107910
vt 0.635254 0.115601
vt 0.630371 0.104431
vt 0.639648 0.087280
vt 0.646973 0.104187
vt 0.653320 0.116333
vt 0.657715 0.081116
vt 0.659668 0.089966
vt 0.664551 0.104736
vt 0.669434 0.118896
vt 0.680664 0.106262
vt 0.689941 0.123352
vt 0.673828 0.090820
vt 0.695801 0.106873
vt 0.706543 0.122437
vt 0.671387 0.082703
vt 0.670410 0.076904
vt 0.708496 0.107788
vt 0.719727 0.124146
vt 0.690430 0.092163
vt 0.701660 0.091064
vt 0.700195 0.082825
vt 0.687500 0.082092
vt 0.698730 0.072571
vt 0.685547 0.076172
vt 0.698730 0.060516
vt 0.670410 0.057831
vt 0.687500 0.056946
vt 0.677246 0.044922
vt 0.693359 0.048004
vt 0.703125 0.050293
vt 0.677734 0.032959
vt 0.692871 0.032684
vt 0.707520 0.039551
vt 0.712891 0.045532
vt 0.692871 0.022079
vt 0.701660 0.020370
vt 0.704590 0.028366
vt 0.715820 0.022049
vt 0.719727 0.030579
vt 0.726074 0.039215
vt 0.740723 0.028152
vt 0.728516 0.016754
vt 0.734375 0.021393
vt 0.751465 0.009895
vt 0.756836 0.017197
vt 0.778809 0.010605
vt 0.729492 0.009933
vt 0.751465 0.003004
vt 0.775391 0.006863
vt 0.790039 0.003004
vt 0.773438 0.003004
vt 0.851562 0.035400
vt 0.858398 0.071655
vt 0.848633 0.070557
vt 0.840332 0.048309
vt 0.831055 0.016403
vt 0.833984 0.064819
vt 0.842773 0.074402
vt 0.829102 0.077454
vt 0.836426 0.083252
vt 0.828125 0.088562
vt 0.832520 0.092346
vt 0.824707 0.099548
vt 0.831055 0.102478
vt 0.819824 0.108765
vt 0.825684 0.115784
vt 0.814453 0.123718
vt 0.820312 0.126709
vt 0.810059 0.137329
vt 0.815918 0.138916
vt 0.814453 0.149536
vt 0.808594 0.148926
vt 0.803223 0.147217
vt 0.807617 0.122253
vt 0.803223 0.136353
vt 0.797363 0.136719
vt 0.796875 0.147949
vt 0.799316 0.121521
vt 0.790039 0.138428
vt 0.791992 0.149780
vt 0.790527 0.122742
vt 0.786133 0.146118
vt 0.787598 0.152100
vt 0.782715 0.154419
vt 0.782715 0.137573
vt 0.781738 0.147095
vt 0.775879 0.148438
vt 0.776855 0.155884
vt 0.770508 0.156616
vt 0.776855 0.138306
vt 0.770508 0.149658
vt 0.765137 0.156494
vt 0.780273 0.124390
vt 0.769043 0.140869
vt 0.760742 0.144531
vt 0.765625 0.150513
vt 0.759277 0.155762
vt 0.752441 0.155151
vt 0.768555 0.127930
vt 0.752441 0.144043
vt 0.746094 0.153564
vt 0.745605 0.143433
vt 0.758301 0.131226
vt 0.747559 0.130859
vt 0.740234 0.132080
vt 0.766602 0.114929
vt 0.754395 0.118469
vt 0.740723 0.121277
vt 0.732910 0.123352
vt 0.780273 0.107361
vt 0.763672 0.097656
vt 0.734375 0.106384
vt 0.725098 0.111572
vt 0.719727 0.103027
vt 0.748047 0.102234
vt 0.793945 0.104919
vt 0.730957 0.092834
vt 0.719727 0.093567
vt 0.778320 0.092163
vt 0.745117 0.090149
vt 0.760742 0.086060
vt 0.726562 0.079712
vt 0.716309 0.083862
vt 0.713379 0.077576
vt 0.741699 0.073181
vt 0.724609 0.066650
vt 0.705566 0.072449
vt 0.719238 0.056335
vt 0.738281 0.058929
vt 0.731445 0.049805
vt 0.754395 0.066956
vt 0.749023 0.050140
vt 0.739746 0.037811
vt 0.748535 0.024658
vt 0.772461 0.080750
vt 0.759277 0.041199
vt 0.765137 0.016525
vt 0.765137 0.061737
vt 0.779297 0.056396
vt 0.789551 0.087341
vt 0.772949 0.035614
vt 0.789551 0.028519
vt 0.788574 0.009918
vt 0.798340 0.052185
vt 0.809570 0.025452
vt 0.812988 0.006721
vt 0.785645 0.075012
vt 0.799805 0.072021
vt 0.827637 0.034302
vt 0.810547 0.052277
vt 0.822754 0.056000
vt 0.801270 0.083557
vt 0.810059 0.070984
vt 0.819336 0.072754
vt 0.801270 0.092529
vt 0.809570 0.082275
vt 0.818848 0.083679
vt 0.803711 0.105103
vt 0.807129 0.093262
vt 0.813477 0.106201
vt 0.813965 0.089417
vt 0.821289 0.091980
vt 0.811035 0.099121
vt 0.818359 0.101379
vt 0.814941 0.100952
vt 0.820312 0.096924
vt 0.816895 0.095032
vt 0.817383 0.090271
vt 0.811523 0.094238
vt 0.867676 0.997070
vt 0.840332 0.997070
vt 0.867676 0.981445
vt 0.839355 0.982422
vt 0.866699 0.958984
vt 0.805664 0.997070
vt 0.839355 0.959961
vt 0.868164 0.932129
vt 0.804688 0.983887
vt 0.762695 0.997070
vt 0.763184 0.984375
vt 0.721680 0.997070
vt 0.804688 0.960449
vt 0.838867 0.930176
vt 0.840820 0.899902
vt 0.871582 0.902344
vt 0.877441 0.875000
vt 0.806152 0.926758
vt 0.764648 0.958496
vt 0.722656 0.983398
vt 0.726074 0.955078
vt 0.684570 0.982910
vt 0.683105 0.997070
vt 0.688965 0.952637
vt 0.647949 0.980957
vt 0.646973 0.997070
vt 0.649902 0.950684
vt 0.608398 0.979004
vt 0.608398 0.997070
vt 0.556641 0.997070
vt 0.611328 0.946777
vt 0.559570 0.976074
vt 0.517090 0.977539
vt 0.514648 0.997070
vt 0.483643 0.978027
vt 0.482178 0.997070
vt 0.447754 0.974609
vt 0.446045 0.997070
vt 0.485840 0.959961
vt 0.519531 0.956055
vt 0.564941 0.940918
vt 0.590820 0.907227
vt 0.622070 0.909180
vt 0.659668 0.911621
vt 0.415283 0.972168
vt 0.413574 0.997070
vt 0.380615 0.997070
vt 0.382080 0.970703
vt 0.350342 0.997070
vt 0.417969 0.951660
vt 0.350098 0.969727
vt 0.319336 0.997070
vt 0.634277 0.868652
vt 0.696777 0.915039
vt 0.448242 0.955078
vt 0.383545 0.951172
vt 0.382568 0.929688
vt 0.418457 0.940430
vt 0.447510 0.939941
vt 0.349121 0.948730
vt 0.668945 0.870605
vt 0.483643 0.939941
vt 0.517578 0.937500
vt 0.419922 0.925781
vt 0.481201 0.923340
vt 0.450928 0.923828
vt 0.420654 0.902832
vt 0.555176 0.928223
vt 0.451416 0.899902
vt 0.542480 0.916504
vt 0.517578 0.920410
vt 0.480957 0.897461
vt 0.574219 0.901855
vt 0.520996 0.898438
vt 0.555176 0.897949
vt 0.588867 0.870117
vt 0.565918 0.871582
vt 0.531738 0.869141
vt 0.496338 0.868164
vt 0.543457 0.840820
vt 0.606934 0.869141
vt 0.575195 0.838379
vt 0.599609 0.836914
vt 0.625000 0.825684
vt 0.609375 0.812500
vt 0.642578 0.781250
vt 0.651367 0.828613
vt 0.682617 0.830078
vt 0.666016 0.786621
vt 0.706543 0.875000
vt 0.732422 0.918457
vt 0.770020 0.923340
vt 0.741699 0.882324
vt 0.810059 0.893066
vt 0.775879 0.888184
vt 0.781250 0.852051
vt 0.748047 0.841797
vt 0.716309 0.834473
vt 0.816895 0.861328
vt 0.694336 0.791992
vt 0.844727 0.867188
vt 0.863770 0.850098
vt 0.882324 0.855469
vt 0.877441 0.839355
vt 0.846680 0.845215
vt 0.865723 0.835449
vt 0.875000 0.830566
vt 0.864258 0.822754
vt 0.850098 0.828125
vt 0.857910 0.815918
vt 0.845215 0.810547
vt 0.821289 0.834961
vt 0.838867 0.821777
vt 0.789062 0.822754
vt 0.820801 0.808105
vt 0.825195 0.798828
vt 0.812988 0.788086
vt 0.812500 0.814453
vt 0.754883 0.811035
vt 0.804688 0.791016
vt 0.788086 0.766113
vt 0.801758 0.766113
vt 0.794434 0.748047
vt 0.795898 0.797852
vt 0.724609 0.800293
vt 0.782227 0.776367
vt 0.758301 0.784668
vt 0.730957 0.774902
vt 0.759766 0.764160
vt 0.762207 0.741699
vt 0.783203 0.738770
vt 0.804688 0.736328
vt 0.791016 0.725586
vt 0.765625 0.726562
vt 0.773438 0.713379
vt 0.735840 0.747070
vt 0.701660 0.762695
vt 0.742676 0.724609
vt 0.748047 0.705078
vt 0.755859 0.691406
vt 0.743164 0.673340
vt 0.675781 0.754395
vt 0.712402 0.732910
vt 0.733887 0.687500
vt 0.720215 0.706055
vt 0.712402 0.666016
vt 0.727051 0.654297
vt 0.688965 0.678711
vt 0.686035 0.719238
vt 0.694824 0.636230
vt 0.704590 0.628906
vt 0.671875 0.616211
vt 0.682617 0.609375
vt 0.663574 0.594238
vt 0.679688 0.645996
vt 0.669434 0.677246
vt 0.649902 0.748535
vt 0.659180 0.596680
vt 0.652832 0.573730
vt 0.651367 0.598145
vt 0.666992 0.646973
vt 0.662109 0.711426
vt 0.643555 0.574219
vt 0.642578 0.538086
vt 0.621582 0.548340
vt 0.633789 0.574707
vt 0.641113 0.601562
vt 0.648438 0.624512
vt 0.658691 0.620605
vt 0.653809 0.652832
vt 0.654785 0.677246
vt 0.646484 0.708008
vt 0.615234 0.713867
vt 0.621094 0.745605
vt 0.582520 0.723633
vt 0.585938 0.753906
vt 0.551758 0.730469
vt 0.616699 0.779785
vt 0.553223 0.760254
vt 0.520996 0.740234
vt 0.584961 0.783203
vt 0.582031 0.814453
vt 0.553223 0.788574
vt 0.546875 0.820312
vt 0.523438 0.765625
vt 0.500977 0.745605
vt 0.523438 0.793945
vt 0.524902 0.816895
vt 0.502930 0.770020
vt 0.506836 0.834961
vt 0.505859 0.797852
vt 0.483887 0.774414
vt 0.478760 0.750488
vt 0.483887 0.861816
vt 0.488525 0.800781
vt 0.467041 0.773926
vt 0.457520 0.750000
vt 0.470459 0.869141
vt 0.487549 0.832031
vt 0.472168 0.801758
vt 0.473145 0.833496
vt 0.451660 0.835449
vt 0.450439 0.870117
vt 0.449219 0.803711
vt 0.417236 0.878418
vt 0.420654 0.770508
vt 0.428223 0.853027
vt 0.429688 0.818848
vt 0.414062 0.792969
vt 0.434326 0.836426
vt 0.409912 0.836914
vt 0.412109 0.857910
vt 0.379395 0.840332
vt 0.409912 0.815430
vt 0.379883 0.859863
vt 0.378174 0.879395
vt 0.377441 0.818848
vt 0.361572 0.856934
vt 0.379395 0.903320
vt 0.343750 0.874023
vt 0.343750 0.903809
vt 0.347412 0.926758
vt 0.375977 0.797852
vt 0.359375 0.825684
vt 0.354736 0.842773
vt 0.339111 0.844727
vt 0.377686 0.777344
vt 0.342041 0.813477
vt 0.341309 0.787598
vt 0.342041 0.765625
vt 0.419922 0.753906
vt 0.309814 0.790527
vt 0.308838 0.816406
vt 0.308838 0.846191
vt 0.380371 0.756348
vt 0.417480 0.729004
vt 0.445801 0.725098
vt 0.310303 0.880371
vt 0.290283 0.847168
vt 0.416992 0.707520
vt 0.440918 0.703125
vt 0.419434 0.685547
vt 0.440186 0.679688
vt 0.435059 0.667969
vt 0.410400 0.674316
vt 0.430664 0.651855
vt 0.406494 0.664062
vt 0.380127 0.689941
vt 0.376953 0.682129
vt 0.348877 0.691895
vt 0.399170 0.694336
vt 0.381592 0.715332
vt 0.380615 0.702637
vt 0.356201 0.710449
vt 0.353271 0.700195
vt 0.383301 0.736328
vt 0.327148 0.706055
vt 0.308350 0.701660
vt 0.357178 0.721680
vt 0.354736 0.743164
vt 0.330322 0.713379
vt 0.336182 0.724609
vt 0.341553 0.732422
vt 0.334961 0.739746
vt 0.322266 0.736328
vt 0.328125 0.754395
vt 0.312744 0.723633
vt 0.300049 0.743164
vt 0.313965 0.752441
vt 0.300781 0.710938
vt 0.309082 0.770508
vt 0.275146 0.698730
vt 0.277832 0.689941
vt 0.289551 0.765137
vt 0.272705 0.752441
vt 0.287598 0.787598
vt 0.287842 0.731445
vt 0.260742 0.685059
vt 0.262451 0.675781
vt 0.255615 0.692383
vt 0.268555 0.706543
vt 0.249634 0.700195
vt 0.259766 0.720703
vt 0.234619 0.709473
vt 0.287598 0.816895
vt 0.271484 0.781250
vt 0.247437 0.757812
vt 0.264648 0.755371
vt 0.253662 0.809570
vt 0.260986 0.783691
vt 0.220215 0.763184
vt 0.209839 0.720703
vt 0.186401 0.734863
vt 0.267334 0.811523
vt 0.268555 0.849121
vt 0.196411 0.774414
vt 0.229614 0.809570
vt 0.179321 0.780762
vt 0.169678 0.745605
vt 0.149536 0.754395
vt 0.207764 0.815918
vt 0.153687 0.788574
vt 0.128418 0.762695
vt 0.187134 0.819824
vt 0.130493 0.794434
vt 0.109192 0.769043
vt 0.110840 0.799316
vt 0.076477 0.776367
vt 0.134644 0.830566
vt 0.076660 0.805176
vt 0.038483 0.782715
vt 0.158203 0.824707
vt 0.113647 0.833984
vt 0.138184 0.870117
vt 0.163696 0.868164
vt 0.196045 0.863770
vt 0.037231 0.809570
vt 0.018265 0.777344
vt 0.000568 0.815430
vt 0.042328 0.837891
vt 0.016724 0.842773
vt 0.022781 0.866211
vt 0.080078 0.836426
vt 0.051941 0.866699
vt 0.028534 0.905762
vt 0.086182 0.869629
vt 0.058960 0.902832
vt 0.119873 0.870117
vt 0.091858 0.904785
vt 0.097046 0.937012
vt 0.063049 0.924805
vt 0.033203 0.945312
vt 0.128662 0.907715
vt 0.066528 0.954590
vt 0.036438 0.979004
vt 0.145508 0.902832
vt 0.070190 0.982910
vt 0.035950 0.997070
vt 0.071350 0.997070
vt 0.100586 0.961426
vt 0.103271 0.983398
vt 0.104492 0.997070
vt 0.134766 0.982910
vt 0.135986 0.997070
vt 0.174927 0.997070
vt 0.133667 0.937500
vt 0.136841 0.952148
vt 0.172485 0.980469
vt 0.204712 0.997070
vt 0.133789 0.962402
vt 0.168457 0.952148
vt 0.204346 0.978516
vt 0.230835 0.997070
vt 0.171631 0.961914
vt 0.162842 0.932617
vt 0.229858 0.976562
vt 0.251465 0.997070
vt 0.204346 0.949219
vt 0.203857 0.961426
vt 0.250244 0.975098
vt 0.274170 0.997070
vt 0.229980 0.958496
vt 0.232056 0.948242
vt 0.201294 0.929688
vt 0.171875 0.918457
vt 0.167725 0.899414
vt 0.191284 0.918457
vt 0.197510 0.896973
vt 0.217773 0.899902
vt 0.213745 0.861328
vt 0.233643 0.859375
vt 0.234009 0.926758
vt 0.254639 0.857910
vt 0.234619 0.901855
vt 0.256592 0.899414
vt 0.259521 0.927734
vt 0.271729 0.898926
vt 0.257080 0.947754
vt 0.284424 0.895020
vt 0.274414 0.925293
vt 0.248901 0.959961
vt 0.270264 0.947266
vt 0.261963 0.958008
vt 0.272461 0.971680
vt 0.291504 0.970215
vt 0.293213 0.997070
vt 0.288330 0.947266
vt 0.286865 0.927246
vt 0.317871 0.968262
vt 0.297363 0.906250
vt 0.300049 0.946777
vt 0.318604 0.948730
vt 0.297607 0.928223
vt 0.315186 0.903809
vt 0.317139 0.928711
vt 0.246094 0.510254
vt 0.247314 0.497314
vt 0.255859 0.497803
vt 0.254150 0.511719
vt 0.272949 0.498047
vt 0.244385 0.523438
vt 0.270752 0.513672
vt 0.296875 0.501953
vt 0.253418 0.524414
vt 0.243164 0.537598
vt 0.269287 0.526367
vt 0.293213 0.516602
vt 0.319092 0.510742
vt 0.253418 0.538086
vt 0.245483 0.552734
vt 0.267822 0.540527
vt 0.312256 0.524902
vt 0.341553 0.524902
vt 0.289062 0.530762
vt 0.334229 0.536621
vt 0.360352 0.541504
vt 0.307373 0.539551
vt 0.285889 0.545410
vt 0.352051 0.551270
vt 0.375000 0.557617
vt 0.364502 0.568848
vt 0.387695 0.575684
vt 0.343018 0.562012
vt 0.327148 0.550293
vt 0.301514 0.552246
vt 0.283691 0.558105
vt 0.320068 0.562500
vt 0.375732 0.587402
vt 0.400879 0.597656
vt 0.267822 0.553711
vt 0.254395 0.552246
vt 0.268555 0.567383
vt 0.256836 0.567383
vt 0.246826 0.566895
vt 0.248535 0.576660
vt 0.258789 0.579102
vt 0.252441 0.586426
vt 0.260742 0.588867
vt 0.268555 0.580566
vt 0.268066 0.592285
vt 0.282227 0.569824
vt 0.276123 0.595703
vt 0.272461 0.600586
vt 0.297119 0.562988
vt 0.281738 0.585938
vt 0.292236 0.600098
vt 0.283936 0.606934
vt 0.277344 0.610840
vt 0.293701 0.622559
vt 0.285400 0.626465
vt 0.290527 0.582520
vt 0.292480 0.575684
vt 0.312012 0.573242
vt 0.301270 0.640137
vt 0.288818 0.643555
vt 0.302734 0.660156
vt 0.288818 0.660645
vt 0.279541 0.682129
vt 0.301270 0.683105
vt 0.331299 0.680176
vt 0.298096 0.591797
vt 0.304443 0.615234
vt 0.323975 0.653809
vt 0.363281 0.673340
vt 0.313721 0.631836
vt 0.305176 0.600098
vt 0.304199 0.583008
vt 0.343262 0.639648
vt 0.322021 0.605957
vt 0.315186 0.594238
vt 0.325928 0.584473
vt 0.331787 0.621094
vt 0.367920 0.647461
vt 0.391357 0.664551
vt 0.357178 0.627930
vt 0.335938 0.595703
vt 0.333740 0.574219
vt 0.350830 0.582520
vt 0.347412 0.610840
vt 0.362061 0.599121
vt 0.384033 0.640137
vt 0.374023 0.618652
vt 0.399902 0.629395
vt 0.412842 0.653320
vt 0.427734 0.645020
vt 0.414551 0.621582
vt 0.387695 0.608398
vt 0.171875 0.487061
vt 0.183838 0.485596
vt 0.175903 0.493652
vt 0.184937 0.495361
vt 0.171265 0.500977
vt 0.195801 0.484375
vt 0.179932 0.504395
vt 0.172974 0.513672
vt 0.187500 0.511230
vt 0.177002 0.522461
vt 0.197021 0.497070
vt 0.208008 0.484131
vt 0.186646 0.503418
vt 0.197144 0.504883
vt 0.204834 0.507812
vt 0.194824 0.508789
vt 0.208008 0.503906
vt 0.221558 0.484131
vt 0.209351 0.516113
vt 0.224121 0.504395
vt 0.214722 0.516113
vt 0.209839 0.520020
vt 0.226929 0.524414
vt 0.214355 0.529297
vt 0.212646 0.541992
vt 0.205444 0.518066
vt 0.231567 0.544434
vt 0.199463 0.520020
vt 0.200317 0.513184
vt 0.200317 0.528320
vt 0.190063 0.528809
vt 0.175537 0.532227
vt 0.199585 0.541504
vt 0.187622 0.541992
vt 0.177490 0.541504
vt 0.177856 0.547363
vt 0.186646 0.552246
vt 0.176392 0.552734
vt 0.199097 0.552246
vt 0.186035 0.559570
vt 0.174316 0.559570
vt 0.186401 0.566895
vt 0.174561 0.569336
vt 0.196533 0.560547
vt 0.210205 0.553711
vt 0.185913 0.574707
vt 0.172607 0.577637
vt 0.172852 0.583984
vt 0.195557 0.573730
vt 0.187256 0.582031
vt 0.187744 0.589355
vt 0.176025 0.591797
vt 0.177612 0.599609
vt 0.221313 0.560547
vt 0.208008 0.562012
vt 0.197876 0.587402
vt 0.189331 0.602051
vt 0.180176 0.606445
vt 0.216309 0.564453
vt 0.209351 0.573730
vt 0.228760 0.570801
vt 0.240601 0.562988
vt 0.246948 0.582031
vt 0.220581 0.575684
vt 0.234375 0.586426
vt 0.250488 0.594727
vt 0.210327 0.586426
vt 0.222778 0.586914
vt 0.222168 0.596680
vt 0.209351 0.599121
vt 0.234741 0.597168
vt 0.200073 0.599609
vt 0.208862 0.612793
vt 0.200562 0.611328
vt 0.215576 0.604980
vt 0.222900 0.604492
vt 0.189941 0.613770
vt 0.182617 0.619141
vt 0.241699 0.602539
vt 0.235229 0.606934
vt 0.246094 0.601562
vt 0.255615 0.608887
vt 0.240479 0.608887
vt 0.238892 0.615723
vt 0.247559 0.609375
vt 0.230957 0.612793
vt 0.251221 0.622070
vt 0.265137 0.614258
vt 0.222656 0.611328
vt 0.227051 0.618164
vt 0.245117 0.619141
vt 0.257568 0.625977
vt 0.272217 0.621582
vt 0.263672 0.631836
vt 0.272949 0.633789
vt 0.251953 0.634277
vt 0.215942 0.610840
vt 0.217407 0.615234
vt 0.221680 0.617188
vt 0.246948 0.630859
vt 0.262939 0.645020
vt 0.271484 0.647461
vt 0.266113 0.665527
vt 0.214111 0.617188
vt 0.258057 0.644531
vt 0.255859 0.658691
vt 0.247925 0.675293
vt 0.258789 0.679688
vt 0.243286 0.687500
vt 0.251221 0.692871
vt 0.236450 0.706543
vt 0.250488 0.655273
vt 0.256592 0.639648
vt 0.247192 0.650879
vt 0.241333 0.670410
vt 0.242432 0.645996
vt 0.235962 0.663086
vt 0.231201 0.655273
vt 0.232178 0.697266
vt 0.219971 0.710938
vt 0.214355 0.701660
vt 0.210938 0.712891
vt 0.229614 0.692383
vt 0.206543 0.704590
vt 0.197144 0.717773
vt 0.238403 0.684570
vt 0.228638 0.671387
vt 0.232300 0.679688
vt 0.214478 0.695801
vt 0.222412 0.686035
vt 0.199829 0.708008
vt 0.187988 0.718262
vt 0.192139 0.702637
vt 0.201294 0.702637
vt 0.205811 0.698730
vt 0.205444 0.691895
vt 0.216675 0.677734
vt 0.213379 0.667969
vt 0.205200 0.684082
vt 0.199097 0.698730
vt 0.195923 0.692871
vt 0.197754 0.676270
vt 0.223999 0.661133
vt 0.219971 0.651367
vt 0.188477 0.695801
vt 0.204102 0.671387
vt 0.204346 0.661621
vt 0.227661 0.650391
vt 0.210938 0.658691
vt 0.213501 0.644531
vt 0.236694 0.645996
vt 0.227539 0.645020
vt 0.221802 0.641113
vt 0.241577 0.639648
vt 0.238281 0.636719
vt 0.233032 0.642090
vt 0.241455 0.628418
vt 0.229980 0.639160
vt 0.235107 0.634277
vt 0.237183 0.626953
vt 0.230591 0.621094
vt 0.224854 0.622070
vt 0.223145 0.635254
vt 0.226440 0.635254
vt 0.230225 0.631836
vt 0.232422 0.626953
vt 0.228149 0.630859
vt 0.229004 0.626953
vt 0.227539 0.623535
vt 0.216309 0.639648
vt 0.224487 0.623047
vt 0.226562 0.624512
vt 0.227905 0.626953
vt 0.227417 0.630371
vt 0.222046 0.622559
vt 0.225708 0.631836
vt 0.221802 0.621582
vt 0.220093 0.623535
vt 0.225830 0.632812
vt 0.223755 0.632324
vt 0.223633 0.633301
vt 0.220947 0.632324
vt 0.221191 0.631836
vt 0.216675 0.619141
vt 0.219116 0.622559
vt 0.218018 0.625488
vt 0.219604 0.625977
vt 0.210693 0.623047
vt 0.219727 0.635254
vt 0.219116 0.630859
vt 0.220215 0.630371
vt 0.215454 0.633301
vt 0.217896 0.628418
vt 0.219482 0.627930
vt 0.214355 0.629395
vt 0.210571 0.636230
vt 0.214111 0.624512
vt 0.210938 0.630371
vt 0.206055 0.621582
vt 0.206787 0.629395
vt 0.200928 0.620117
vt 0.207031 0.637207
vt 0.195190 0.622559
vt 0.202881 0.630371
vt 0.201416 0.639160
vt 0.187622 0.621582
vt 0.184814 0.629883
vt 0.197144 0.631348
vt 0.190430 0.625000
vt 0.190796 0.629883
vt 0.197754 0.640137
vt 0.207520 0.647949
vt 0.202271 0.650391
vt 0.192749 0.642090
vt 0.196655 0.652344
vt 0.187256 0.654785
vt 0.198608 0.663574
vt 0.189331 0.666504
vt 0.178467 0.657227
vt 0.189087 0.679688
vt 0.177856 0.667969
vt 0.178711 0.682129
vt 0.179443 0.700684
vt 0.172119 0.682129
vt 0.182861 0.709961
vt 0.176514 0.727051
vt 0.173340 0.702148
vt 0.171509 0.668457
vt 0.171997 0.721680
vt 0.165894 0.682129
vt 0.158569 0.734375
vt 0.157104 0.742188
vt 0.142822 0.751465
vt 0.167480 0.703613
vt 0.166504 0.720703
vt 0.161133 0.728516
vt 0.163696 0.704102
vt 0.164795 0.719727
vt 0.139893 0.744141
vt 0.120117 0.750488
vt 0.119263 0.761230
vt 0.099426 0.764648
vt 0.097290 0.749023
vt 0.156982 0.729492
vt 0.159668 0.727051
vt 0.162842 0.719238
vt 0.159058 0.719727
vt 0.141846 0.737793
vt 0.160889 0.704102
vt 0.141968 0.731445
vt 0.159668 0.681152
vt 0.165527 0.667480
vt 0.165161 0.653809
vt 0.157349 0.665527
vt 0.153809 0.681641
vt 0.155273 0.703125
vt 0.146729 0.715820
vt 0.172974 0.655762
vt 0.149048 0.665039
vt 0.155762 0.651367
vt 0.167725 0.640625
vt 0.170898 0.649902
vt 0.173828 0.651367
vt 0.172363 0.644531
vt 0.176270 0.637207
vt 0.174438 0.647461
vt 0.175781 0.643066
vt 0.179810 0.644043
vt 0.179077 0.648438
vt 0.178589 0.652344
vt 0.182739 0.650879
vt 0.183472 0.645996
vt 0.182617 0.637695
vt 0.188110 0.643555
vt 0.179199 0.629395
vt 0.176514 0.618164
vt 0.174072 0.627930
vt 0.171265 0.622559
vt 0.168945 0.628418
vt 0.164307 0.623535
vt 0.165527 0.634766
vt 0.162109 0.627441
vt 0.157227 0.620117
vt 0.159302 0.634277
vt 0.153931 0.625488
vt 0.149292 0.616211
vt 0.156616 0.641113
vt 0.151733 0.630859
vt 0.146362 0.625000
vt 0.145386 0.649414
vt 0.144043 0.635742
vt 0.141846 0.614746
vt 0.147461 0.607910
vt 0.138916 0.649414
vt 0.140381 0.625488
vt 0.139771 0.604492
vt 0.147583 0.604492
vt 0.148071 0.596680
vt 0.145508 0.665527
vt 0.136963 0.638672
vt 0.130371 0.639160
vt 0.129395 0.627930
vt 0.129150 0.614258
vt 0.138306 0.596680
vt 0.146851 0.590820
vt 0.149780 0.684082
vt 0.132935 0.652832
vt 0.138672 0.670410
vt 0.142822 0.688477
vt 0.128418 0.603516
vt 0.136597 0.587402
vt 0.146851 0.584961
vt 0.146851 0.579102
vt 0.147339 0.705078
vt 0.130859 0.712402
vt 0.124817 0.594238
vt 0.137329 0.570801
vt 0.148315 0.573730
vt 0.148926 0.567871
vt 0.139771 0.721680
vt 0.125732 0.723145
vt 0.123230 0.583008
vt 0.141357 0.559082
vt 0.148315 0.558594
vt 0.153198 0.551270
vt 0.123535 0.732910
vt 0.123779 0.568848
vt 0.121704 0.739258
vt 0.103455 0.735352
vt 0.108887 0.726562
vt 0.093994 0.714844
vt 0.085327 0.722168
vt 0.073608 0.736328
vt 0.055115 0.720703
vt 0.113464 0.714844
vt 0.070435 0.707520
vt 0.062927 0.695312
vt 0.046600 0.713379
vt 0.079224 0.691895
vt 0.049225 0.691406
vt 0.038208 0.702148
vt 0.031891 0.687012
vt 0.044891 0.678711
vt 0.026871 0.672852
vt 0.032684 0.658691
vt 0.039032 0.640625
vt 0.053284 0.671875
vt 0.056976 0.640625
vt 0.042206 0.615723
vt 0.073669 0.677246
vt 0.088806 0.682129
vt 0.063416 0.659180
vt 0.078308 0.653320
vt 0.099792 0.699707
vt 0.084900 0.667480
vt 0.098206 0.675293
vt 0.120789 0.696777
vt 0.113953 0.685547
vt 0.132202 0.692871
vt 0.128784 0.676270
vt 0.094299 0.662109
vt 0.108765 0.668457
vt 0.121582 0.660156
vt 0.104065 0.653809
vt 0.091003 0.647949
vt 0.122192 0.642090
vt 0.113037 0.646973
vt 0.118225 0.628418
vt 0.099915 0.639648
vt 0.108948 0.631348
vt 0.116150 0.615723
vt 0.104248 0.614258
vt 0.117371 0.604980
vt 0.110107 0.594727
vt 0.085327 0.601562
vt 0.096313 0.625977
vt 0.100952 0.580566
vt 0.088074 0.630859
vt 0.074768 0.640137
vt 0.074707 0.623047
vt 0.061829 0.620605
vt 0.072754 0.596680
vt 0.054382 0.591309
vt 0.085205 0.575684
vt 0.071838 0.563477
vt 0.109680 0.562988
vt 0.096436 0.557129
vt 0.084656 0.550781
vt 0.074951 0.543945
vt 0.095947 0.536621
vt 0.087219 0.530762
vt 0.099426 0.517090
vt 0.106140 0.541992
vt 0.108398 0.524414
vt 0.108582 0.508301
vt 0.117920 0.546875
vt 0.116760 0.515625
vt 0.119812 0.500000
vt 0.116028 0.528809
vt 0.132202 0.550781
vt 0.144287 0.550293
vt 0.140747 0.537109
vt 0.147705 0.540039
vt 0.155029 0.541992
vt 0.123840 0.532715
vt 0.153564 0.531738
vt 0.162109 0.532227
vt 0.123169 0.520508
vt 0.131226 0.522949
vt 0.145020 0.526855
vt 0.155396 0.523438
vt 0.163940 0.525391
vt 0.138794 0.516602
vt 0.136230 0.510742
vt 0.149048 0.515137
vt 0.157715 0.516602
vt 0.166016 0.519043
vt 0.149048 0.506348
vt 0.159180 0.506836
vt 0.167236 0.507812
vt 0.167969 0.498779
vt 0.159668 0.498779
vt 0.166626 0.486816
vt 0.158813 0.487305
vt 0.148438 0.499268
vt 0.146973 0.488525
vt 0.134766 0.492676
vt 0.137573 0.502441
vt 0.126221 0.509277
vt 0.553223 0.254150
vt 0.561523 0.246338
vt 0.558105 0.257324
vt 0.566895 0.246094
vt 0.568848 0.261475
vt 0.563477 0.236206
vt 0.574707 0.247070
vt 0.580566 0.262451
vt 0.568848 0.235962
vt 0.584473 0.247437
vt 0.610840 0.258789
vt 0.563965 0.223511
vt 0.560059 0.225098
vt 0.575684 0.234863
vt 0.613281 0.245850
vt 0.631836 0.255859
vt 0.644043 0.249146
vt 0.572754 0.221558
vt 0.555664 0.215576
vt 0.551758 0.217407
vt 0.584961 0.233521
vt 0.549805 0.207764
vt 0.545410 0.211792
vt 0.560059 0.201294
vt 0.565430 0.210815
vt 0.575684 0.197998
vt 0.581543 0.219604
vt 0.577148 0.206909
vt 0.604980 0.202271
vt 0.603516 0.192261
vt 0.608887 0.215332
vt 0.627930 0.196655
vt 0.625977 0.185059
vt 0.639648 0.182495
vt 0.611328 0.230103
vt 0.646973 0.191528
vt 0.647461 0.178711
vt 0.631836 0.210815
vt 0.635742 0.226440
vt 0.652832 0.204346
vt 0.671387 0.195557
vt 0.657715 0.187866
vt 0.658203 0.220337
vt 0.658691 0.180542
vt 0.674805 0.172852
vt 0.650391 0.171265
vt 0.643555 0.174072
vt 0.635254 0.164185
vt 0.665039 0.165894
vt 0.644043 0.163330
vt 0.638672 0.160034
vt 0.650391 0.158081
vt 0.653809 0.160400
vt 0.655762 0.152344
vt 0.651855 0.152466
vt 0.646973 0.145874
vt 0.664062 0.152954
vt 0.676758 0.154053
vt 0.651367 0.142456
vt 0.662598 0.140259
vt 0.637695 0.133667
vt 0.622559 0.141602
vt 0.657227 0.127930
vt 0.675293 0.126953
vt 0.677734 0.139526
vt 0.697266 0.137939
vt 0.699219 0.125244
vt 0.728027 0.127197
vt 0.724609 0.140991
vt 0.694824 0.156738
vt 0.722656 0.158325
vt 0.728516 0.173218
vt 0.699219 0.175903
vt 0.708008 0.194824
vt 0.736816 0.187500
vt 0.720703 0.221069
vt 0.750000 0.210449
vt 0.729004 0.245117
vt 0.757812 0.230469
vt 0.696777 0.214355
vt 0.677246 0.214966
vt 0.705078 0.224854
vt 0.668457 0.239136
vt 0.710449 0.236328
vt 0.686523 0.231689
vt 0.694824 0.245972
vt 0.678711 0.253906
vt 0.702148 0.258545
vt 0.658691 0.264648
vt 0.685547 0.266113
vt 0.664062 0.276855
vt 0.640625 0.275146
vt 0.641113 0.284912
vt 0.632324 0.266113
vt 0.625977 0.264404
vt 0.625488 0.282959
vt 0.620117 0.275146
vt 0.613770 0.271729
vt 0.614746 0.278809
vt 0.608398 0.275635
vt 0.610840 0.282715
vt 0.604980 0.280518
vt 0.619141 0.285645
vt 0.625977 0.290039
vt 0.608887 0.284668
vt 0.603516 0.284180
vt 0.614746 0.287842
vt 0.612305 0.288574
vt 0.620117 0.292236
vt 0.613770 0.293213
vt 0.611328 0.292725
vt 0.606445 0.296143
vt 0.642578 0.294189
vt 0.625000 0.297607
vt 0.617676 0.297852
vt 0.609863 0.297852
vt 0.602539 0.299316
vt 0.668945 0.288086
vt 0.643555 0.304688
vt 0.625000 0.305908
vt 0.614746 0.304688
vt 0.606445 0.302734
vt 0.601562 0.311523
vt 0.596680 0.309326
vt 0.611816 0.313721
vt 0.602539 0.320801
vt 0.594238 0.319092
vt 0.596191 0.331543
vt 0.604492 0.332275
vt 0.612793 0.322998
vt 0.614258 0.333252
vt 0.624512 0.315430
vt 0.623047 0.324951
vt 0.622559 0.334473
vt 0.643066 0.317139
vt 0.641113 0.329346
vt 0.635742 0.340332
vt 0.652344 0.340088
vt 0.638184 0.346191
vt 0.643066 0.356445
vt 0.656738 0.315918
vt 0.651367 0.357422
vt 0.633301 0.378418
vt 0.671387 0.300293
vt 0.642090 0.382080
vt 0.626953 0.387207
vt 0.637207 0.395996
vt 0.648438 0.400635
vt 0.622559 0.396484
vt 0.632812 0.405029
vt 0.621582 0.402344
vt 0.629395 0.408447
vt 0.641602 0.410645
vt 0.636719 0.416504
vt 0.647461 0.420654
vt 0.653320 0.416504
vt 0.660156 0.406494
vt 0.665039 0.392578
vt 0.655273 0.387207
vt 0.666016 0.364258
vt 0.675293 0.371338
vt 0.672852 0.354248
vt 0.687012 0.358887
vt 0.673340 0.330078
vt 0.680176 0.347412
vt 0.689941 0.349365
vt 0.695801 0.358154
vt 0.670898 0.312988
vt 0.686523 0.342285
vt 0.700195 0.339111
vt 0.697266 0.352295
vt 0.700684 0.359863
vt 0.682617 0.325928
vt 0.680176 0.310547
vt 0.708008 0.354736
vt 0.679688 0.297119
vt 0.698242 0.322510
vt 0.715332 0.319336
vt 0.695801 0.306152
vt 0.708496 0.366943
vt 0.702148 0.364014
vt 0.714355 0.338867
vt 0.720215 0.354980
vt 0.678223 0.285400
vt 0.691895 0.280029
vt 0.694336 0.291748
vt 0.708984 0.274902
vt 0.713379 0.300293
vt 0.711426 0.287109
vt 0.730957 0.295166
vt 0.727539 0.282227
vt 0.747070 0.282227
vt 0.737305 0.264893
vt 0.758301 0.248535
vt 0.768066 0.243774
vt 0.772949 0.253418
vt 0.758789 0.257324
vt 0.762207 0.264404
vt 0.773926 0.263916
vt 0.772949 0.276611
vt 0.773926 0.289062
vt 0.750000 0.303467
vt 0.776367 0.302246
vt 0.733398 0.316406
vt 0.751953 0.320068
vt 0.726074 0.337158
vt 0.763184 0.332275
vt 0.781250 0.315186
vt 0.788574 0.332520
vt 0.769043 0.354248
vt 0.755371 0.343994
vt 0.743652 0.363525
vt 0.753906 0.372314
vt 0.742676 0.383545
vt 0.742188 0.338135
vt 0.733398 0.356934
vt 0.732910 0.380127
vt 0.729492 0.394287
vt 0.726074 0.373291
vt 0.719727 0.389404
vt 0.717773 0.397705
vt 0.707031 0.384521
vt 0.703613 0.392822
vt 0.688965 0.385498
vt 0.696289 0.378662
vt 0.717773 0.381104
vt 0.716309 0.369873
vt 0.710938 0.378418
vt 0.704590 0.375000
vt 0.598145 0.499268
vt 0.622070 0.497559
vt 0.619629 0.513672
vt 0.593750 0.518066
vt 0.566895 0.498047
vt 0.591797 0.531738
vt 0.619141 0.525879
vt 0.619141 0.538574
vt 0.562500 0.514160
vt 0.532227 0.490723
vt 0.559082 0.529785
vt 0.526855 0.509277
vt 0.495605 0.481201
vt 0.592285 0.544434
vt 0.618164 0.550293
vt 0.489502 0.506348
vt 0.461426 0.483643
vt 0.558105 0.546387
vt 0.593750 0.560059
vt 0.522949 0.526855
vt 0.458008 0.503418
vt 0.430664 0.480957
vt 0.425781 0.497559
vt 0.520996 0.544922
vt 0.485596 0.524414
vt 0.453369 0.521484
vt 0.420410 0.518066
vt 0.484131 0.543945
vt 0.447266 0.546387
vt 0.416016 0.539551
vt 0.560059 0.562500
vt 0.594727 0.575195
vt 0.521973 0.564453
vt 0.431885 0.559082
vt 0.415283 0.557617
vt 0.414795 0.574219
vt 0.482178 0.567871
vt 0.451416 0.572754
vt 0.433105 0.573242
vt 0.433838 0.587891
vt 0.416992 0.591797
vt 0.419922 0.610840
vt 0.451416 0.597656
vt 0.424561 0.629883
vt 0.486328 0.590332
vt 0.457764 0.621094
vt 0.434570 0.653320
vt 0.525391 0.583496
vt 0.491211 0.613281
vt 0.467041 0.643555
vt 0.561035 0.578125
vt 0.475830 0.665527
vt 0.444336 0.674805
vt 0.499268 0.636719
vt 0.530273 0.606445
vt 0.481445 0.685547
vt 0.451416 0.691895
vt 0.566895 0.600586
vt 0.507324 0.658203
vt 0.537109 0.628906
vt 0.484375 0.702637
vt 0.455566 0.705566
vt 0.485840 0.708984
vt 0.455811 0.716309
vt 0.457031 0.727051
vt 0.505859 0.697754
vt 0.513184 0.679688
vt 0.486328 0.718262
vt 0.458984 0.737793
vt 0.487549 0.726562
vt 0.518555 0.712402
vt 0.508789 0.708496
vt 0.508789 0.703125
vt 0.517578 0.700684
vt 0.555664 0.705566
vt 0.553711 0.689453
vt 0.590332 0.697754
vt 0.549805 0.670898
vt 0.589355 0.681152
vt 0.621094 0.693359
vt 0.543945 0.650391
vt 0.585449 0.663086
vt 0.621582 0.681641
vt 0.645020 0.694336
vt 0.646973 0.682129
vt 0.621582 0.669434
vt 0.649414 0.666992
vt 0.619629 0.655762
vt 0.646484 0.652344
vt 0.642090 0.637207
vt 0.573242 0.622559
vt 0.580078 0.643555
vt 0.614746 0.638672
vt 0.634766 0.613770
vt 0.607910 0.617676
vt 0.630859 0.594238
vt 0.601562 0.594727
vt 0.611328 0.581543
vt 0.623047 0.580566
vt 0.608398 0.574219
vt 0.619629 0.571289
vt 0.618652 0.561523
vt 0.608398 0.565430
vt 0.979492 0.417236
vt 0.992188 0.419922
vt 0.992188 0.427490
vt 0.980469 0.423584
vt 0.986816 0.437012
vt 0.994141 0.437012
vt 0.994141 0.446533
vt 0.969238 0.419189
vt 0.962891 0.415283
vt 0.980469 0.441650
vt 0.973145 0.430664
vt 0.986816 0.452637
vt 0.978516 0.453613
vt 0.977539 0.427734
vt 0.973145 0.443115
vt 0.970215 0.449463
vt 0.964844 0.447021
vt 0.966797 0.421387
vt 0.963867 0.421387
vt 0.958496 0.430420
vt 0.969727 0.432373
vt 0.964355 0.431641
vt 0.957520 0.443115
vt 0.442871 0.153809
vt 0.441162 0.164795
vt 0.429688 0.168579
vt 0.427979 0.161133
vt 0.427490 0.155396
vt 0.445557 0.136353
vt 0.415771 0.171631
vt 0.439697 0.129639
vt 0.415527 0.167969
vt 0.409424 0.168579
vt 0.414795 0.162476
vt 0.409424 0.163696
vt 0.419189 0.147705
vt 0.404785 0.163330
vt 0.405273 0.149536
vt 0.413330 0.147705
vt 0.405273 0.137329
vt 0.415771 0.132568
vt 0.431152 0.125610
vt 0.428711 0.144775
vt 0.419922 0.155884
vt 0.852051 0.785645
vt 0.856934 0.789062
vt 0.849609 0.795410
vt 0.843750 0.786621
vt 0.834473 0.801758
vt 0.850586 0.781738
vt 0.833984 0.788086
vt 0.817871 0.784180
vt 0.838867 0.778809
vt 0.849609 0.776367
vt 0.847656 0.770508
vt 0.833496 0.779785
vt 0.836914 0.773926
vt 0.845215 0.765625
vt 0.842285 0.763184
vt 0.830566 0.774414
vt 0.833984 0.770020
vt 0.839355 0.759766
vt 0.836914 0.757324
vt 0.828613 0.765137
vt 0.825684 0.770020
vt 0.819336 0.767090
vt 0.804688 0.764160
vt 0.812988 0.749023
vt 0.823730 0.762695
vt 0.833496 0.753906
vt 0.830566 0.750488
vt 0.826172 0.747070
vt 0.823242 0.744141
vt 0.243164 0.526367
vt 0.240967 0.525879
vt 0.243408 0.522949
vt 0.237061 0.527344
vt 0.241699 0.531738
vt 0.237061 0.531250
vt 0.239624 0.536621
vt 0.237427 0.536621
vt 0.239868 0.544922
vt 0.232422 0.532227
vt 0.234863 0.537598
vt 0.233643 0.538574
vt 0.230225 0.532715
vt 0.230591 0.525879
vt 0.231934 0.525879
vt 0.233276 0.525391
vt 0.230957 0.522461
vt 0.899414 0.032440
vt 0.902344 0.026260
vt 0.900879 0.034363
vt 0.904297 0.025848
vt 0.915527 0.033356
vt 0.900391 0.021378
vt 0.917969 0.022293
vt 0.930664 0.027878
vt 0.902832 0.020798
vt 0.898926 0.014999
vt 0.897461 0.017059
vt 0.916504 0.015732
vt 0.911621 0.007465
vt 0.923340 0.002836
vt 0.929688 0.017929
vt 0.937988 0.018326
vt 0.939453 0.025620
vt 0.951172 0.023346
vt 0.927734 0.011673
vt 0.936035 0.011406
vt 0.935059 0.000866
vt 0.952637 0.003471
vt 0.952637 0.010269
vt 0.968262 0.004768
vt 0.952637 0.017242
vt 0.961914 0.023346
vt 0.967773 0.011391
vt 0.965820 0.018219
vt 0.981445 0.022400
vt 0.967773 0.025284
vt 0.980957 0.028076
vt 0.966797 0.026001
vt 0.961914 0.028305
vt 0.982422 0.015106
vt 0.981445 0.006737
vt 0.990723 0.012589
vt 0.998535 0.004223
vt 0.998535 0.011810
vt 0.989746 0.017990
vt 0.998535 0.018845
vt 0.998535 0.026505
vt 0.988281 0.025589
vt 0.989746 0.033569
vt 0.998535 0.034058
vt 0.998535 0.040710
vt 0.991211 0.039185
vt 0.981445 0.044373
vt 0.998535 0.047607
vt 0.998535 0.054535
vt 0.981934 0.035889
vt 0.964844 0.034698
vt 0.966309 0.040436
vt 0.954590 0.037292
vt 0.953125 0.030579
vt 0.943359 0.031464
vt 0.945801 0.039093
vt 0.934082 0.032654
vt 0.954590 0.042267
vt 0.934570 0.041077
vt 0.925293 0.035950
vt 0.966797 0.047241
vt 0.967285 0.057312
vt 0.945801 0.043732
vt 0.955566 0.048553
vt 0.946777 0.049377
vt 0.926758 0.042877
vt 0.916016 0.037689
vt 0.935547 0.045807
vt 0.928223 0.047913
vt 0.980469 0.055359
vt 0.980957 0.067810
vt 0.998535 0.063965
vt 0.998535 0.072998
vt 0.937012 0.051147
vt 0.984375 0.076355
vt 0.998535 0.082214
vt 0.938477 0.059631
vt 0.930176 0.053406
vt 0.947266 0.058441
vt 0.939453 0.069763
vt 0.931641 0.061249
vt 0.922852 0.056335
vt 0.955566 0.058044
vt 0.958008 0.067688
vt 0.949219 0.068604
vt 0.920898 0.050446
vt 0.966797 0.066772
vt 0.966309 0.076416
vt 0.971680 0.077637
vt 0.958008 0.077820
vt 0.950684 0.080566
vt 0.942871 0.080444
vt 0.935547 0.080078
vt 0.972656 0.079590
vt 0.933105 0.070923
vt 0.927734 0.081055
vt 0.984863 0.085266
vt 0.927246 0.071960
vt 0.917969 0.081299
vt 0.924805 0.063354
vt 0.916016 0.072754
vt 0.908691 0.079346
vt 0.914062 0.058960
vt 0.916016 0.065552
vt 0.907715 0.073059
vt 0.904785 0.078247
vt 0.905762 0.073486
vt 0.905273 0.067566
vt 0.908691 0.067200
vt 0.904297 0.062012
vt 0.906738 0.061005
vt 0.911133 0.054230
vt 0.904297 0.057068
vt 0.902832 0.057312
vt 0.899902 0.052643
vt 0.902344 0.051086
vt 0.917969 0.044739
vt 0.908691 0.047516
vt 0.902832 0.038544
vt 0.893555 0.045288
vt 0.892578 0.049500
vt 0.925781 0.096497
vt 0.922363 0.093567
vt 0.927246 0.092346
vt 0.931152 0.094299
vt 0.931152 0.088684
vt 0.928223 0.099792
vt 0.935547 0.092529
vt 0.936035 0.085938
vt 0.938477 0.093689
vt 0.941406 0.086426
vt 0.945312 0.088562
vt 0.931641 0.098999
vt 0.931152 0.104858
vt 0.935059 0.097595
vt 0.933105 0.103210
vt 0.934082 0.106750
vt 0.934082 0.102966
vt 0.935547 0.103027
vt 0.937012 0.098267
vt 0.936035 0.103821
vt 0.936523 0.105042
vt 0.940918 0.101379
vt 0.938477 0.099243
vt 0.943848 0.098145
vt 0.940918 0.095093
vt 0.946777 0.094360
vt 0.999023 0.391357
vt 0.996582 0.409668
vt 0.980957 0.408447
vt 0.982422 0.387207
vt 0.968750 0.404053
vt 0.998535 0.375000
vt 0.965820 0.388428
vt 0.980469 0.374268
vt 0.952637 0.395752
vt 0.958496 0.405273
vt 0.979492 0.361816
vt 0.999023 0.365723
vt 0.960938 0.377930
vt 0.941895 0.402832
vt 0.947754 0.411377
vt 0.940430 0.383545
vt 0.930664 0.408691
vt 0.936035 0.415527
vt 0.933594 0.394043
vt 0.924316 0.404053
vt 0.922363 0.407959
vt 0.928223 0.410889
vt 0.932617 0.415527
vt 0.948242 0.365967
vt 0.916504 0.370361
vt 0.917969 0.383545
vt 0.898926 0.372070
vt 0.898926 0.383301
vt 0.879395 0.376953
vt 0.973145 0.348145
vt 0.947754 0.351562
vt 0.914551 0.355713
vt 0.987305 0.354492
vt 0.997559 0.354248
vt 0.997070 0.343750
vt 0.985352 0.346436
vt 0.984375 0.337891
vt 0.993652 0.333740
vt 0.990234 0.323242
vt 0.973145 0.332520
vt 0.965332 0.316650
vt 0.983398 0.310791
vt 0.945312 0.336182
vt 0.958984 0.299561
vt 0.975586 0.294189
vt 0.911133 0.340820
vt 0.939453 0.320557
vt 0.952148 0.280273
vt 0.967285 0.276367
vt 0.964355 0.260498
vt 0.949707 0.260742
vt 0.932129 0.260254
vt 0.965820 0.246704
vt 0.952148 0.242554
vt 0.970703 0.236206
vt 0.935547 0.283203
vt 0.934570 0.301270
vt 0.906738 0.326416
vt 0.958984 0.227661
vt 0.981934 0.226074
vt 0.936035 0.238281
vt 0.943848 0.217651
vt 0.973145 0.214966
vt 1.000000 0.216919
vt 1.000000 0.204102
vt 0.892578 0.343506
vt 0.960938 0.203613
vt 0.896973 0.359131
vt 0.887695 0.370117
vt 0.882812 0.362549
vt 0.871094 0.364990
vt 0.865234 0.382568
vt 0.856445 0.372070
vt 0.852051 0.390869
vt 0.848145 0.375732
vt 0.838379 0.364746
vt 0.850586 0.360840
vt 0.867188 0.352295
vt 0.841797 0.344727
vt 0.861328 0.333984
vt 0.828613 0.355225
vt 0.820801 0.348877
vt 0.880859 0.352783
vt 0.885742 0.334961
vt 0.833984 0.335449
vt 0.881348 0.314697
vt 0.823242 0.329590
vt 0.816406 0.343262
vt 0.902832 0.307617
vt 0.918945 0.285400
vt 0.809082 0.324707
vt 0.800293 0.334717
vt 0.899414 0.287842
vt 0.916016 0.269043
vt 0.895996 0.273438
vt 0.878906 0.291016
vt 0.795410 0.319336
vt 0.787109 0.325928
vt 0.792480 0.317383
vt 0.785645 0.319580
vt 0.797852 0.313232
vt 0.801758 0.312256
vt 0.872070 0.308105
vt 0.814941 0.311768
vt 0.801270 0.306396
vt 0.798340 0.306885
vt 0.795898 0.301025
vt 0.814453 0.303223
vt 0.833496 0.312500
vt 0.856445 0.315918
vt 0.833008 0.298584
vt 0.864746 0.310059
vt 0.869629 0.293213
vt 0.861328 0.294189
vt 0.852539 0.295166
vt 0.826660 0.286865
vt 0.809570 0.295654
vt 0.859863 0.283691
vt 0.867676 0.283447
vt 0.845703 0.276367
vt 0.872559 0.276611
vt 0.797852 0.299072
vt 0.787598 0.294678
vt 0.786133 0.298828
vt 0.797363 0.287354
vt 0.777344 0.294434
vt 0.778809 0.300049
vt 0.784180 0.281250
vt 0.790039 0.271484
vt 0.808594 0.279053
vt 0.794434 0.267822
vt 0.817383 0.270020
vt 0.818848 0.264893
vt 0.795410 0.264404
vt 0.846191 0.262451
vt 0.841309 0.249146
vt 0.813965 0.254395
vt 0.794434 0.258301
vt 0.803223 0.240845
vt 0.786621 0.243530
vt 0.818848 0.231079
vt 0.788574 0.229980
vt 0.775391 0.234985
vt 0.797852 0.220337
vt 0.778320 0.217896
vt 0.766113 0.218384
vt 0.785645 0.212769
vt 0.774414 0.213135
vt 0.767090 0.212280
vt 0.782227 0.211182
vt 0.802246 0.210938
vt 0.788574 0.206055
vt 0.785645 0.205688
vt 0.786621 0.198486
vt 0.824707 0.215088
vt 0.802734 0.199585
vt 0.789551 0.197998
vt 0.845215 0.219238
vt 0.783203 0.189941
vt 0.780762 0.192627
vt 0.773926 0.184937
vt 0.771484 0.190796
vt 0.787109 0.174683
vt 0.794922 0.184814
vt 0.803223 0.169434
vt 0.812988 0.182739
vt 0.818359 0.158691
vt 0.823730 0.200073
vt 0.854004 0.196899
vt 0.833496 0.175415
vt 0.825195 0.155762
vt 0.842773 0.164551
vt 0.823730 0.152100
vt 0.864746 0.180542
vt 0.869629 0.171387
vt 0.843750 0.158691
vt 0.842285 0.147095
vt 0.822266 0.145752
vt 0.858398 0.149658
vt 0.834473 0.134033
vt 0.821289 0.140137
vt 0.821777 0.128418
vt 0.845703 0.132812
vt 0.832031 0.123474
vt 0.823242 0.120483
vt 0.832031 0.119507
vt 0.826660 0.115967
vt 0.837891 0.120117
vt 0.839355 0.122925
vt 0.843750 0.118042
vt 0.841309 0.116882
vt 0.843750 0.112366
vt 0.853516 0.128052
vt 0.867676 0.141724
vt 0.879883 0.151978
vt 0.872559 0.131470
vt 0.886230 0.132446
vt 0.857910 0.120605
vt 0.846680 0.114014
vt 0.860352 0.107239
vt 0.846191 0.105347
vt 0.843750 0.105591
vt 0.842773 0.096924
vt 0.839355 0.100769
vt 0.854004 0.093262
vt 0.862793 0.092834
vt 0.871582 0.091675
vt 0.874023 0.109192
vt 0.885254 0.108887
vt 0.884766 0.091492
vt 0.903320 0.094238
vt 0.898926 0.086670
vt 0.910645 0.081604
vt 0.918945 0.093140
vt 0.895996 0.110535
vt 0.914062 0.100891
vt 0.928711 0.104004
vt 0.904785 0.104553
vt 0.920898 0.109375
vt 0.934082 0.122742
vt 0.909180 0.114624
vt 0.924316 0.119812
vt 0.923828 0.133667
vt 0.948242 0.134277
vt 0.897461 0.121643
vt 0.917480 0.126099
vt 0.906738 0.131470
vt 0.895508 0.141235
vt 0.911133 0.147949
vt 0.891602 0.146851
vt 0.899414 0.151978
vt 0.887207 0.156860
vt 0.895020 0.161377
vt 0.904297 0.166992
vt 0.880859 0.166138
vt 0.889160 0.169556
vt 0.892090 0.180420
vt 0.921875 0.177002
vt 0.930176 0.156982
vt 0.942383 0.143799
vt 0.972168 0.171143
vt 0.970215 0.150879
vt 0.974609 0.134277
vt 0.981934 0.143799
vt 0.944824 0.190308
vt 0.887695 0.192383
vt 0.913086 0.190063
vt 0.931641 0.202026
vt 0.881836 0.207397
vt 0.980469 0.151855
vt 0.982422 0.164062
vt 0.991211 0.152222
vt 0.996582 0.145264
vt 0.996582 0.150146
vt 0.994141 0.156616
vt 0.990723 0.158691
vt 0.991211 0.170776
vt 0.994629 0.162964
vt 0.995605 0.159912
vt 1.000000 0.159424
vt 1.000000 0.162109
vt 1.000000 0.172607
vt 0.989746 0.183594
vt 1.000000 0.183838
vt 1.000000 0.193604
vt 0.990723 0.191406
vt 0.985840 0.193970
vt 0.920410 0.207153
vt 0.906250 0.201050
vt 0.923340 0.218628
vt 0.902832 0.214600
vt 0.919434 0.234375
vt 0.900391 0.230835
vt 0.879883 0.227173
vt 0.915039 0.250977
vt 0.896484 0.248169
vt 0.909668 0.260498
vt 0.894043 0.260986
vt 0.871582 0.261475
vt 0.875000 0.244141
vt 0.866211 0.238525
vt 0.854980 0.241455
vt 0.868652 0.225342
vt 0.855469 0.222046
vt 0.871582 0.212891
vt 0.862793 0.208496
vt 0.005062 0.774902
vt 0.002726 0.751953
vt 0.026749 0.773926
vt 0.024658 0.751465
vt 0.002619 0.729980
vt 0.044983 0.776855
vt 0.026001 0.730957
vt 0.047821 0.752441
vt 0.047882 0.730957
vt 0.068909 0.770020
vt 0.068848 0.736816
vt 0.071594 0.752930
vt 0.075806 0.765137
vt 0.076721 0.752441
vt 0.075684 0.742188
vt 0.968262 0.834961
vt 0.978516 0.836914
vt 0.963379 0.842285
vt 0.977539 0.842773
vt 0.988770 0.835938
vt 0.955566 0.862793
vt 0.993164 0.844238
vt 0.977051 0.864746
vt 0.999023 0.865723
vt 0.992188 0.889648
vt 0.958008 0.878906
vt 0.974609 0.886719
vt 0.991699 0.898926
vt 0.974609 0.895508
vt 0.952148 0.885742
vt 0.958984 0.901367
vt 0.948730 0.890137
vt 0.939453 0.890137
vt 0.975586 0.911133
vt 0.947754 0.923828
vt 0.929199 0.914551
vt 0.917969 0.933105
vt 0.990723 0.919434
vt 0.999023 0.909668
vt 0.999023 0.926758
vt 0.934570 0.949219
vt 0.918457 0.942383
vt 0.919434 0.947266
vt 0.966797 0.934082
vt 0.979980 0.941406
vt 0.990723 0.944824
vt 0.983398 0.967285
vt 0.953125 0.956543
vt 0.971680 0.964355
vt 0.968750 0.981934
vt 0.944336 0.984863
vt 0.935547 0.967285
vt 0.926270 0.996094
vt 0.917969 0.974121
vt 0.911621 0.951660
vt 0.911621 0.995605
vt 0.911133 0.975586
vt 0.894531 0.980469
vt 0.905762 0.957520
vt 0.897949 0.999023
vt 0.886719 0.958008
vt 0.875488 0.964355
vt 0.879395 0.996094
vt 0.877930 0.979980
vt 0.869629 0.971191
vt 0.871582 0.980469
vt 0.872070 0.991699
vt 0.485107 0.177124
vt 0.488770 0.161133
vt 0.497803 0.165649
vt 0.476074 0.170898
vt 0.476074 0.184692
vt 0.482666 0.151978
vt 0.473877 0.179810
vt 0.471436 0.184326
vt 0.469482 0.157227
vt 0.475586 0.144043
vt 0.466797 0.138550
vt 0.457520 0.139282
vt 0.470947 0.170898
vt 0.463379 0.159058
vt 0.448730 0.143066
vt 0.471436 0.180420
vt 0.466797 0.172241
vt 0.455811 0.160400
vt 0.444092 0.157471
vt 0.443848 0.168579
vt 0.461670 0.173218
vt 0.456299 0.180176
vt 0.467529 0.181885
vt 0.466797 0.184937
vt 0.469971 0.182129
vt 0.639160 0.487549
vt 0.625488 0.496094
vt 0.619629 0.486816
vt 0.641602 0.500977
vt 0.625977 0.509766
vt 0.654297 0.489014
vt 0.636230 0.517090
vt 0.625977 0.520020
vt 0.630371 0.530762
vt 0.652832 0.494141
vt 0.656250 0.492188
vt 0.652832 0.495850
vt 0.644043 0.520996
vt 0.649414 0.508789
vt 0.653809 0.523926
vt 0.638184 0.535156
vt 0.647949 0.540527
vt 0.658691 0.536133
vt 0.667480 0.526367
vt 0.661621 0.508789
vt 0.644531 0.504395
vt 0.655762 0.495361
vt 0.657227 0.497070
vt 0.659180 0.494629
vt 0.656250 0.508789
vt 0.906250 0.416504
vt 0.910645 0.407227
vt 0.918457 0.411621
vt 0.898438 0.408936
vt 0.904785 0.400391
vt 0.893555 0.405273
vt 0.898926 0.392334
vt 0.891602 0.387207
vt 0.894531 0.423340
vt 0.883789 0.388184
vt 0.892578 0.419434
vt 0.890625 0.421387
vt 0.891113 0.417480
vt 0.886230 0.398682
vt 0.880371 0.406250
vt 0.875488 0.387939
vt 0.867188 0.393799
vt 0.864746 0.403320
vt 0.875000 0.413818
vt 0.887207 0.409668
vt 0.886719 0.418457
vt 0.886719 0.421631
vt 0.889160 0.419189
vt 0.726074 0.141479
vt 0.731445 0.166382
vt 0.724609 0.160889
vt 0.736328 0.166260
vt 0.740234 0.161255
vt 0.739746 0.153442
vt 0.744629 0.146118
vt 0.599609 0.423584
vt 0.612305 0.416016
vt 0.631836 0.422852
vt 0.611816 0.433350
vt 0.582520 0.443848
vt 0.579590 0.433838
vt 0.637207 0.434326
vt 0.651367 0.431885
vt 0.561035 0.454834
vt 0.554199 0.446289
vt 0.548828 0.461426
vt 0.540527 0.453857
vt 0.522949 0.464844
vt 0.611816 0.445068
vt 0.649902 0.438232
vt 0.635742 0.442871
vt 0.621094 0.456543
vt 0.661133 0.442139
vt 0.675781 0.432861
vt 0.691406 0.429688
vt 0.648438 0.444580
vt 0.604980 0.456543
vt 0.605957 0.467529
vt 0.650391 0.457764
vt 0.676270 0.449219
vt 0.636230 0.456787
vt 0.640137 0.471680
vt 0.631836 0.469238
vt 0.622559 0.469238
vt 0.660645 0.465332
vt 0.589355 0.457275
vt 0.594727 0.469482
vt 0.575684 0.464111
vt 0.580566 0.474121
vt 0.562012 0.465576
vt 0.571777 0.471680
vt 0.560547 0.474854
vt 0.597168 0.479736
vt 0.590332 0.487793
vt 0.603516 0.481445
vt 0.581543 0.485107
vt 0.610840 0.473877
vt 0.609375 0.483643
vt 0.615723 0.483643
vt 0.617188 0.475586
vt 0.620605 0.479980
vt 0.625977 0.475098
vt 0.626953 0.482422
vt 0.631348 0.475098
vt 0.634766 0.481689
vt 0.634277 0.476074
vt 0.638184 0.482666
vt 0.645508 0.486328
vt 0.649414 0.476318
vt 0.655273 0.487549
vt 0.658691 0.484131
vt 0.662109 0.494629
vt 0.670410 0.476318
vt 0.666016 0.493652
vt 0.669434 0.504883
vt 0.682617 0.469482
vt 0.677734 0.487305
vt 0.673340 0.503418
vt 0.684082 0.496094
vt 0.686035 0.510742
vt 0.677246 0.514648
vt 0.691406 0.481445
vt 0.699219 0.496582
vt 0.706055 0.468994
vt 0.697266 0.457764
vt 0.689453 0.442871
vt 0.709473 0.446777
vt 0.705078 0.436279
vt 0.703125 0.423096
vt 0.726074 0.433350
vt 0.717285 0.411377
vt 0.719238 0.458008
vt 0.716309 0.478271
vt 0.705566 0.517578
vt 0.752441 0.421631
vt 0.736816 0.408203
vt 0.736816 0.443604
vt 0.759766 0.435791
vt 0.726562 0.465820
vt 0.765137 0.378906
vt 0.727051 0.399170
vt 0.758789 0.374268
vt 0.778320 0.349121
vt 0.781738 0.349365
vt 0.783691 0.396973
vt 0.808594 0.379639
vt 0.796387 0.416504
vt 0.823242 0.403320
vt 0.820801 0.421387
vt 0.800293 0.424805
vt 0.766602 0.440186
vt 0.749512 0.460449
vt 0.742188 0.453369
vt 0.735352 0.474609
vt 0.741699 0.478760
vt 0.723145 0.487305
vt 0.736328 0.498779
vt 0.731445 0.519043
vt 0.708984 0.546387
vt 0.727539 0.549316
vt 0.692383 0.529785
vt 0.719238 0.558594
vt 0.731445 0.568359
vt 0.713867 0.562012
vt 0.725586 0.572266
vt 0.706055 0.583984
vt 0.729980 0.588867
vt 0.738770 0.585938
vt 0.741699 0.608887
vt 0.748535 0.605957
vt 0.696289 0.550293
vt 0.747559 0.616699
vt 0.754395 0.616699
vt 0.762207 0.629395
vt 0.756348 0.637207
vt 0.742188 0.619629
vt 0.744629 0.632812
vt 0.728516 0.631348
vt 0.730957 0.619141
vt 0.716797 0.631348
vt 0.724121 0.613281
vt 0.707520 0.621094
vt 0.728516 0.608887
vt 0.718262 0.603516
vt 0.714355 0.610352
vt 0.697754 0.615723
vt 0.709961 0.594238
vt 0.708496 0.602539
vt 0.691406 0.611328
vt 0.700684 0.594238
vt 0.688477 0.604004
vt 0.686523 0.594238
vt 0.696289 0.590820
vt 0.694336 0.583984
vt 0.702148 0.576172
vt 0.698730 0.563965
vt 0.695312 0.574219
vt 0.687500 0.586914
vt 0.682617 0.582031
vt 0.678223 0.584473
vt 0.676758 0.572754
vt 0.681641 0.574707
vt 0.690430 0.569336
vt 0.687988 0.562500
vt 0.675781 0.564941
vt 0.686523 0.552734
vt 0.675781 0.554688
vt 0.672363 0.545410
vt 0.686523 0.543457
vt 0.673828 0.535645
vt 0.683105 0.532715
vt 0.668457 0.519531
vt 0.381836 0.461670
vt 0.397461 0.465576
vt 0.399658 0.472900
vt 0.382568 0.470703
vt 0.406494 0.481445
vt 0.368408 0.474121
vt 0.365234 0.464600
vt 0.396729 0.482422
vt 0.413818 0.490967
vt 0.353271 0.477783
vt 0.345947 0.465576
vt 0.339844 0.476562
vt 0.332520 0.466064
vt 0.327148 0.474365
vt 0.320557 0.463135
vt 0.338867 0.485840
vt 0.354004 0.488770
vt 0.366699 0.490723
vt 0.379639 0.493408
vt 0.365967 0.495117
vt 0.352539 0.492676
vt 0.316406 0.473633
vt 0.324951 0.483154
vt 0.301758 0.469238
vt 0.302734 0.458252
vt 0.283691 0.465088
vt 0.306885 0.479736
vt 0.336914 0.489746
vt 0.286621 0.480469
vt 0.274902 0.476318
vt 0.281250 0.484375
vt 0.323730 0.487305
vt 0.302002 0.487061
vt 0.296143 0.496338
vt 0.304443 0.483398
vt 0.322266 0.491699
vt 0.315674 0.508301
vt 0.330811 0.514648
vt 0.335205 0.493408
vt 0.350830 0.496582
vt 0.347412 0.518066
vt 0.364990 0.499268
vt 0.363281 0.519531
vt 0.378906 0.497803
vt 0.378174 0.501953
vt 0.377686 0.520020
vt 0.392090 0.497070
vt 0.391357 0.504883
vt 0.392090 0.519531
vt 0.391846 0.500977
vt 0.403320 0.501465
vt 0.402344 0.507812
vt 0.406006 0.518555
vt 0.402832 0.504395
vt 0.408691 0.494385
vt 0.411865 0.509766
vt 0.416992 0.515625
vt 0.413086 0.505371
vt 0.416016 0.502441
vt 0.419434 0.500977
vt 0.412354 0.507812
vt 0.417969 0.507812
vt 0.421387 0.508789
vt 0.417480 0.509277
vt 0.420654 0.510742
vt 0.417236 0.511230
vt 0.419922 0.512695
vt 0.510742 0.475830
vt 0.514648 0.471924
vt 0.522949 0.483398
vt 0.524414 0.479004
vt 0.531738 0.482422
vt 0.531738 0.488525
vt 0.530762 0.472168
vt 0.540039 0.482910
vt 0.544922 0.490723
vt 0.541504 0.476318
vt 0.549805 0.475586
vt 0.552246 0.483887
vt 0.552734 0.491455
vt 0.561035 0.488037
vt 0.559570 0.482422
vt 0.567383 0.477051
vt 0.566895 0.484131
vt 0.573242 0.491699
vt 0.572754 0.475342
vt 0.573242 0.487305
vt 0.578613 0.483887
vt 0.578125 0.477783
vt 0.612793 0.119324
vt 0.611328 0.111816
vt 0.604492 0.116150
vt 0.603027 0.124695
vt 0.600586 0.117249
vt 0.593262 0.119202
vt 0.616211 0.131470
vt 0.596191 0.128540
vt 0.588379 0.122253
vt 0.606445 0.135620
vt 0.587891 0.133057
vt 0.582520 0.124146
vt 0.577148 0.125977
vt 0.611328 0.145630
vt 0.622070 0.143311
vt 0.604004 0.155762
vt 0.624023 0.155151
vt 0.618164 0.177124
vt 0.593262 0.169067
vt 0.598145 0.142090
vt 0.588379 0.147095
vt 0.573730 0.166382
vt 0.572266 0.137695
vt 0.571777 0.126221
vt 0.565918 0.127563
vt 0.574707 0.151123
vt 0.555664 0.163696
vt 0.559570 0.137573
vt 0.557129 0.131104
vt 0.548828 0.128784
vt 0.554688 0.148926
vt 0.550293 0.137573
vt 0.539551 0.145142
vt 0.540527 0.162598
vt 0.528809 0.158691
vt 0.539551 0.137695
vt 0.539551 0.130005
vt 0.528320 0.144287
vt 0.520508 0.153564
vt 0.529785 0.134766
vt 0.527832 0.126343
vt 0.521484 0.135620
vt 0.520508 0.126953
vt 0.515625 0.144287
vt 0.515625 0.157837
vt 0.514648 0.135620
vt 0.514160 0.126953
vt 0.505859 0.128784
vt 0.507812 0.146973
vt 0.507324 0.159180
vt 0.504883 0.137329
vt 0.502930 0.129395
vt 0.498779 0.130371
vt 0.504395 0.148315
vt 0.501465 0.138184
vt 0.500977 0.149902
vt 0.499023 0.164917
vt 0.491211 0.154663
vt 0.486084 0.143799
vt 0.496826 0.139526
vt 0.494141 0.131592
vt 0.483398 0.136597
vt 0.872559 0.915527
vt 0.871094 0.939941
vt 0.887207 0.940430
vt 0.887695 0.917969
vt 0.899902 0.940430
vt 0.878906 0.892578
vt 0.901855 0.920410
vt 0.913574 0.940430
vt 0.916504 0.921875
vt 0.893555 0.897949
vt 0.890625 0.868652
vt 0.908691 0.900879
vt 0.921875 0.905762
vt 0.902832 0.875000
vt 0.904785 0.848145
vt 0.916016 0.855469
vt 0.927246 0.863281
vt 0.916992 0.880371
vt 0.930664 0.886230
vt 0.940430 0.871094
vt 0.114746 0.075684
vt 0.127808 0.082703
vt 0.133789 0.079224
vt 0.115723 0.065857
vt 0.136841 0.073792
vt 0.127930 0.063782
vt 0.142822 0.057098
vt 0.146729 0.068542
vt 0.153076 0.050995
vt 0.155640 0.070068
vt 0.166260 0.055084
vt 0.165771 0.067749
vt 0.177368 0.054596
vt 0.174438 0.071533
vt 0.185059 0.055450
vt 0.185913 0.074890
vt 0.191162 0.060120
vt 0.197998 0.067627
vt 0.191040 0.075378
vt 0.196045 0.080444
vt 0.200684 0.074524
vt 0.200073 0.089355
vt 0.207397 0.076050
vt 0.210083 0.072021
vt 0.212891 0.075806
vt 0.211792 0.081848
vt 0.207275 0.091187
vt 0.217041 0.081421
vt 0.212402 0.095703
vt 0.221924 0.087891
vt 0.218872 0.103333
vt 0.226807 0.096436
vt 0.234497 0.102722
vt 0.223511 0.111633
vt 0.238281 0.112061
vt 0.231934 0.119263
vt 0.246216 0.131714
vt 0.250977 0.123047
vt 0.604492 0.697266
vt 0.598633 0.702637
vt 0.608398 0.708496
vt 0.599121 0.711914
vt 0.590332 0.699707
vt 0.588867 0.708984
vt 0.591309 0.715332
vt 0.578613 0.704102
vt 0.583984 0.717773
vt 0.570801 0.709961
vt 0.567383 0.724121
vt 0.560547 0.710449
vt 0.552246 0.714355
vt 0.554199 0.724609
vt 0.546875 0.716309
vt 0.543945 0.725586
vt 0.541016 0.715820
vt 0.536133 0.726562
vt 0.534180 0.715332
vt 0.529297 0.728516
vt 0.524414 0.717773
vt 0.521973 0.729980
vt 0.520996 0.717773
vt 0.516113 0.717285
vt 0.509766 0.719238
vt 0.515137 0.732910
vt 0.507812 0.734863
vt 0.502930 0.723633
vt 0.495850 0.727051
vt 0.495605 0.739258
vt 0.489258 0.730957
vt 0.484375 0.742188
vt 0.477539 0.736328
vt 0.008858 0.860352
vt 0.004807 0.869629
vt 0.018890 0.863281
vt 0.015747 0.871094
vt 0.009483 0.875488
vt 0.015053 0.874512
vt 0.003006 0.877930
vt 0.008804 0.878418
vt 0.016388 0.882324
vt 0.009186 0.883789
vt 0.003489 0.887695
vt 0.014336 0.888672
vt 0.010223 0.892578
vt 0.018326 0.893555
vt 0.002937 0.904297
vt 0.008919 0.898926
vt 0.018921 0.899414
vt 0.017090 0.905762
vt 0.015747 0.912109
vt 0.005619 0.915527
vt 0.024139 0.918457
vt 0.011414 0.929199
vt 0.022171 0.927246
vt 0.015068 0.931641
vt 0.009392 0.937988
vt 0.021225 0.930664
vt 0.029343 0.935059
vt 0.013000 0.937012
vt 0.024887 0.935547
vt 0.022125 0.941895
vt 0.026535 0.947754
vt 0.015198 0.942383
vt 0.013329 0.948730
vt 0.021088 0.949219
vt 0.023132 0.957031
vt 0.030624 0.956055
vt 0.014908 0.959473
vt 0.030258 0.963867
vt 0.022919 0.969238
vt 0.016159 0.968262
vt 0.029327 0.973145
vt 0.023010 0.977051
vt 0.028976 0.976562
vt 0.012749 0.979004
vt 0.026917 0.981445
vt 0.020126 0.984375
vt 0.005978 0.987305
vt 0.024658 0.986328
vt 0.013763 0.995117
vt 0.017731 0.998535
vt 0.974609 0.237671
vt 0.987305 0.227051
vt 0.993164 0.243042
vt 0.979492 0.246582
vt 0.967773 0.250244
vt 0.981445 0.255615
vt 0.998535 0.259277
vt 0.996582 0.273193
vt 0.971191 0.254639
vt 0.968262 0.255615
vt 0.978516 0.263916
vt 0.983398 0.282715
vt 0.972168 0.271484
vt 0.967285 0.259766
vt 0.808105 0.359375
vt 0.811523 0.348145
vt 0.824219 0.353516
vt 0.814941 0.367920
vt 0.807129 0.372559
vt 0.811523 0.380371
vt 0.824219 0.368896
vt 0.831543 0.361816
vt 0.839355 0.369629
vt 0.817383 0.374512
vt 0.825195 0.377197
vt 0.844238 0.379883
vt 0.833984 0.386719
vt 0.818848 0.385986
vt 0.813965 0.379639
vt 0.203491 0.397217
vt 0.210083 0.417236
vt 0.197754 0.421387
vt 0.193604 0.398926
vt 0.190918 0.383057
vt 0.184326 0.380859
vt 0.182373 0.403564
vt 0.183960 0.426025
vt 0.169067 0.425293
vt 0.183838 0.389160
vt 0.172607 0.402344
vt 0.151978 0.417969
vt 0.158936 0.395508
vt 0.175049 0.380615
vt 0.178589 0.387451
vt 0.181396 0.383789
vt 0.141113 0.485107
vt 0.114929 0.482910
vt 0.121521 0.460938
vt 0.145020 0.472412
vt 0.160645 0.485352
vt 0.168701 0.484375
vt 0.165039 0.475342
vt 0.152588 0.461670
vt 0.134521 0.441162
vt 0.148804 0.431641
vt 0.161987 0.457520
vt 0.164551 0.427246
vt 0.173706 0.451904
vt 0.175903 0.471680
vt 0.171143 0.475586
vt 0.173218 0.479492
vt 0.746582 0.510254
vt 0.770996 0.506836
vt 0.770508 0.521973
vt 0.756348 0.518555
vt 0.753418 0.528809
vt 0.767578 0.536133
vt 0.747559 0.518555
vt 0.739258 0.522461
vt 0.747070 0.538086
vt 0.758301 0.549316
vt 0.742676 0.555176
vt 0.731445 0.534668
vt 0.741699 0.530762
vt 0.858398 0.065674
vt 0.857910 0.050293
vt 0.875488 0.054504
vt 0.870605 0.068848
vt 0.865234 0.083130
vt 0.868164 0.083008
vt 0.872559 0.081055
vt 0.879883 0.071899
vt 0.890137 0.060791
vt 0.900391 0.068359
vt 0.886230 0.077698
vt 0.903809 0.080017
vt 0.889648 0.087097
vt 0.872559 0.088562
vt 0.875977 0.084534
vt 0.870117 0.085815
vt 0.663574 0.427002
vt 0.656250 0.421631
vt 0.662109 0.411133
vt 0.673828 0.420898
vt 0.674805 0.429443
vt 0.685059 0.426758
vt 0.676270 0.410400
vt 0.670410 0.401367
vt 0.682129 0.397217
vt 0.680664 0.418701
vt 0.685059 0.407959
vt 0.696289 0.398682
vt 0.695801 0.407715
vt 0.692383 0.418945
vt 0.685547 0.422852
vt 0.012810 0.681641
vt 0.019791 0.677734
vt 0.027100 0.689941
vt 0.013229 0.695312
vt 0.005943 0.692383
vt 0.004021 0.701660
vt 0.022583 0.703125
vt 0.032013 0.704590
vt 0.032349 0.716797
vt 0.012421 0.703125
vt 0.018875 0.710938
vt 0.019806 0.725098
vt 0.013397 0.720703
vt 0.005474 0.710449
vt 0.006351 0.703613
vt 0.174805 0.427979
vt 0.198730 0.427490
vt 0.177612 0.458496
vt 0.187256 0.457520
vt 0.180420 0.477295
vt 0.215820 0.437012
vt 0.184204 0.476807
vt 0.199829 0.460205
vt 0.229248 0.453369
vt 0.189331 0.470703
vt 0.199219 0.471924
vt 0.185547 0.480469
vt 0.204712 0.482178
vt 0.234009 0.473145
vt 0.764160 0.652344
vt 0.766113 0.664551
vt 0.742676 0.666016
vt 0.743652 0.662598
vt 0.740234 0.663086
vt 0.741699 0.660156
vt 0.752930 0.642578
vt 0.739258 0.660156
vt 0.736328 0.661621
vt 0.740723 0.651855
vt 0.745117 0.637207
vt 0.729980 0.638672
vt 0.983398 0.307617
vt 0.998047 0.307617
vt 0.991699 0.314697
vt 0.983398 0.298584
vt 0.980957 0.300781
vt 0.980957 0.296875
vt 0.989746 0.294922
vt 0.999512 0.296143
vt 0.997559 0.284912
vt 0.983887 0.296143
vt 0.985352 0.292236
vt 0.990723 0.279541
vt 0.980469 0.293701
vt 0.983398 0.287109
vt 0.835938 0.016708
vt 0.848145 0.002886
vt 0.863770 0.047668
vt 0.861816 0.032074
vt 0.868652 0.047028
vt 0.861328 0.002081
vt 0.871094 0.037415
vt 0.869141 0.022308
vt 0.882324 0.001338
vt 0.878906 0.030304
vt 0.876953 0.045593
vt 0.881348 0.045166
vt 0.900879 0.007336
vt 0.962402 0.712402
vt 0.959961 0.701660
vt 0.978516 0.700195
vt 0.982422 0.705566
vt 0.986816 0.702148
vt 0.973145 0.724609
vt 0.990234 0.705566
vt 0.980957 0.712402
vt 0.988281 0.708008
vt 0.989746 0.712402
vt 0.995117 0.707520
vt 0.982910 0.730469
vt 0.999023 0.716309
vt 0.996582 0.735352
vt 0.988281 0.094299
vt 0.998535 0.092041
vt 0.998535 0.099060
vt 0.990234 0.101562
vt 0.978027 0.098816
vt 0.983398 0.103760
vt 0.975586 0.109802
vt 0.973633 0.092285
vt 0.967285 0.084534
vt 0.970215 0.105103
vt 0.967285 0.118652
vt 0.964844 0.098328
vt 0.956055 0.103638
vt 0.958496 0.089966
vt 0.949707 0.094299
vt 0.945312 0.098755
vt 0.962891 0.112305
vt 0.956055 0.116577
vt 0.960938 0.123108
vt 0.954102 0.127075
vt 0.950195 0.108276
vt 0.939453 0.107849
vt 0.944824 0.112793
vt 0.934570 0.116943
vt 0.950195 0.119507
vt 0.943848 0.129150
vt 0.938965 0.119751
vt 0.934082 0.118469
vt 0.937500 0.120850
vt 0.940918 0.124084
vt 0.942383 0.122803
vt 0.941895 0.128296
vt 0.245483 0.488281
vt 0.248291 0.496094
vt 0.237793 0.492188
vt 0.227051 0.481934
vt 0.235840 0.473389
vt 0.251953 0.494141
vt 0.250000 0.482422
vt 0.250977 0.470459
vt 0.261230 0.468506
vt 0.251709 0.489502
vt 0.256836 0.486084
vt 0.272217 0.475098
vt 0.255615 0.493408
vt 0.264160 0.487061
vt 0.571777 0.263672
vt 0.559082 0.267822
vt 0.576660 0.267822
vt 0.569824 0.286133
vt 0.583496 0.265137
vt 0.583496 0.269775
vt 0.587402 0.287598
vt 0.599609 0.280762
vt 0.590820 0.269287
vt 0.596191 0.262207
vt 0.607422 0.269531
vt 0.783203 0.467285
vt 0.778320 0.475342
vt 0.790527 0.472900
vt 0.755371 0.468262
vt 0.758301 0.454346
vt 0.793945 0.469727
vt 0.783691 0.458252
vt 0.772461 0.445801
vt 0.786621 0.433838
vt 0.789062 0.463867
vt 0.791992 0.453857
vt 0.807129 0.433838
vt 0.797363 0.467529
vt 0.803711 0.457520
vt 0.936035 0.441650
vt 0.954590 0.428467
vt 0.937500 0.432373
vt 0.942871 0.416260
vt 0.932617 0.441162
vt 0.932129 0.431885
vt 0.930664 0.417969
vt 0.919922 0.419434
vt 0.926758 0.432129
vt 0.928711 0.442383
vt 0.913086 0.427734
vt 0.413086 0.529297
vt 0.408691 0.529785
vt 0.410889 0.549316
vt 0.408936 0.525879
vt 0.403564 0.545410
vt 0.408447 0.566895
vt 0.393311 0.565430
vt 0.406006 0.529297
vt 0.396484 0.541504
vt 0.381104 0.560059
vt 0.372314 0.541016
vt 0.404297 0.526367
vt 0.404785 0.522461
vt 0.388428 0.533203
vt 0.367432 0.528320
vt 0.384521 0.522949
vt 0.200195 0.092712
vt 0.177368 0.105286
vt 0.180786 0.096191
vt 0.192261 0.080994
vt 0.172974 0.103210
vt 0.174316 0.094177
vt 0.179077 0.076233
vt 0.164185 0.074646
vt 0.169312 0.094482
vt 0.168091 0.102539
vt 0.151489 0.083557
vt 0.771484 0.482910
vt 0.771484 0.474609
vt 0.788574 0.479492
vt 0.779297 0.496826
vt 0.759277 0.483887
vt 0.755859 0.475830
vt 0.771973 0.489258
vt 0.765625 0.499023
vt 0.765625 0.490967
vt 0.752930 0.492676
vt 0.746582 0.484619
vt 0.756348 0.507324
vt 0.738281 0.500000
vt 0.979004 0.125000
vt 0.981934 0.123474
vt 0.975586 0.120789
vt 0.979492 0.119873
vt 0.979004 0.132080
vt 0.985352 0.118591
vt 0.983398 0.128052
vt 0.985352 0.131714
vt 0.979980 0.138672
vt 0.984863 0.141724
vt 0.988281 0.123047
vt 0.987793 0.136108
vt 0.990723 0.143677
vt 0.992676 0.135376
vt 0.998047 0.138672
vt 0.998047 0.134399
vt 0.998535 0.128174
vt 0.990234 0.131592
vt 0.995117 0.127441
vt 0.990723 0.124634
vt 0.993164 0.118408
vt 0.991699 0.115234
vt 0.998047 0.114746
vt 0.994629 0.119507
vt 0.992676 0.125854
vt 0.997070 0.120667
vt 0.998535 0.121033
vt 0.995605 0.120056
vt 0.562988 0.085632
vt 0.562012 0.098328
vt 0.569824 0.095154
vt 0.570312 0.085327
vt 0.555664 0.101624
vt 0.566895 0.067200
vt 0.572754 0.066956
vt 0.554688 0.085205
vt 0.546875 0.106689
vt 0.562012 0.066101
vt 0.557129 0.064575
vt 0.567871 0.050690
vt 0.571777 0.047638
vt 0.567383 0.041992
vt 0.547363 0.083679
vt 0.537598 0.105042
vt 0.531250 0.098999
vt 0.541992 0.078857
vt 0.529785 0.089478
vt 0.562988 0.051147
vt 0.561035 0.046967
vt 0.560059 0.041870
vt 0.544434 0.053680
vt 0.536621 0.072388
vt 0.528320 0.080933
vt 0.523926 0.073547
vt 0.530762 0.066467
vt 0.552246 0.061768
vt 0.548340 0.057861
vt 0.997070 0.778320
vt 0.991699 0.751465
vt 0.985840 0.753906
vt 0.976562 0.728516
vt 0.990234 0.778320
vt 0.991699 0.805176
vt 0.971680 0.733398
vt 0.953613 0.713379
vt 0.985840 0.802734
vt 0.976562 0.828125
vt 0.951172 0.719238
vt 0.926758 0.708008
vt 0.971680 0.823242
vt 0.953613 0.843262
vt 0.951172 0.836914
vt 0.926758 0.848633
vt 0.926758 0.841797
vt 0.899902 0.843262
vt 0.902344 0.836914
vt 0.876953 0.828125
vt 0.881836 0.823242
vt 0.861816 0.805176
vt 0.963379 0.814941
vt 0.946777 0.826172
vt 0.926758 0.830078
vt 0.907227 0.826172
vt 0.890137 0.814941
vt 0.974609 0.797852
vt 0.978516 0.778320
vt 0.974609 0.758301
vt 0.963379 0.741699
vt 0.926758 0.817383
vt 0.911621 0.814453
vt 0.941895 0.814453
vt 0.954590 0.806152
vt 0.962891 0.793457
vt 0.966309 0.778320
vt 0.962891 0.763184
vt 0.954590 0.750488
vt 0.936523 0.801270
vt 0.944336 0.795898
vt 0.949707 0.787598
vt 0.951660 0.778320
vt 0.949707 0.768555
vt 0.926758 0.803223
vt 0.929199 0.790039
vt 0.937500 0.785645
vt 0.933105 0.778320
vt 0.938477 0.775879
vt 0.944336 0.760742
vt 0.919434 0.788574
vt 0.916992 0.801270
vt 0.934082 0.767578
vt 0.936523 0.755371
vt 0.898926 0.806152
vt 0.909180 0.795898
vt 0.941895 0.741699
vt 0.926758 0.753418
vt 0.878906 0.797852
vt 0.946777 0.730469
vt 0.915039 0.780762
vt 0.924316 0.766113
vt 0.890625 0.793457
vt 0.868164 0.802734
vt 0.875000 0.778320
vt 0.863281 0.778320
vt 0.856445 0.778320
vt 0.861816 0.751465
vt 0.903809 0.787598
vt 0.887207 0.778320
vt 0.878906 0.758301
vt 0.868164 0.753906
vt 0.901855 0.778320
vt 0.881836 0.733398
vt 0.876953 0.728516
vt 0.899902 0.713379
vt 0.890137 0.741699
vt 0.890625 0.763184
vt 0.916016 0.770996
vt 0.902344 0.719238
vt 0.903809 0.768555
vt 0.907227 0.730469
vt 0.926758 0.714355
vt 0.898926 0.750488
vt 0.909180 0.760742
vt 0.916992 0.755371
vt 0.926758 0.726562
vt 0.911621 0.741699
vt 0.926758 0.738770
s 1
usemtl Mat_Ludia_DinoDefault
f 2/1/1 1/2/2 2365/3/3
f 3/4/4 2/1/1 2365/3/3
f 2365/3/3 2367/5/5 3/4/4
f 4/6/6 2/1/1 3/4/4
f 2367/5/5 5/7/7 3/4/4
f 5/7/7 2367/5/5 6/8/8
f 7/9/9 4/6/6 3/4/4
f 3/4/4 5/7/7 7/9/9
f 4/6/6 7/9/9 8/10/10
f 890/11/11 4/6/6 8/10/10
f 890/11/11 8/10/10 9/12/12
f 10/13/13 5/7/7 6/8/8
f 6/8/8 11/14/14 10/13/13
f 5/7/7 12/15/15 7/9/9
f 7/9/9 12/15/15 8/10/10
f 12/15/15 5/7/7 10/13/13
f 11/14/14 13/16/16 10/13/13
f 13/16/16 11/14/14 2375/17/17
f 14/18/18 12/15/15 10/13/13
f 10/13/13 13/16/16 14/18/18
f 15/19/19 13/16/16 2375/17/17
f 2375/17/17 2378/20/20 15/19/19
f 12/15/15 16/21/21 8/10/10
f 16/21/21 12/15/15 14/18/18
f 13/16/16 17/22/22 14/18/18
f 17/22/22 13/16/16 15/19/19
f 18/23/23 16/21/21 14/18/18
f 14/18/18 17/22/22 18/23/23
f 16/21/21 19/24/24 8/10/10
f 19/24/24 16/21/21 18/23/23
f 19/24/24 20/25/25 8/10/10
f 8/10/10 20/25/25 9/12/12
f 9/12/12 20/25/25 21/26/26
f 20/25/25 19/24/24 21/26/26
f 887/27/27 9/12/12 21/26/26
f 887/27/27 21/26/26 22/28/28
f 356/29/29 887/27/27 22/28/28
f 356/29/29 22/28/28 23/30/30
f 19/24/24 24/31/31 21/26/26
f 21/26/26 24/31/31 22/28/28
f 25/32/32 19/24/24 18/23/23
f 24/31/31 19/24/24 25/32/32
f 17/22/22 26/33/33 18/23/23
f 27/34/34 25/32/32 18/23/23
f 26/33/33 27/34/34 18/23/23
f 26/33/33 17/22/22 28/35/35
f 28/35/35 17/22/22 15/19/19
f 29/36/36 24/31/31 25/32/32
f 25/32/32 27/34/34 29/36/36
f 27/34/34 26/33/33 30/37/37
f 30/37/37 26/33/33 28/35/35
f 28/35/35 15/19/19 31/38/38
f 2378/20/20 31/38/38 15/19/19
f 30/37/37 28/35/35 32/39/39
f 28/35/35 31/38/38 32/39/39
f 33/40/40 27/34/34 30/37/37
f 30/37/37 32/39/39 33/40/40
f 34/41/41 31/38/38 2378/20/20
f 35/42/42 34/41/41 2378/20/20
f 34/41/41 35/42/42 36/43/43
f 35/42/42 37/44/44 36/43/43
f 36/43/43 37/44/44 2400/45/45
f 31/38/38 34/41/41 38/46/46
f 32/39/39 31/38/38 38/46/46
f 34/41/41 36/43/43 38/46/46
f 39/47/47 27/34/34 33/40/40
f 27/34/34 39/47/47 29/36/36
f 32/39/39 40/48/48 33/40/40
f 32/39/39 38/46/46 40/48/48
f 41/49/49 36/43/43 2400/45/45
f 41/49/49 2400/45/45 42/50/50
f 43/51/51 39/47/47 33/40/40
f 33/40/40 40/48/48 43/51/51
f 29/36/36 39/47/47 44/52/52
f 39/47/47 43/51/51 45/53/53
f 44/52/52 39/47/47 45/53/53
f 40/48/48 46/54/54 43/51/51
f 43/51/51 46/54/54 45/53/53
f 38/46/46 47/55/55 40/48/48
f 46/54/54 40/48/48 47/55/55
f 36/43/43 48/56/56 38/46/46
f 38/46/46 48/56/56 47/55/55
f 36/43/43 41/49/49 49/57/57
f 48/56/56 36/43/43 49/57/57
f 48/56/56 49/57/57 50/58/58
f 47/55/55 48/56/56 51/59/59
f 51/59/59 48/56/56 50/58/58
f 52/60/60 46/54/54 47/55/55
f 52/60/60 47/55/55 51/59/59
f 41/49/49 53/61/61 49/57/57
f 53/61/61 41/49/49 42/50/50
f 49/57/57 53/61/61 54/62/62
f 49/57/57 54/62/62 50/58/58
f 55/63/63 53/61/61 42/50/50
f 54/62/62 53/61/61 55/63/63
f 2418/64/64 55/63/63 42/50/50
f 46/54/54 52/60/60 56/65/65
f 46/54/54 56/65/65 45/53/53
f 55/63/63 2418/64/64 57/66/66
f 2418/64/64 58/67/67 57/66/66
f 58/67/67 2421/68/68 57/66/66
f 2421/68/68 59/69/69 57/66/66
f 55/63/63 57/66/66 59/69/69
f 59/69/69 2421/68/68 60/70/70
f 61/71/71 55/63/63 59/69/69
f 61/71/71 59/69/69 60/70/70
f 61/71/71 54/62/62 55/63/63
f 62/72/72 61/71/71 60/70/70
f 54/62/62 61/71/71 62/72/72
f 2424/73/73 54/62/62 62/72/72
f 50/58/58 54/62/62 2424/73/73
f 63/74/74 50/58/58 2424/73/73
f 50/58/58 63/74/74 2425/75/75
f 64/76/76 50/58/58 2425/75/75
f 51/59/59 50/58/58 64/76/76
f 65/77/77 64/76/76 2425/75/75
f 65/77/77 51/59/59 64/76/76
f 66/78/78 65/77/77 2425/75/75
f 52/60/60 51/59/59 65/77/77
f 67/79/79 65/77/77 66/78/78
f 67/79/79 52/60/60 65/77/77
f 2429/80/80 67/79/79 66/78/78
f 52/60/60 67/79/79 56/65/65
f 56/65/65 67/79/79 2429/80/80
f 68/81/81 56/65/65 2429/80/80
f 45/53/53 56/65/65 68/81/81
f 69/82/82 45/53/53 68/81/81
f 45/53/53 69/82/82 44/52/52
f 69/82/82 70/83/83 44/52/52
f 44/52/52 70/83/83 71/84/84
f 70/83/83 2431/85/85 71/84/84
f 72/86/86 44/52/52 71/84/84
f 72/86/86 29/36/36 44/52/52
f 24/31/31 29/36/36 72/86/86
f 73/87/87 71/84/84 2431/85/85
f 72/86/86 71/84/84 73/87/87
f 74/88/88 73/87/87 2431/85/85
f 73/87/87 74/88/88 75/89/89
f 76/90/90 24/31/31 72/86/86
f 76/90/90 72/86/86 73/87/87
f 24/31/31 76/90/90 22/28/28
f 76/90/90 73/87/87 77/91/91
f 22/28/28 76/90/90 77/91/91
f 77/91/91 73/87/87 75/89/89
f 22/28/28 77/91/91 23/30/30
f 77/91/91 75/89/89 23/30/30
f 75/89/89 354/92/92 23/30/30
f 80/93/93 79/94/94 78/95/95
f 81/96/96 80/93/93 78/95/95
f 81/96/96 78/95/95 82/97/97
f 78/95/95 83/98/98 82/97/97
f 84/99/99 80/93/93 81/96/96
f 83/98/98 173/100/100 82/97/97
f 85/101/101 84/99/99 81/96/96
f 81/96/96 82/97/97 85/101/101
f 86/102/102 84/99/99 85/101/101
f 87/103/103 86/102/102 85/101/101
f 85/101/101 82/97/97 87/103/103
f 430/104/104 86/102/102 87/103/103
f 173/100/100 88/105/105 82/97/97
f 88/105/105 173/100/100 89/106/106
f 90/107/107 430/104/104 87/103/103
f 431/108/108 430/104/104 90/107/107
f 82/97/97 91/109/109 87/103/103
f 82/97/97 88/105/105 91/109/109
f 92/110/110 88/105/105 89/106/106
f 89/106/106 93/111/111 92/110/110
f 90/107/107 87/103/103 94/112/112
f 87/103/103 91/109/109 94/112/112
f 95/113/113 94/112/112 91/109/109
f 96/114/114 95/113/113 91/109/109
f 88/105/105 96/114/114 91/109/109
f 88/105/105 92/110/110 96/114/114
f 97/115/115 431/108/108 90/107/107
f 90/107/107 94/112/112 97/115/115
f 93/111/111 98/116/116 92/110/110
f 98/116/116 93/111/111 99/117/117
f 92/110/110 100/118/118 96/114/114
f 95/113/113 96/114/114 100/118/118
f 92/110/110 98/116/116 100/118/118
f 431/108/108 97/115/115 101/119/119
f 102/120/120 431/108/108 101/119/119
f 102/120/120 101/119/119 103/121/121
f 94/112/112 104/122/122 97/115/115
f 94/112/112 95/113/113 104/122/122
f 105/123/123 101/119/119 97/115/115
f 104/122/122 105/123/123 97/115/115
f 106/124/124 98/116/116 99/117/117
f 1597/125/125 106/124/124 99/117/117
f 185/126/126 1597/125/125 99/117/117
f 1597/125/125 107/127/127 106/124/124
f 108/128/128 98/116/116 106/124/124
f 98/116/116 108/128/128 100/118/118
f 107/127/127 109/129/129 106/124/124
f 109/129/129 108/128/128 106/124/124
f 107/127/127 1603/130/130 109/129/129
f 109/129/129 110/131/131 108/128/128
f 1603/130/130 110/131/131 109/129/129
f 108/128/128 111/132/132 100/118/118
f 110/131/131 111/132/132 108/128/128
f 110/131/131 1603/130/130 112/133/133
f 1603/130/130 1608/134/134 112/133/133
f 112/133/133 1608/134/134 1609/135/135
f 111/132/132 113/136/136 100/118/118
f 113/136/136 95/113/113 100/118/118
f 113/136/136 111/132/132 114/137/137
f 113/136/136 114/137/137 95/113/113
f 115/138/138 111/132/132 110/131/131
f 111/132/132 115/138/138 114/137/137
f 110/131/131 112/133/133 116/139/139
f 116/139/139 115/138/138 110/131/131
f 117/140/140 112/133/133 1609/135/135
f 112/133/133 117/140/140 116/139/139
f 117/140/140 1609/135/135 118/141/141
f 117/140/140 118/141/141 116/139/139
f 1609/135/135 1614/142/142 118/141/141
f 118/141/141 1614/142/142 1615/143/143
f 119/144/144 115/138/138 116/139/139
f 115/138/138 119/144/144 114/137/137
f 118/141/141 120/145/145 116/139/139
f 120/145/145 118/141/141 1615/143/143
f 120/145/145 119/144/144 116/139/139
f 120/145/145 1615/143/143 121/146/146
f 120/145/145 121/146/146 119/144/144
f 1615/143/143 1617/147/147 121/146/146
f 121/146/146 1617/147/147 122/148/148
f 1617/147/147 123/149/149 122/148/148
f 123/149/149 1625/150/150 122/148/148
f 121/146/146 124/151/151 119/144/144
f 121/146/146 122/148/148 124/151/151
f 119/144/144 125/152/152 114/137/137
f 119/144/144 124/151/151 125/152/152
f 1625/150/150 126/153/153 122/148/148
f 1625/150/150 127/154/154 126/153/153
f 122/148/148 128/155/155 124/151/151
f 122/148/148 126/153/153 128/155/155
f 114/137/137 125/152/152 129/156/156
f 114/137/137 129/156/156 95/113/113
f 124/151/151 128/155/155 130/157/157
f 124/151/151 130/157/157 125/152/152
f 95/113/113 129/156/156 131/158/158
f 95/113/113 131/158/158 104/122/122
f 131/158/158 132/159/159 104/122/122
f 129/156/156 132/159/159 131/158/158
f 132/159/159 105/123/123 104/122/122
f 125/152/152 133/160/160 129/156/156
f 129/156/156 133/160/160 132/159/159
f 105/123/123 132/159/159 134/161/161
f 101/119/119 105/123/123 134/161/161
f 125/152/152 130/157/157 135/162/162
f 133/160/160 125/152/152 135/162/162
f 135/162/162 130/157/157 136/163/163
f 128/155/155 137/164/164 130/157/157
f 130/157/157 137/164/164 136/163/163
f 128/155/155 138/165/165 137/164/164
f 126/153/153 138/165/165 128/155/155
f 139/166/166 138/165/165 126/153/153
f 138/165/165 140/167/167 137/164/164
f 137/164/164 140/167/167 136/163/163
f 138/165/165 139/166/166 140/167/167
f 132/159/159 141/168/168 134/161/161
f 133/160/160 141/168/168 132/159/159
f 142/169/169 101/119/119 134/161/161
f 101/119/119 142/169/169 103/121/121
f 133/160/160 135/162/162 143/170/170
f 135/162/162 136/163/163 143/170/170
f 141/168/168 144/171/171 134/161/161
f 142/169/169 134/161/161 144/171/171
f 103/121/121 142/169/169 145/172/172
f 145/172/172 142/169/169 144/171/171
f 146/173/173 103/121/121 145/172/172
f 146/173/173 145/172/172 147/174/174
f 141/168/168 133/160/160 148/175/175
f 144/171/171 141/168/168 148/175/175
f 148/175/175 133/160/160 143/170/170
f 145/172/172 149/176/176 147/174/174
f 145/172/172 144/171/171 149/176/176
f 144/171/171 148/175/175 149/176/176
f 770/177/177 147/174/174 149/176/176
f 149/176/176 148/175/175 150/178/178
f 150/178/178 770/177/177 149/176/176
f 148/175/175 143/170/170 150/178/178
f 150/178/178 151/179/179 770/177/177
f 151/179/179 764/180/180 770/177/177
f 143/170/170 152/181/181 150/178/178
f 152/181/181 151/179/179 150/178/178
f 764/180/180 151/179/179 153/182/182
f 154/183/183 764/180/180 153/182/182
f 760/184/184 154/183/183 153/182/182
f 143/170/170 155/185/185 152/181/181
f 136/163/163 155/185/185 143/170/170
f 151/179/179 152/181/181 156/186/186
f 153/182/182 151/179/179 156/186/186
f 155/185/185 156/186/186 152/181/181
f 157/187/187 760/184/184 153/182/182
f 157/187/187 153/182/182 156/186/186
f 158/188/188 760/184/184 157/187/187
f 159/189/189 155/185/185 136/163/163
f 155/185/185 159/189/189 156/186/186
f 160/190/190 158/188/188 157/187/187
f 758/191/191 158/188/188 160/190/190
f 161/192/192 157/187/187 156/186/186
f 159/189/189 161/192/192 156/186/186
f 157/187/187 161/192/192 160/190/190
f 162/193/193 159/189/189 136/163/163
f 140/167/167 162/193/193 136/163/163
f 140/167/167 163/194/194 162/193/193
f 139/166/166 163/194/194 140/167/167
f 162/193/193 164/195/195 159/189/189
f 163/194/194 164/195/195 162/193/193
f 159/189/189 165/196/196 161/192/192
f 164/195/195 165/196/196 159/189/189
f 161/192/192 166/197/197 160/190/190
f 165/196/196 166/197/197 161/192/192
f 166/197/197 167/198/198 160/190/190
f 166/197/197 165/196/196 167/198/198
f 168/199/199 758/191/191 160/190/190
f 167/198/198 168/199/199 160/190/190
f 758/191/191 168/199/199 169/200/200
f 169/200/200 168/199/199 167/198/198
f 170/201/201 758/191/191 169/200/200
f 170/201/201 169/200/200 757/202/202
f 757/202/202 169/200/200 79/203/94
f 169/200/200 78/204/95 79/203/94
f 165/196/196 171/205/203 167/198/198
f 171/205/203 169/200/200 167/198/198
f 169/200/200 171/205/203 78/204/95
f 171/205/203 165/196/196 164/195/195
f 171/205/203 83/206/98 78/204/95
f 172/207/204 171/205/203 164/195/195
f 171/205/203 172/207/204 83/206/98
f 172/207/204 164/195/195 163/194/194
f 172/207/204 173/208/100 83/206/98
f 174/209/205 172/207/204 163/194/194
f 173/208/100 172/207/204 174/209/205
f 89/210/106 173/208/100 174/209/205
f 163/194/194 139/166/166 174/209/205
f 174/209/205 175/211/206 89/210/106
f 139/166/166 175/211/206 174/209/205
f 175/211/206 93/212/111 89/210/106
f 176/213/207 93/212/111 175/211/206
f 93/212/111 176/213/207 99/214/117
f 175/211/206 139/166/166 177/215/208
f 178/216/209 176/213/207 175/211/206
f 178/216/209 175/211/206 177/215/208
f 177/215/208 139/166/166 179/217/210
f 179/217/210 139/166/166 126/153/153
f 127/154/154 179/217/210 126/153/153
f 180/218/211 177/215/208 179/217/210
f 179/217/210 127/154/154 180/218/211
f 178/216/209 177/215/208 180/218/211
f 127/154/154 1633/219/212 180/218/211
f 181/220/213 178/216/209 180/218/211
f 180/218/211 1633/219/212 181/220/213
f 176/213/207 178/216/209 181/220/213
f 1633/219/212 182/221/214 181/220/213
f 183/222/215 176/213/207 181/220/213
f 181/220/213 182/221/214 183/222/215
f 176/213/207 183/222/215 99/214/117
f 182/221/214 184/223/216 183/222/215
f 99/214/117 183/222/215 184/223/216
f 185/224/126 99/214/117 184/223/216
f 302/225/217 366/226/218 295/227/219
f 366/226/218 186/228/220 295/227/219
f 295/227/219 186/228/220 187/229/221
f 186/228/220 366/226/218 367/230/222
f 186/228/220 188/231/223 187/229/221
f 187/229/221 188/231/223 189/232/224
f 190/233/225 186/228/220 367/230/222
f 186/228/220 190/233/225 188/231/223
f 367/230/222 191/234/226 190/233/225
f 188/231/223 192/235/227 189/232/224
f 189/232/224 192/235/227 193/236/228
f 191/234/226 194/237/229 190/233/225
f 191/234/226 853/238/230 194/237/229
f 190/233/225 195/239/231 188/231/223
f 192/235/227 188/231/223 195/239/231
f 190/233/225 194/237/229 195/239/231
f 192/235/227 196/240/232 193/236/228
f 197/241/233 192/235/227 195/239/231
f 192/235/227 197/241/233 196/240/232
f 194/237/229 198/242/234 195/239/231
f 195/239/231 198/242/234 197/241/233
f 853/238/230 199/243/235 194/237/229
f 194/237/229 199/243/235 198/242/234
f 199/243/235 853/238/230 200/244/236
f 853/238/230 201/245/237 200/244/236
f 199/243/235 202/246/238 198/242/234
f 202/246/238 199/243/235 200/244/236
f 203/247/239 200/244/236 201/245/237
f 203/247/239 202/246/238 200/244/236
f 204/248/240 203/247/239 201/245/237
f 205/249/241 203/247/239 204/248/240
f 205/249/241 202/246/238 203/247/239
f 855/250/242 205/249/241 204/248/240
f 202/246/238 206/251/243 198/242/234
f 198/242/234 206/251/243 197/241/233
f 205/249/241 855/250/242 207/252/244
f 855/250/242 857/253/245 207/252/244
f 857/253/245 208/254/246 207/252/244
f 209/255/247 202/246/238 205/249/241
f 206/251/243 202/246/238 209/255/247
f 205/249/241 207/252/244 209/255/247
f 209/255/247 210/256/248 206/251/243
f 206/251/243 211/257/249 197/241/233
f 210/256/248 211/257/249 206/251/243
f 211/257/249 212/258/250 197/241/233
f 197/241/233 212/258/250 196/240/232
f 211/257/249 213/259/251 212/258/250
f 213/259/251 211/257/249 210/256/248
f 212/258/250 214/260/252 196/240/232
f 213/259/251 214/260/252 212/258/250
f 214/260/252 215/261/253 196/240/232
f 196/240/232 215/261/253 193/236/228
f 215/261/253 216/262/254 193/236/228
f 216/262/254 215/261/253 217/263/255
f 218/264/256 216/262/254 217/263/255
f 219/265/257 218/264/256 217/263/255
f 215/261/253 214/260/252 220/266/258
f 217/263/255 215/261/253 220/266/258
f 219/265/257 217/263/255 221/267/259
f 217/263/255 220/266/258 221/267/259
f 220/266/258 214/260/252 222/268/260
f 214/260/252 213/259/251 222/268/260
f 219/265/257 221/267/259 223/269/261
f 224/270/262 219/265/257 223/269/261
f 221/267/259 220/266/258 225/271/263
f 220/266/258 222/268/260 225/271/263
f 223/269/261 221/267/259 226/272/264
f 221/267/259 225/271/263 226/272/264
f 224/270/262 223/269/261 227/273/265
f 228/274/266 224/270/262 227/273/265
f 223/269/261 226/272/264 229/275/267
f 227/273/265 223/269/261 229/275/267
f 228/274/266 227/273/265 230/276/268
f 270/277/269 228/274/266 230/276/268
f 270/277/269 230/276/268 1889/278/270
f 230/276/268 1885/279/271 1889/278/270
f 230/276/268 227/273/265 231/280/272
f 230/276/268 231/280/272 1885/279/271
f 227/273/265 229/275/267 231/280/272
f 231/280/272 232/281/273 1885/279/271
f 231/280/272 233/282/274 232/281/273
f 231/280/272 229/275/267 233/282/274
f 233/282/274 234/283/275 232/281/273
f 229/275/267 226/272/264 235/284/276
f 229/275/267 235/284/276 233/282/274
f 233/282/274 236/285/277 234/283/275
f 236/285/277 1877/286/278 234/283/275
f 226/272/264 237/287/279 235/284/276
f 226/272/264 225/271/263 237/287/279
f 233/282/274 235/284/276 238/288/280
f 236/285/277 233/282/274 238/288/280
f 236/285/277 239/289/281 1877/286/278
f 239/289/281 240/290/282 1877/286/278
f 225/271/263 241/291/283 237/287/279
f 225/271/263 222/268/260 241/291/283
f 235/284/276 237/287/279 242/292/284
f 238/288/280 235/284/276 242/292/284
f 236/285/277 238/288/280 243/293/285
f 239/289/281 236/285/277 243/293/285
f 239/289/281 244/294/286 240/290/282
f 244/294/286 1873/295/287 240/290/282
f 237/287/279 241/291/283 245/296/288
f 242/292/284 237/287/279 245/296/288
f 222/268/260 246/297/289 241/291/283
f 241/291/283 246/297/289 245/296/288
f 222/268/260 213/259/251 246/297/289
f 213/259/251 247/298/290 246/297/289
f 247/298/290 213/259/251 210/256/248
f 238/288/280 242/292/284 248/299/291
f 243/293/285 238/288/280 248/299/291
f 239/289/281 243/293/285 249/300/292
f 244/294/286 239/289/281 249/300/292
f 244/294/286 250/301/293 1873/295/287
f 250/301/293 1870/302/294 1873/295/287
f 249/300/292 243/293/285 251/303/295
f 243/293/285 248/299/291 251/303/295
f 249/300/292 252/304/296 244/294/286
f 252/304/296 250/301/293 244/294/286
f 252/304/296 249/300/292 251/303/295
f 1870/302/294 250/301/293 253/305/297
f 254/306/298 1870/302/294 253/305/297
f 250/301/293 252/304/296 255/307/299
f 253/305/297 250/301/293 255/307/299
f 253/305/297 256/308/300 254/306/298
f 256/308/300 257/309/301 254/306/298
f 258/310/302 257/309/301 256/308/300
f 253/305/297 259/311/303 256/308/300
f 260/312/304 258/310/302 256/308/300
f 259/311/303 260/312/304 256/308/300
f 260/312/304 261/313/305 258/310/302
f 261/313/305 260/312/304 259/311/303
f 261/313/305 262/314/306 258/310/302
f 263/315/307 262/314/306 261/313/305
f 264/316/308 263/315/307 261/313/305
f 264/316/308 261/313/305 259/311/303
f 265/317/309 263/315/307 264/316/308
f 259/311/303 253/305/297 266/318/310
f 253/305/297 255/307/299 266/318/310
f 267/319/311 265/317/309 264/316/308
f 1843/320/312 265/317/309 267/319/311
f 264/316/308 259/311/303 268/321/313
f 259/311/303 266/318/310 268/321/313
f 269/322/314 1843/320/312 267/319/311
f 1889/323/270 1843/320/312 269/322/314
f 270/324/269 1889/323/270 269/322/314
f 267/319/311 264/316/308 271/325/315
f 267/319/311 271/325/315 269/322/314
f 264/316/308 268/321/313 271/325/315
f 269/322/314 272/326/316 270/324/269
f 271/325/315 272/326/316 269/322/314
f 272/326/316 228/327/266 270/324/269
f 271/325/315 268/321/313 273/328/317
f 271/325/315 273/328/317 272/326/316
f 272/326/316 274/329/318 228/327/266
f 273/328/317 274/329/318 272/326/316
f 274/329/318 224/330/262 228/327/266
f 268/321/313 266/318/310 275/331/319
f 268/321/313 275/331/319 273/328/317
f 274/329/318 276/332/320 224/330/262
f 276/332/320 219/333/257 224/330/262
f 273/328/317 277/334/321 274/329/318
f 273/328/317 275/331/319 277/334/321
f 277/334/321 276/332/320 274/329/318
f 266/318/310 278/335/322 275/331/319
f 266/318/310 255/307/299 278/335/322
f 276/332/320 279/336/323 219/333/257
f 279/336/323 218/337/256 219/333/257
f 275/331/319 280/338/324 277/334/321
f 275/331/319 278/335/322 280/338/324
f 277/334/321 281/339/325 276/332/320
f 281/339/325 279/336/323 276/332/320
f 277/334/321 280/338/324 281/339/325
f 255/307/299 282/340/326 278/335/322
f 255/307/299 252/304/296 282/340/326
f 279/336/323 283/341/327 218/337/256
f 283/341/327 216/342/254 218/337/256
f 281/339/325 284/343/328 279/336/323
f 284/343/328 283/341/327 279/336/323
f 278/335/322 285/344/329 280/338/324
f 278/335/322 282/340/326 285/344/329
f 280/338/324 286/345/330 281/339/325
f 281/339/325 286/345/330 284/343/328
f 280/338/324 285/344/329 286/345/330
f 252/304/296 287/346/331 282/340/326
f 287/346/331 252/304/296 251/303/295
f 216/342/254 283/341/327 288/347/332
f 193/348/228 216/342/254 288/347/332
f 189/349/224 193/348/228 288/347/332
f 283/341/327 284/343/328 289/350/333
f 288/347/332 283/341/327 289/350/333
f 290/351/334 189/349/224 288/347/332
f 290/351/334 288/347/332 289/350/333
f 187/352/221 189/349/224 290/351/334
f 286/345/330 291/353/335 284/343/328
f 284/343/328 291/353/335 289/350/333
f 282/340/326 287/346/331 292/354/336
f 282/340/326 292/354/336 285/344/329
f 285/344/329 293/355/337 286/345/330
f 286/345/330 293/355/337 291/353/335
f 285/344/329 292/354/336 293/355/337
f 294/356/338 187/352/221 290/351/334
f 295/357/219 187/352/221 294/356/338
f 296/358/339 290/351/334 289/350/333
f 294/356/338 290/351/334 296/358/339
f 287/346/331 297/359/340 292/354/336
f 297/359/340 287/346/331 251/303/295
f 291/353/335 298/360/341 289/350/333
f 296/358/339 289/350/333 298/360/341
f 292/354/336 299/361/342 293/355/337
f 292/354/336 297/359/340 299/361/342
f 293/355/337 300/362/343 291/353/335
f 291/353/335 300/362/343 298/360/341
f 293/355/337 299/361/342 300/362/343
f 301/363/344 295/357/219 294/356/338
f 295/357/219 301/363/344 302/364/217
f 301/363/344 360/365/345 302/364/217
f 303/366/346 297/359/340 251/303/295
f 251/303/295 248/299/291 303/366/346
f 304/367/347 294/356/338 296/358/339
f 301/363/344 294/356/338 304/367/347
f 301/363/344 305/368/348 360/365/345
f 305/368/348 301/363/344 304/367/347
f 305/368/348 306/369/349 360/365/345
f 297/359/340 307/370/350 299/361/342
f 303/366/346 307/370/350 297/359/340
f 248/299/291 308/371/351 303/366/346
f 303/366/346 308/371/351 307/370/350
f 248/299/291 242/292/284 308/371/351
f 304/367/347 296/358/339 309/372/352
f 309/372/352 296/358/339 298/360/341
f 306/369/349 305/368/348 310/373/353
f 885/374/354 306/369/349 310/373/353
f 311/375/355 885/374/354 310/373/353
f 876/376/356 311/375/355 310/373/353
f 305/368/348 304/367/347 312/377/357
f 310/373/353 305/368/348 312/377/357
f 312/377/357 304/367/347 309/372/352
f 313/378/358 876/376/356 310/373/353
f 310/373/353 312/377/357 313/378/358
f 313/378/358 312/377/357 309/372/352
f 314/379/359 876/376/356 313/378/358
f 242/292/284 315/380/360 308/371/351
f 242/292/284 245/296/288 315/380/360
f 316/381/361 314/379/359 313/378/358
f 314/379/359 316/381/361 317/382/362
f 316/381/361 318/383/363 317/382/362
f 319/384/364 317/382/362 318/383/363
f 320/385/365 313/378/358 309/372/352
f 316/381/361 313/378/358 320/385/365
f 308/371/351 315/380/360 321/386/366
f 308/371/351 321/386/366 307/370/350
f 315/380/360 245/296/288 322/387/367
f 315/380/360 322/387/367 321/386/366
f 323/388/368 320/385/365 309/372/352
f 298/360/341 323/388/368 309/372/352
f 300/362/343 323/388/368 298/360/341
f 324/389/369 316/381/361 320/385/365
f 320/385/365 323/388/368 324/389/369
f 318/383/363 316/381/361 324/389/369
f 300/362/343 325/390/370 323/388/368
f 299/361/342 325/390/370 300/362/343
f 299/361/342 307/370/350 325/390/370
f 307/370/350 321/386/366 326/391/371
f 307/370/350 326/391/371 325/390/370
f 325/390/370 327/392/372 323/388/368
f 323/388/368 327/392/372 324/389/369
f 325/390/370 326/391/371 327/392/372
f 321/386/366 328/393/373 326/391/371
f 321/386/366 322/387/367 328/393/373
f 326/391/371 329/394/374 327/392/372
f 324/389/369 327/392/372 329/394/374
f 326/391/371 328/393/373 329/394/374
f 330/395/375 318/383/363 324/389/369
f 330/395/375 324/389/369 329/394/374
f 331/396/376 318/383/363 330/395/375
f 332/397/377 330/395/375 329/394/374
f 332/397/377 331/396/376 330/395/375
f 328/393/373 333/398/378 329/394/374
f 333/398/378 332/397/377 329/394/374
f 322/387/367 334/399/379 328/393/373
f 328/393/373 334/399/379 333/398/378
f 332/397/377 333/398/378 335/400/380
f 332/397/377 335/400/380 331/396/376
f 322/387/367 336/401/381 334/399/379
f 245/296/288 336/401/381 322/387/367
f 246/297/289 336/401/381 245/296/288
f 246/297/289 247/298/290 336/401/381
f 247/298/290 337/402/382 336/401/381
f 336/401/381 337/402/382 334/399/379
f 334/399/379 338/403/383 333/398/378
f 333/398/378 338/403/383 335/400/380
f 247/298/290 339/404/384 337/402/382
f 339/404/384 247/298/290 210/256/248
f 334/399/379 337/402/382 340/405/385
f 338/403/383 334/399/379 340/405/385
f 339/404/384 341/406/386 337/402/382
f 337/402/382 341/406/386 340/405/385
f 342/407/387 341/406/386 339/404/384
f 341/406/386 342/407/387 340/405/385
f 343/408/388 339/404/384 210/256/248
f 343/408/388 342/407/387 339/404/384
f 344/409/389 343/408/388 210/256/248
f 342/407/387 343/408/388 344/409/389
f 209/255/247 344/409/389 210/256/248
f 345/410/390 338/403/383 340/405/385
f 342/407/387 345/410/390 340/405/385
f 338/403/383 345/410/390 346/411/391
f 346/411/391 345/410/390 342/407/387
f 335/400/380 338/403/383 346/411/391
f 209/255/247 347/412/392 344/409/389
f 335/400/380 346/411/391 347/412/392
f 207/252/244 347/412/392 209/255/247
f 348/413/393 342/407/387 344/409/389
f 348/413/393 346/411/391 342/407/387
f 346/411/391 348/413/393 347/412/392
f 347/412/392 348/413/393 344/409/389
f 349/414/394 335/400/380 347/412/392
f 207/252/244 349/414/394 347/412/392
f 208/254/246 349/414/394 207/252/244
f 335/400/380 349/414/394 331/396/376
f 349/414/394 208/254/246 331/396/376
f 208/254/246 350/415/395 331/396/376
f 331/396/376 350/415/395 351/416/396
f 350/415/395 870/417/397 351/416/396
f 318/383/363 331/396/376 351/416/396
f 870/417/397 319/384/364 351/416/396
f 352/418/398 319/384/364 318/383/363
f 352/418/398 318/383/363 351/416/396
f 319/384/364 352/418/398 351/416/396
f 23/419/30 354/420/92 353/421/399
f 355/422/400 23/419/30 353/421/399
f 356/423/29 23/419/30 355/422/400
f 885/424/354 356/423/29 355/422/400
f 306/425/349 885/424/354 355/422/400
f 355/422/400 353/421/399 357/426/401
f 357/426/401 306/425/349 355/422/400
f 353/421/399 2705/427/402 357/426/401
f 357/426/401 2705/427/402 358/428/403
f 306/425/349 357/426/401 359/429/404
f 359/429/404 357/426/401 358/428/403
f 360/430/345 306/425/349 359/429/404
f 360/430/345 359/429/404 361/431/405
f 359/429/404 358/428/403 362/432/406
f 361/431/405 359/429/404 362/432/406
f 302/433/217 360/430/345 361/431/405
f 363/434/407 361/431/405 362/432/406
f 2710/435/408 363/434/407 362/432/406
f 364/436/409 363/434/407 2710/435/408
f 361/431/405 363/434/407 364/436/409
f 2712/437/410 364/436/409 2710/435/408
f 302/433/217 361/431/405 365/438/411
f 365/438/411 366/439/218 302/433/217
f 367/440/222 366/439/218 365/438/411
f 368/441/412 361/431/405 364/436/409
f 361/431/405 368/441/412 365/438/411
f 364/436/409 2712/437/410 369/442/413
f 2712/437/410 370/443/414 369/442/413
f 371/444/415 368/441/412 364/436/409
f 365/438/411 368/441/412 371/444/415
f 369/442/413 371/444/415 364/436/409
f 372/445/416 367/440/222 365/438/411
f 372/445/416 365/438/411 371/444/415
f 369/442/413 370/443/414 373/446/417
f 370/443/414 2720/447/418 373/446/417
f 372/445/416 374/448/419 367/440/222
f 374/448/419 191/449/226 367/440/222
f 372/445/416 371/444/415 375/450/420
f 374/448/419 372/445/416 375/450/420
f 371/444/415 369/442/413 376/451/421
f 369/442/413 373/446/417 376/451/421
f 375/450/420 371/444/415 376/451/421
f 373/446/417 2720/447/418 377/452/422
f 2720/447/418 378/453/423 377/452/422
f 378/453/423 379/454/424 377/452/422
f 191/449/226 374/448/419 380/455/425
f 191/449/226 380/455/425 853/456/230
f 380/455/425 848/457/426 853/456/230
f 381/458/427 376/451/421 373/446/417
f 377/452/422 381/458/427 373/446/417
f 379/454/424 382/459/428 377/452/422
f 379/454/424 383/460/429 382/459/428
f 377/452/422 382/459/428 384/461/430
f 381/458/427 377/452/422 384/461/430
f 383/460/429 385/462/431 382/459/428
f 382/459/428 385/462/431 384/461/430
f 385/462/431 383/460/429 2732/463/432
f 381/458/427 386/464/433 376/451/421
f 386/464/433 375/450/420 376/451/421
f 384/461/430 387/465/434 381/458/427
f 387/465/434 386/464/433 381/458/427
f 375/450/420 386/464/433 388/466/435
f 386/464/433 387/465/434 388/466/435
f 387/465/434 384/461/430 389/467/436
f 385/462/431 389/467/436 384/461/430
f 375/450/420 388/466/435 390/468/437
f 374/448/419 375/450/420 390/468/437
f 374/448/419 390/468/437 380/455/425
f 380/455/425 390/468/437 391/469/438
f 390/468/437 388/466/435 391/469/438
f 388/466/435 387/465/434 392/470/439
f 392/470/439 387/465/434 389/467/436
f 393/471/440 380/455/425 391/469/438
f 380/455/425 393/471/440 848/457/426
f 393/471/440 833/472/441 848/457/426
f 393/471/440 394/473/442 833/472/441
f 395/474/443 394/473/442 393/471/440
f 391/469/438 395/474/443 393/471/440
f 396/475/444 394/473/442 395/474/443
f 388/466/435 397/476/445 391/469/438
f 397/476/445 388/466/435 392/470/439
f 391/469/438 397/476/445 398/477/446
f 395/474/443 391/469/438 398/477/446
f 392/470/439 398/477/446 397/476/445
f 399/478/447 396/475/444 395/474/443
f 395/474/443 398/477/446 399/478/447
f 396/475/444 399/478/447 400/479/448
f 401/480/449 398/477/446 392/470/439
f 398/477/446 401/480/449 399/478/447
f 399/478/447 402/481/450 400/479/448
f 399/478/447 401/480/449 402/481/450
f 403/482/451 401/480/449 392/470/439
f 392/470/439 389/467/436 403/482/451
f 389/467/436 404/483/452 403/482/451
f 389/467/436 385/462/431 404/483/452
f 403/482/451 405/484/453 401/480/449
f 405/484/453 403/482/451 404/483/452
f 385/462/431 406/485/454 404/483/452
f 406/485/454 385/462/431 2732/463/432
f 404/483/452 406/485/454 407/486/455
f 407/486/455 405/484/453 404/483/452
f 406/485/454 2732/463/432 408/487/456
f 406/485/454 408/487/456 407/486/455
f 2732/463/432 409/488/457 408/487/456
f 408/487/456 409/488/457 410/489/458
f 409/488/457 411/490/459 410/489/458
f 407/486/455 408/487/456 412/491/460
f 405/484/453 407/486/455 412/491/460
f 412/491/460 408/487/456 410/489/458
f 405/484/453 413/492/461 401/480/449
f 401/480/449 413/492/461 402/481/450
f 412/491/460 414/493/462 405/484/453
f 414/493/462 413/492/461 405/484/453
f 413/492/461 414/493/462 402/481/450
f 412/491/460 410/489/458 414/493/462
f 414/493/462 415/494/463 402/481/450
f 410/489/458 415/494/463 414/493/462
f 402/481/450 415/494/463 400/479/448
f 415/494/463 824/495/464 400/479/448
f 410/489/458 411/490/459 416/496/465
f 411/490/459 417/497/466 416/496/465
f 416/496/465 417/497/466 418/498/467
f 415/494/463 410/489/458 419/499/468
f 824/495/464 415/494/463 419/499/468
f 410/489/458 416/496/465 419/499/468
f 420/500/469 416/496/465 418/498/467
f 418/498/467 421/501/470 420/500/469
f 419/499/468 416/496/465 422/502/471
f 416/496/465 420/500/469 422/502/471
f 422/502/471 423/503/472 419/499/468
f 422/502/471 420/500/469 424/504/473
f 421/501/470 425/505/474 420/500/469
f 420/500/469 425/505/474 424/504/473
f 421/501/470 2765/506/475 425/505/474
f 423/503/472 426/507/476 419/499/468
f 426/507/476 824/495/464 419/499/468
f 426/507/476 423/503/472 427/508/477
f 824/495/464 426/507/476 428/509/478
f 428/509/478 426/507/476 427/508/477
f 427/508/477 86/510/102 428/509/478
f 429/511/479 824/495/464 428/509/478
f 86/510/102 430/512/104 428/509/478
f 428/509/478 430/512/104 429/511/479
f 430/512/104 431/513/108 429/511/479
f 424/504/473 425/505/474 432/514/480
f 579/515/481 424/504/473 432/514/480
f 2765/506/475 433/516/482 425/505/474
f 425/505/474 433/516/482 432/514/480
f 433/516/482 2765/506/475 434/517/483
f 433/516/482 435/518/484 432/514/480
f 435/518/484 433/516/482 434/517/483
f 436/519/485 579/515/481 432/514/480
f 435/518/484 436/519/485 432/514/480
f 579/515/481 436/519/485 437/520/486
f 437/520/486 581/521/487 579/515/481
f 438/522/488 581/521/487 437/520/486
f 439/523/489 435/518/484 434/517/483
f 440/524/490 439/523/489 434/517/483
f 440/524/490 2778/525/491 439/523/489
f 436/519/485 435/518/484 441/526/492
f 435/518/484 439/523/489 441/526/492
f 436/519/485 441/526/492 437/520/486
f 2778/525/491 442/527/493 439/523/489
f 441/526/492 439/523/489 442/527/493
f 2778/525/491 2781/528/494 442/527/493
f 2781/528/494 443/529/495 442/527/493
f 444/530/496 443/529/495 2781/528/494
f 444/530/496 445/531/497 443/529/495
f 445/531/497 2783/532/498 443/529/495
f 446/533/499 441/526/492 442/527/493
f 437/520/486 441/526/492 446/533/499
f 447/534/500 438/522/488 437/520/486
f 448/535/501 438/522/488 447/534/500
f 442/527/493 443/529/495 449/536/502
f 446/533/499 442/527/493 449/536/502
f 450/537/503 437/520/486 446/533/499
f 447/534/500 437/520/486 450/537/503
f 446/533/499 449/536/502 451/538/504
f 450/537/503 446/533/499 451/538/504
f 449/536/502 443/529/495 452/539/505
f 451/538/504 449/536/502 452/539/505
f 2783/532/498 453/540/506 443/529/495
f 443/529/495 453/540/506 452/539/505
f 453/540/506 2783/532/498 454/541/507
f 452/539/505 453/540/506 454/541/507
f 2783/532/498 2788/542/508 454/541/507
f 2789/543/509 454/541/507 2788/542/508
f 2789/543/509 455/544/510 454/541/507
f 456/545/511 447/534/500 450/537/503
f 456/545/511 450/537/503 451/538/504
f 457/546/512 454/541/507 455/544/510
f 458/547/513 457/546/512 455/544/510
f 457/546/512 458/547/513 459/548/514
f 458/547/513 2795/549/515 459/548/514
f 460/550/516 459/548/514 2795/549/515
f 459/548/514 460/550/516 461/551/517
f 462/552/518 452/539/505 454/541/507
f 462/552/518 454/541/507 457/546/512
f 463/553/519 451/538/504 452/539/505
f 463/553/519 452/539/505 462/552/518
f 447/534/500 456/545/511 464/554/520
f 464/554/520 448/535/501 447/534/500
f 465/555/521 456/545/511 451/538/504
f 465/555/521 451/538/504 463/553/519
f 456/545/511 466/556/522 464/554/520
f 466/556/522 456/545/511 465/555/521
f 448/535/501 464/554/520 467/557/523
f 468/558/524 464/554/520 466/556/522
f 464/554/520 468/558/524 467/557/523
f 467/557/523 469/559/525 448/535/501
f 448/535/501 469/559/525 470/560/526
f 471/561/527 465/555/521 463/553/519
f 472/562/528 466/556/522 465/555/521
f 472/562/528 465/555/521 471/561/527
f 473/563/529 468/558/524 466/556/522
f 473/563/529 466/556/522 472/562/528
f 467/557/523 468/558/524 474/564/530
f 474/564/530 468/558/524 473/563/529
f 467/557/523 475/565/531 469/559/525
f 475/565/531 467/557/523 474/564/530
f 470/560/526 469/559/525 747/566/532
f 475/565/531 747/566/532 469/559/525
f 747/566/532 476/567/533 470/560/526
f 470/560/526 476/567/533 477/568/534
f 475/565/531 478/569/535 747/566/532
f 478/569/535 479/570/536 747/566/532
f 479/570/536 478/569/535 742/571/537
f 478/569/535 475/565/531 480/572/538
f 475/565/531 474/564/530 480/572/538
f 478/569/535 480/572/538 742/571/537
f 481/573/539 474/564/530 473/563/529
f 480/572/538 474/564/530 481/573/539
f 742/571/537 480/572/538 482/574/540
f 482/574/540 480/572/538 481/573/539
f 736/575/541 742/571/537 482/574/540
f 481/573/539 473/563/529 483/576/542
f 483/576/542 473/563/529 472/562/528
f 482/574/540 481/573/539 484/577/543
f 484/577/543 481/573/539 483/576/542
f 736/575/541 482/574/540 485/578/544
f 485/578/544 482/574/540 484/577/543
f 486/579/545 736/575/541 485/578/544
f 486/579/545 485/578/544 487/580/546
f 488/581/547 486/579/545 487/580/546
f 484/577/543 489/582/548 485/578/544
f 489/582/548 487/580/546 485/578/544
f 487/580/546 490/583/549 488/581/547
f 487/580/546 489/582/548 490/583/549
f 490/583/549 491/584/550 488/581/547
f 484/577/543 483/576/542 492/585/551
f 489/582/548 484/577/543 492/585/551
f 483/576/542 472/562/528 493/586/552
f 492/585/551 483/576/542 493/586/552
f 491/584/550 490/583/549 1321/587/553
f 1239/588/554 491/584/550 1321/587/553
f 1321/587/553 490/583/549 494/589/555
f 489/582/548 494/589/555 490/583/549
f 495/590/556 1321/587/553 494/589/555
f 495/590/556 494/589/555 1325/591/557
f 494/589/555 489/582/548 496/592/558
f 494/589/555 496/592/558 1325/591/557
f 489/582/548 492/585/551 496/592/558
f 497/593/559 1325/591/557 496/592/558
f 496/592/558 492/585/551 498/594/560
f 498/594/560 497/593/559 496/592/558
f 492/585/551 493/586/552 498/594/560
f 499/595/561 497/593/559 498/594/560
f 472/562/528 500/596/562 493/586/552
f 498/594/560 493/586/552 500/596/562
f 500/596/562 472/562/528 471/561/527
f 501/597/563 499/595/561 498/594/560
f 501/597/563 498/594/560 500/596/562
f 500/596/562 471/561/527 502/598/564
f 500/596/562 502/598/564 501/597/563
f 499/595/561 501/597/563 503/599/565
f 502/598/564 503/599/565 501/597/563
f 1329/600/566 499/595/561 503/599/565
f 502/598/564 471/561/527 504/601/567
f 471/561/527 463/553/519 504/601/567
f 504/601/567 463/553/519 462/552/518
f 502/598/564 504/601/567 505/602/568
f 504/601/567 462/552/518 505/602/568
f 503/599/565 502/598/564 505/602/568
f 1329/600/566 503/599/565 506/603/569
f 1330/604/570 1329/600/566 506/603/569
f 462/552/518 507/605/571 505/602/568
f 507/605/571 462/552/518 457/546/512
f 507/605/571 457/546/512 508/606/572
f 505/602/568 507/605/571 508/606/572
f 457/546/512 459/548/514 508/606/572
f 503/599/565 505/602/568 509/607/573
f 509/607/573 505/602/568 508/606/572
f 506/603/569 503/599/565 509/607/573
f 509/607/573 508/606/572 510/608/574
f 506/603/569 509/607/573 510/608/574
f 508/606/572 459/548/514 510/608/574
f 1330/604/570 506/603/569 511/609/575
f 511/609/575 506/603/569 510/608/574
f 512/610/576 1330/604/570 511/609/575
f 512/610/576 511/609/575 513/611/577
f 510/608/574 459/548/514 514/612/578
f 511/609/575 510/608/574 514/612/578
f 511/609/575 515/613/579 513/611/577
f 515/613/579 511/609/575 514/612/578
f 513/611/577 515/613/579 516/614/580
f 515/613/579 514/612/578 516/614/580
f 1366/615/581 513/611/577 516/614/580
f 1366/615/581 516/614/580 1368/616/582
f 459/548/514 517/617/583 514/612/578
f 514/612/578 517/617/583 516/614/580
f 517/617/583 459/548/514 461/551/517
f 517/617/583 461/551/517 516/614/580
f 461/551/517 518/618/584 516/614/580
f 516/614/580 519/619/585 1368/616/582
f 519/619/585 516/614/580 518/618/584
f 519/619/585 520/620/586 1368/616/582
f 521/621/587 519/619/585 518/618/584
f 521/621/587 520/620/586 519/619/585
f 422/622/471 424/623/473 522/624/588
f 523/625/589 422/622/471 522/624/588
f 422/622/471 523/625/589 423/626/472
f 524/627/590 523/625/589 522/624/588
f 525/628/591 524/627/590 522/624/588
f 526/629/592 524/627/590 525/628/591
f 572/630/593 526/629/592 525/628/591
f 527/631/594 526/629/592 572/630/593
f 568/632/595 527/631/594 572/630/593
f 528/633/596 527/631/594 568/632/595
f 529/634/597 528/633/596 568/632/595
f 530/635/598 528/633/596 529/634/597
f 564/636/599 530/635/598 529/634/597
f 531/637/600 530/635/598 564/636/599
f 560/638/601 531/637/600 564/636/599
f 532/639/602 531/637/600 560/638/601
f 533/640/603 532/639/602 560/638/601
f 532/639/602 533/640/603 534/641/604
f 1784/642/605 532/639/602 534/641/604
f 532/639/602 1784/642/605 535/643/606
f 536/644/607 531/637/600 532/639/602
f 531/637/600 536/644/607 530/635/598
f 537/645/608 532/639/602 535/643/606
f 537/645/608 536/644/607 532/639/602
f 537/645/608 535/643/606 538/646/609
f 535/643/606 1764/647/610 538/646/609
f 539/648/611 536/644/607 537/645/608
f 538/646/609 539/648/611 537/645/608
f 540/649/612 538/646/609 1764/647/610
f 1763/650/613 540/649/612 1764/647/610
f 541/651/614 539/648/611 538/646/609
f 540/649/612 541/651/614 538/646/609
f 542/652/615 540/649/612 1763/650/613
f 543/653/616 542/652/615 1763/650/613
f 542/652/615 543/653/616 1760/654/617
f 540/649/612 542/652/615 544/655/618
f 540/649/612 544/655/618 541/651/614
f 545/656/619 542/652/615 1760/654/617
f 542/652/615 545/656/619 544/655/618
f 546/657/620 545/656/619 1760/654/617
f 547/658/621 546/657/620 1760/654/617
f 546/657/620 547/658/621 548/659/622
f 544/655/618 545/656/619 549/660/623
f 545/656/619 546/657/620 549/660/623
f 550/661/624 546/657/620 548/659/622
f 550/661/624 548/659/622 551/662/625
f 552/663/626 541/651/614 544/655/618
f 549/660/623 552/663/626 544/655/618
f 549/660/623 546/657/620 553/664/627
f 546/657/620 550/661/624 553/664/627
f 553/664/627 550/661/624 554/665/628
f 555/666/629 550/661/624 551/662/625
f 550/661/624 555/666/629 554/665/628
f 555/666/629 551/662/625 5036/667/630
f 554/665/628 555/666/629 5036/667/630
f 5036/667/630 5035/668/631 554/665/628
f 553/664/627 556/669/632 549/660/623
f 556/669/632 552/663/626 549/660/623
f 553/664/627 554/665/628 556/669/632
f 5035/668/631 557/670/633 554/665/628
f 557/670/633 5035/668/631 534/671/604
f 533/672/603 557/670/633 534/671/604
f 554/665/628 558/673/634 556/669/632
f 558/673/634 554/665/628 557/670/633
f 557/670/633 533/672/603 559/674/635
f 559/674/635 558/673/634 557/670/633
f 533/672/603 560/675/601 559/674/635
f 556/669/632 561/676/636 552/663/626
f 556/669/632 558/673/634 561/676/636
f 562/677/637 558/673/634 559/674/635
f 558/673/634 562/677/637 561/676/636
f 559/674/635 560/675/601 563/678/638
f 563/678/638 562/677/637 559/674/635
f 560/675/601 564/679/599 563/678/638
f 561/676/636 565/680/639 552/663/626
f 552/663/626 565/680/639 541/651/614
f 561/676/636 562/677/637 566/681/640
f 565/680/639 561/676/636 566/681/640
f 563/678/638 564/679/599 567/682/641
f 564/679/599 529/683/597 567/682/641
f 529/683/597 568/684/595 567/682/641
f 562/677/637 563/678/638 569/685/642
f 562/677/637 569/685/642 566/681/640
f 563/678/638 567/682/641 569/685/642
f 565/680/639 570/686/643 541/651/614
f 541/651/614 570/686/643 539/648/611
f 567/682/641 568/684/595 571/687/644
f 568/684/595 572/688/593 571/687/644
f 573/689/645 565/680/639 566/681/640
f 570/686/643 565/680/639 573/689/645
f 569/685/642 567/682/641 574/690/646
f 567/682/641 571/687/644 574/690/646
f 566/681/640 569/685/642 575/691/647
f 569/685/642 574/690/646 575/691/647
f 573/689/645 566/681/640 575/691/647
f 571/687/644 572/688/593 576/692/648
f 572/688/593 525/693/591 576/692/648
f 576/692/648 525/693/591 522/694/588
f 574/690/646 571/687/644 577/695/649
f 571/687/644 576/692/648 577/695/649
f 574/690/646 577/695/649 575/691/647
f 578/696/650 576/692/648 522/694/588
f 577/695/649 576/692/648 578/696/650
f 522/694/588 424/697/473 578/696/650
f 424/697/473 579/698/481 578/696/650
f 578/696/650 579/698/481 580/699/651
f 580/699/651 577/695/649 578/696/650
f 579/698/481 581/700/487 580/699/651
f 577/695/649 582/701/652 575/691/647
f 582/701/652 577/695/649 580/699/651
f 580/699/651 581/700/487 583/702/653
f 583/702/653 582/701/652 580/699/651
f 581/700/487 438/703/488 583/702/653
f 438/703/488 448/704/501 583/702/653
f 575/691/647 582/701/652 584/705/654
f 584/705/654 573/689/645 575/691/647
f 448/704/501 585/706/655 583/702/653
f 448/704/501 470/707/526 585/706/655
f 586/708/656 582/701/652 583/702/653
f 582/701/652 586/708/656 584/705/654
f 585/706/655 586/708/656 583/702/653
f 587/709/657 586/708/656 585/706/655
f 584/705/654 586/708/656 587/709/657
f 588/710/658 573/689/645 584/705/654
f 588/710/658 570/686/643 573/689/645
f 470/707/526 589/711/659 585/706/655
f 589/711/659 587/709/657 585/706/655
f 590/712/660 589/711/659 470/707/526
f 477/713/534 590/712/660 470/707/526
f 590/712/660 591/714/661 589/711/659
f 591/714/661 587/709/657 589/711/659
f 592/715/662 590/712/660 477/713/534
f 591/714/661 590/712/660 592/715/662
f 427/716/477 592/715/662 477/713/534
f 592/715/662 427/716/477 423/626/472
f 593/717/663 584/705/654 587/709/657
f 593/717/663 588/710/658 584/705/654
f 587/709/657 591/714/661 594/718/664
f 593/717/663 587/709/657 594/718/664
f 595/719/665 592/715/662 423/626/472
f 523/625/589 595/719/665 423/626/472
f 596/720/666 591/714/661 592/715/662
f 596/720/666 592/715/662 595/719/665
f 594/718/664 591/714/661 596/720/666
f 597/721/667 595/719/665 523/625/589
f 597/721/667 596/720/666 595/719/665
f 524/627/590 597/721/667 523/625/589
f 598/722/668 588/710/658 593/717/663
f 594/718/664 598/722/668 593/717/663
f 599/723/669 594/718/664 596/720/666
f 599/723/669 596/720/666 597/721/667
f 598/722/668 594/718/664 599/723/669
f 600/724/670 597/721/667 524/627/590
f 600/724/670 599/723/669 597/721/667
f 526/629/592 600/724/670 524/627/590
f 588/710/658 598/722/668 601/725/671
f 570/686/643 588/710/658 601/725/671
f 602/726/672 598/722/668 599/723/669
f 602/726/672 599/723/669 600/724/670
f 601/725/671 598/722/668 602/726/672
f 603/727/673 600/724/670 526/629/592
f 603/727/673 602/726/672 600/724/670
f 527/631/594 603/727/673 526/629/592
f 604/728/674 570/686/643 601/725/671
f 570/686/643 604/728/674 539/648/611
f 539/648/611 604/728/674 536/644/607
f 605/729/675 601/725/671 602/726/672
f 605/729/675 604/728/674 601/725/671
f 604/728/674 606/730/676 536/644/607
f 536/644/607 606/730/676 530/635/598
f 607/731/677 602/726/672 603/727/673
f 602/726/672 607/731/677 605/729/675
f 603/727/673 527/631/594 608/732/678
f 608/732/678 527/631/594 528/633/596
f 609/733/679 604/728/674 605/729/675
f 604/728/674 609/733/679 606/730/676
f 530/635/598 606/730/676 610/734/680
f 530/635/598 610/734/680 528/633/596
f 606/730/676 611/735/681 610/734/680
f 609/733/679 611/735/681 606/730/676
f 610/734/680 612/736/682 528/633/596
f 612/736/682 610/734/680 611/735/681
f 612/736/682 608/732/678 528/633/596
f 613/737/683 612/736/682 611/735/681
f 613/737/683 611/735/681 609/733/679
f 608/732/678 612/736/682 613/737/683
f 614/738/684 603/727/673 608/732/678
f 614/738/684 607/731/677 603/727/673
f 614/738/684 608/732/678 613/737/683
f 614/738/684 613/737/683 607/731/677
f 615/739/685 609/733/679 605/729/675
f 607/731/677 615/739/685 605/729/675
f 613/737/683 615/739/685 607/731/677
f 615/739/685 613/737/683 609/733/679
f 1029/740/686 2991/741/687 616/742/688
f 2991/741/687 617/743/689 616/742/688
f 616/742/688 617/743/689 1019/744/690
f 617/743/689 2991/741/687 2994/745/691
f 617/743/689 618/746/692 1019/744/690
f 1019/744/690 618/746/692 1009/747/693
f 619/748/694 617/743/689 2994/745/691
f 618/746/692 617/743/689 619/748/694
f 2994/745/691 620/749/695 619/748/694
f 620/749/695 621/750/696 619/748/694
f 621/750/696 620/749/695 2998/751/697
f 622/752/698 618/746/692 619/748/694
f 619/748/694 621/750/696 622/752/698
f 618/746/692 623/753/699 1009/747/693
f 623/753/699 618/746/692 622/752/698
f 1009/747/693 623/753/699 624/754/700
f 1005/755/701 1009/747/693 624/754/700
f 1005/755/701 624/754/700 1004/756/702
f 625/757/703 623/753/699 622/752/698
f 623/753/699 625/757/703 624/754/700
f 621/750/696 626/758/704 622/752/698
f 625/757/703 622/752/698 626/758/704
f 627/759/705 621/750/696 2998/751/697
f 626/758/704 621/750/696 628/760/706
f 621/750/696 627/759/705 628/760/706
f 629/761/707 627/759/705 2998/751/697
f 630/762/708 629/761/707 2998/751/697
f 628/760/706 627/759/705 631/763/709
f 627/759/705 629/761/707 631/763/709
f 632/764/710 629/761/707 630/762/708
f 633/765/711 632/764/710 630/762/708
f 631/763/709 629/761/707 634/766/712
f 629/761/707 632/764/710 634/766/712
f 635/767/713 632/764/710 633/765/711
f 636/768/714 635/767/713 633/765/711
f 636/768/714 637/769/715 635/767/713
f 632/764/710 635/767/713 638/770/716
f 634/766/712 632/764/710 638/770/716
f 637/769/715 639/771/717 635/767/713
f 635/767/713 639/771/717 638/770/716
f 639/771/717 637/769/715 640/772/718
f 637/769/715 3016/773/719 640/772/718
f 640/772/718 3016/773/719 641/774/720
f 3016/773/719 3018/775/721 641/774/720
f 642/776/722 641/774/720 3018/775/721
f 643/777/723 642/776/722 3018/775/721
f 640/772/718 641/774/720 644/778/724
f 641/774/720 642/776/722 644/778/724
f 639/771/717 640/772/718 645/779/725
f 645/779/725 640/772/718 644/778/724
f 639/771/717 646/780/726 638/770/716
f 646/780/726 639/771/717 645/779/725
f 638/770/716 646/780/726 647/781/727
f 634/766/712 638/770/716 648/782/728
f 648/782/728 638/770/716 647/781/727
f 649/783/729 634/766/712 648/782/728
f 634/766/712 649/783/729 631/763/709
f 650/784/730 642/776/722 643/777/723
f 651/785/731 650/784/730 643/777/723
f 651/785/731 652/786/732 650/784/730
f 652/786/732 653/787/733 650/784/730
f 652/786/732 3028/788/734 653/787/733
f 642/776/722 650/784/730 654/789/735
f 650/784/730 653/787/733 654/789/735
f 3028/788/734 655/790/736 653/787/733
f 3028/788/734 656/791/737 655/790/736
f 648/782/728 647/781/727 657/792/738
f 649/783/729 648/782/728 657/792/738
f 649/783/729 658/793/739 631/763/709
f 631/763/709 658/793/739 628/760/706
f 659/794/740 642/776/722 654/789/735
f 642/776/722 659/794/740 644/778/724
f 653/787/733 660/795/741 654/789/735
f 653/787/733 655/790/736 660/795/741
f 660/795/741 661/796/742 654/789/735
f 661/796/742 662/797/743 654/789/735
f 654/789/735 662/797/743 659/794/740
f 659/794/740 663/798/744 644/778/724
f 662/797/743 663/798/744 659/794/740
f 655/790/736 664/799/745 660/795/741
f 661/796/742 660/795/741 664/799/745
f 649/783/729 665/800/746 658/793/739
f 665/800/746 649/783/729 657/792/738
f 663/798/744 666/801/747 644/778/724
f 644/778/724 666/801/747 645/779/725
f 666/801/747 667/802/748 645/779/725
f 645/779/725 667/802/748 646/780/726
f 662/797/743 668/803/749 663/798/744
f 668/803/749 662/797/743 661/796/742
f 666/801/747 663/798/744 669/804/750
f 666/801/747 669/804/750 667/802/748
f 668/803/749 670/805/751 663/798/744
f 663/798/744 670/805/751 669/804/750
f 670/805/751 668/803/749 671/806/752
f 668/803/749 661/796/742 671/806/752
f 667/802/748 672/807/753 646/780/726
f 646/780/726 672/807/753 647/781/727
f 669/804/750 670/805/751 673/808/754
f 673/808/754 670/805/751 671/806/752
f 674/809/755 672/807/753 667/802/748
f 669/804/750 675/810/756 667/802/748
f 675/810/756 674/809/755 667/802/748
f 675/810/756 669/804/750 676/811/757
f 676/811/757 669/804/750 673/808/754
f 672/807/753 677/812/758 647/781/727
f 672/807/753 674/809/755 677/812/758
f 674/809/755 675/810/756 678/813/759
f 678/813/759 675/810/756 676/811/757
f 674/809/755 679/814/760 677/812/758
f 679/814/760 674/809/755 678/813/759
f 677/812/758 680/815/761 647/781/727
f 679/814/760 681/816/762 677/812/758
f 681/816/762 680/815/761 677/812/758
f 679/814/760 678/813/759 682/817/763
f 681/816/762 679/814/760 682/817/763
f 682/817/763 678/813/759 683/818/764
f 678/813/759 676/811/757 683/818/764
f 681/816/762 682/817/763 684/819/765
f 682/817/763 683/818/764 684/819/765
f 680/815/761 685/820/766 647/781/727
f 647/781/727 685/820/766 657/792/738
f 681/816/762 686/821/767 680/815/761
f 686/821/767 681/816/762 684/819/765
f 680/815/761 687/822/768 685/820/766
f 686/821/767 687/822/768 680/815/761
f 657/792/738 685/820/766 688/823/769
f 687/822/768 688/823/769 685/820/766
f 689/824/770 687/822/768 686/821/767
f 688/823/769 687/822/768 689/824/770
f 688/823/769 689/824/770 690/825/771
f 691/826/772 657/792/738 688/823/769
f 691/826/772 688/823/769 690/825/771
f 665/800/746 657/792/738 691/826/772
f 692/827/773 665/800/746 691/826/772
f 693/828/774 691/826/772 690/825/771
f 692/827/773 691/826/772 693/828/774
f 694/829/775 665/800/746 692/827/773
f 665/800/746 694/829/775 658/793/739
f 658/793/739 694/829/775 695/830/776
f 658/793/739 695/830/776 628/760/706
f 628/760/706 695/830/776 626/758/704
f 695/830/776 696/831/777 626/758/704
f 696/831/777 625/757/703 626/758/704
f 694/829/775 697/832/778 695/830/776
f 695/830/776 697/832/778 696/831/777
f 625/757/703 696/831/777 698/833/779
f 625/757/703 698/833/779 624/754/700
f 697/832/778 699/834/780 696/831/777
f 696/831/777 699/834/780 698/833/779
f 699/834/780 697/832/778 700/835/781
f 698/833/779 699/834/780 700/835/781
f 701/836/782 697/832/778 694/829/775
f 697/832/778 701/836/782 700/835/781
f 702/837/783 694/829/775 692/827/773
f 702/837/783 701/836/782 694/829/775
f 624/754/700 698/833/779 703/838/784
f 703/838/784 698/833/779 700/835/781
f 702/837/783 692/827/773 704/839/785
f 704/839/785 692/827/773 693/828/774
f 705/840/786 624/754/700 703/838/784
f 624/754/700 705/840/786 1004/756/702
f 1004/756/702 705/840/786 706/841/787
f 707/842/788 1004/756/702 706/841/787
f 707/842/788 706/841/787 708/843/789
f 705/840/786 703/838/784 709/844/790
f 706/841/787 705/840/786 709/844/790
f 706/841/787 710/845/791 708/843/789
f 706/841/787 709/844/790 710/845/791
f 708/843/789 710/845/791 1127/846/792
f 1127/846/792 710/845/791 1130/847/793
f 710/845/791 711/848/794 1130/847/793
f 709/844/790 711/848/794 710/845/791
f 1130/847/793 711/848/794 1137/849/795
f 1137/849/795 711/848/794 712/850/796
f 703/838/784 713/851/797 709/844/790
f 713/851/797 703/838/784 700/835/781
f 711/848/794 709/844/790 714/852/798
f 711/848/794 714/852/798 712/850/796
f 709/844/790 713/851/797 714/852/798
f 715/853/799 713/851/797 700/835/781
f 700/835/781 701/836/782 715/853/799
f 714/852/798 716/854/800 712/850/796
f 716/854/800 717/855/801 712/850/796
f 717/855/801 716/854/800 1230/856/802
f 714/852/798 713/851/797 718/857/803
f 716/854/800 714/852/798 718/857/803
f 713/851/797 715/853/799 718/857/803
f 701/836/782 719/858/804 715/853/799
f 719/858/804 701/836/782 702/837/783
f 716/854/800 720/859/805 1230/856/802
f 720/859/805 716/854/800 718/857/803
f 1230/856/802 720/859/805 721/860/806
f 722/861/807 1230/856/802 721/860/806
f 722/861/807 721/860/806 1238/862/808
f 715/853/799 723/863/809 718/857/803
f 723/863/809 720/859/805 718/857/803
f 715/853/799 719/858/804 723/863/809
f 724/864/810 719/858/804 702/837/783
f 724/864/810 702/837/783 704/839/785
f 720/859/805 723/863/809 725/865/811
f 721/860/806 720/859/805 725/865/811
f 719/858/804 726/866/812 723/863/809
f 726/866/812 719/858/804 724/864/810
f 723/863/809 726/866/812 725/865/811
f 727/867/813 726/866/812 724/864/810
f 727/867/813 724/864/810 704/839/785
f 726/866/812 728/868/814 725/865/811
f 728/868/814 726/866/812 727/867/813
f 728/868/814 729/869/815 725/865/811
f 729/869/815 721/860/806 725/865/811
f 721/860/806 730/870/816 1238/862/808
f 1238/862/808 730/870/816 1239/871/554
f 730/870/816 491/872/550 1239/871/554
f 730/870/816 721/860/806 731/873/817
f 491/872/550 730/870/816 731/873/817
f 721/860/806 729/869/815 731/873/817
f 488/874/547 491/872/550 731/873/817
f 732/875/818 728/868/814 727/867/813
f 728/868/814 732/875/818 729/869/815
f 733/876/819 727/867/813 704/839/785
f 732/875/818 727/867/813 733/876/819
f 731/873/817 729/869/815 734/877/820
f 732/875/818 734/877/820 729/869/815
f 488/874/547 731/873/817 735/878/821
f 735/878/821 731/873/817 734/877/820
f 486/879/545 488/874/547 735/878/821
f 736/880/541 486/879/545 735/878/821
f 737/881/822 733/876/819 704/839/785
f 693/828/774 737/881/822 704/839/785
f 693/828/774 690/825/771 737/881/822
f 738/882/823 732/875/818 733/876/819
f 732/875/818 738/882/823 734/877/820
f 733/876/819 737/881/822 738/882/823
f 739/883/824 735/878/821 734/877/820
f 739/883/824 736/880/541 735/878/821
f 740/884/825 739/883/824 734/877/820
f 738/882/823 740/884/825 734/877/820
f 736/880/541 739/883/824 741/885/826
f 739/883/824 740/884/825 741/885/826
f 742/886/537 736/880/541 741/885/826
f 743/887/827 740/884/825 738/882/823
f 740/884/825 743/887/827 741/885/826
f 737/881/822 744/888/828 738/882/823
f 744/888/828 743/887/827 738/882/823
f 742/886/537 741/885/826 745/889/829
f 479/890/536 742/886/537 745/889/829
f 745/889/829 746/891/830 479/890/536
f 746/891/830 747/892/532 479/890/536
f 476/893/533 747/892/532 746/891/830
f 745/889/829 741/885/826 748/894/831
f 741/885/826 743/887/827 748/894/831
f 745/889/829 748/894/831 746/891/830
f 743/887/827 749/895/832 748/894/831
f 743/887/827 744/888/828 749/895/832
f 737/881/822 750/896/833 744/888/828
f 690/825/771 750/896/833 737/881/822
f 751/897/834 476/893/533 746/891/830
f 477/898/534 476/893/533 751/897/834
f 751/897/834 752/899/835 477/898/534
f 752/899/835 751/897/834 746/891/830
f 748/894/831 753/900/836 746/891/830
f 749/895/832 753/900/836 748/894/831
f 744/888/828 754/901/837 749/895/832
f 750/896/833 754/901/837 744/888/828
f 752/899/835 755/902/838 477/898/534
f 477/898/534 755/902/838 427/903/477
f 427/903/477 755/902/838 86/904/102
f 755/902/838 84/905/99 86/904/102
f 84/905/99 755/902/838 80/906/93
f 755/902/838 752/899/835 80/906/93
f 80/906/93 752/899/835 79/907/94
f 756/908/839 752/899/835 746/891/830
f 752/899/835 756/908/839 79/907/94
f 753/900/836 756/908/839 746/891/830
f 756/908/839 753/900/836 79/907/94
f 753/900/836 757/909/202 79/907/94
f 757/909/202 753/900/836 749/895/832
f 170/910/201 757/909/202 749/895/832
f 170/910/201 749/895/832 754/901/837
f 758/911/191 170/910/201 754/901/837
f 758/911/191 754/901/837 750/896/833
f 758/911/191 750/896/833 158/912/188
f 750/896/833 759/913/840 158/912/188
f 760/914/184 158/912/188 759/913/840
f 759/913/840 750/896/833 690/825/771
f 761/915/841 760/914/184 759/913/840
f 154/916/183 760/914/184 761/915/841
f 762/917/842 759/913/840 690/825/771
f 761/915/841 759/913/840 762/917/842
f 689/824/770 762/917/842 690/825/771
f 763/918/843 154/916/183 761/915/841
f 154/916/183 763/918/843 764/919/180
f 765/920/844 761/915/841 762/917/842
f 765/920/844 762/917/842 689/824/770
f 763/918/843 761/915/841 765/920/844
f 766/921/845 765/920/844 689/824/770
f 766/921/845 689/824/770 686/821/767
f 765/920/844 766/921/845 767/922/846
f 767/922/846 763/918/843 765/920/844
f 768/923/847 766/921/845 686/821/767
f 766/921/845 768/923/847 767/922/846
f 684/819/765 768/923/847 686/821/767
f 763/918/843 769/924/848 764/919/180
f 764/919/180 769/924/848 770/925/177
f 767/922/846 771/926/849 763/918/843
f 771/926/849 769/924/848 763/918/843
f 767/922/846 768/923/847 772/927/850
f 772/927/850 768/923/847 684/819/765
f 771/926/849 767/922/846 772/927/850
f 769/924/848 773/928/851 770/925/177
f 769/924/848 771/926/849 773/928/851
f 774/929/852 772/927/850 684/819/765
f 683/818/764 774/929/852 684/819/765
f 771/926/849 772/927/850 775/930/853
f 771/926/849 775/930/853 773/928/851
f 772/927/850 774/929/852 775/930/853
f 770/925/177 773/928/851 776/931/854
f 773/928/851 775/930/853 776/931/854
f 147/932/174 770/925/177 776/931/854
f 774/929/852 683/818/764 777/933/855
f 683/818/764 676/811/757 777/933/855
f 775/930/853 774/929/852 778/934/856
f 775/930/853 778/934/856 776/931/854
f 776/931/854 779/935/857 147/932/174
f 779/935/857 146/936/173 147/932/174
f 676/811/757 780/937/858 777/933/855
f 676/811/757 673/808/754 780/937/858
f 781/938/859 774/929/852 777/933/855
f 774/929/852 781/938/859 778/934/856
f 781/938/859 777/933/855 780/937/858
f 778/934/856 782/939/860 776/931/854
f 778/934/856 781/938/859 782/939/860
f 782/939/860 779/935/857 776/931/854
f 783/940/861 781/938/859 780/937/858
f 781/938/859 783/940/861 782/939/860
f 783/940/861 780/937/858 784/941/862
f 783/940/861 784/941/862 782/939/860
f 673/808/754 785/942/863 780/937/858
f 780/937/858 785/942/863 784/941/862
f 782/939/860 786/943/864 779/935/857
f 784/941/862 786/943/864 782/939/860
f 787/944/865 785/942/863 673/808/754
f 671/806/752 787/944/865 673/808/754
f 779/935/857 786/943/864 788/945/866
f 779/935/857 788/945/866 146/936/173
f 785/942/863 789/946/867 784/941/862
f 789/946/867 785/942/863 787/944/865
f 790/947/868 786/943/864 784/941/862
f 786/943/864 791/948/869 788/945/866
f 786/943/864 790/947/868 791/948/869
f 789/946/867 792/949/870 784/941/862
f 792/949/870 790/947/868 784/941/862
f 792/949/870 789/946/867 793/950/871
f 790/947/868 792/949/870 793/950/871
f 794/951/872 789/946/867 787/944/865
f 789/946/867 794/951/872 793/950/871
f 795/952/873 793/950/871 794/951/872
f 796/953/874 790/947/868 793/950/871
f 790/947/868 796/953/874 791/948/869
f 796/953/874 793/950/871 795/952/873
f 797/954/875 794/951/872 787/944/865
f 797/954/875 795/952/873 794/951/872
f 798/955/876 797/954/875 787/944/865
f 798/955/876 787/944/865 671/806/752
f 796/953/874 799/956/877 791/948/869
f 799/956/877 796/953/874 795/952/873
f 795/952/873 797/954/875 800/957/878
f 800/957/878 797/954/875 798/955/876
f 801/958/879 798/955/876 671/806/752
f 661/796/742 801/958/879 671/806/752
f 802/959/880 798/955/876 801/958/879
f 802/959/880 800/957/878 798/955/876
f 801/958/879 661/796/742 803/960/881
f 803/960/881 802/959/880 801/958/879
f 661/796/742 804/961/882 803/960/881
f 804/961/882 661/796/742 664/799/745
f 799/956/877 805/962/883 791/948/869
f 806/963/884 799/956/877 795/952/873
f 799/956/877 806/963/884 805/962/883
f 807/964/885 795/952/873 800/957/878
f 807/964/885 806/963/884 795/952/873
f 808/965/886 807/964/885 800/957/878
f 806/963/884 807/964/885 808/965/886
f 802/959/880 808/965/886 800/957/878
f 791/948/869 805/962/883 809/966/887
f 788/945/866 791/948/869 809/966/887
f 806/963/884 810/967/888 805/962/883
f 810/967/888 806/963/884 808/965/886
f 809/966/887 805/962/883 811/968/889
f 805/962/883 810/967/888 811/968/889
f 811/968/889 812/969/890 809/966/887
f 788/945/866 809/966/887 813/970/891
f 788/945/866 813/970/891 146/936/173
f 811/968/889 810/967/888 814/971/892
f 811/968/889 814/971/892 812/969/890
f 810/967/888 808/965/886 815/972/893
f 810/967/888 815/972/893 814/971/892
f 808/965/886 802/959/880 816/973/894
f 808/965/886 816/973/894 815/972/893
f 809/966/887 817/974/895 813/970/891
f 812/969/890 817/974/895 809/966/887
f 813/970/891 818/975/896 146/936/173
f 813/970/891 817/974/895 818/975/896
f 818/975/896 103/976/121 146/936/173
f 802/959/880 819/977/897 816/973/894
f 819/977/897 802/959/880 803/960/881
f 815/972/893 816/973/894 820/978/898
f 816/973/894 819/977/897 820/978/898
f 103/976/121 818/975/896 821/979/899
f 102/980/120 103/976/121 821/979/899
f 821/979/899 822/981/900 102/980/120
f 102/980/120 822/981/900 431/982/108
f 431/982/108 822/981/900 429/983/479
f 429/983/479 822/981/900 823/984/901
f 824/985/464 429/983/479 823/984/901
f 400/986/448 824/985/464 823/984/901
f 400/986/448 823/984/901 825/987/902
f 396/988/444 400/986/448 825/987/902
f 396/988/444 825/987/902 394/989/442
f 823/984/901 822/981/900 826/990/903
f 822/981/900 821/979/899 826/990/903
f 825/987/902 823/984/901 826/990/903
f 821/979/899 818/975/896 827/991/904
f 827/991/904 826/990/903 821/979/899
f 826/990/903 828/992/905 825/987/902
f 828/992/905 826/990/903 827/991/904
f 825/987/902 828/992/905 829/993/906
f 829/993/906 828/992/905 827/991/904
f 394/989/442 825/987/902 830/994/907
f 830/994/907 825/987/902 829/993/906
f 818/975/896 831/995/908 827/991/904
f 817/974/895 831/995/908 818/975/896
f 394/989/442 830/994/907 832/996/909
f 394/989/442 832/996/909 833/997/441
f 827/991/904 831/995/908 834/998/910
f 834/998/910 829/993/906 827/991/904
f 835/999/911 831/995/908 817/974/895
f 831/995/908 835/999/911 834/998/910
f 812/969/890 835/999/911 817/974/895
f 830/994/907 829/993/906 836/1000/912
f 830/994/907 836/1000/912 832/996/909
f 829/993/906 834/998/910 837/1001/913
f 829/993/906 837/1001/913 836/1000/912
f 834/998/910 835/999/911 838/1002/914
f 834/998/910 838/1002/914 837/1001/913
f 835/999/911 839/1003/915 838/1002/914
f 837/1001/913 838/1002/914 839/1003/915
f 837/1001/913 840/1004/916 836/1000/912
f 840/1004/916 837/1001/913 839/1003/915
f 841/1005/917 839/1003/915 835/999/911
f 812/969/890 841/1005/917 835/999/911
f 840/1004/916 839/1003/915 841/1005/917
f 836/1000/912 842/1006/918 832/996/909
f 840/1004/916 842/1006/918 836/1000/912
f 842/1006/918 840/1004/916 843/1007/919
f 844/1008/920 840/1004/916 841/1005/917
f 844/1008/920 841/1005/917 812/969/890
f 840/1004/916 844/1008/920 843/1007/919
f 842/1006/918 845/1009/921 832/996/909
f 845/1009/921 842/1006/918 843/1007/919
f 832/996/909 845/1009/921 833/997/441
f 846/1010/922 844/1008/920 812/969/890
f 844/1008/920 846/1010/922 843/1007/919
f 814/971/892 846/1010/922 812/969/890
f 833/997/441 845/1009/921 847/1011/923
f 848/1012/426 833/997/441 847/1011/923
f 846/1010/922 814/971/892 849/1013/924
f 846/1010/922 849/1013/924 843/1007/919
f 843/1007/919 849/1013/924 850/1014/925
f 850/1014/925 849/1013/924 851/1015/926
f 814/971/892 851/1015/926 849/1013/924
f 814/971/892 815/972/893 851/1015/926
f 852/1016/927 845/1009/921 843/1007/919
f 847/1011/923 845/1009/921 852/1016/927
f 852/1016/927 843/1007/919 850/1014/925
f 848/1012/426 847/1011/923 201/1017/237
f 853/1018/230 848/1012/426 201/1017/237
f 201/1017/237 847/1011/923 204/1019/240
f 854/1020/928 847/1011/923 852/1016/927
f 847/1011/923 854/1020/928 204/1019/240
f 850/1014/925 854/1020/928 852/1016/927
f 855/1021/242 204/1019/240 854/1020/928
f 856/1022/929 855/1021/242 854/1020/928
f 854/1020/928 850/1014/925 856/1022/929
f 857/1023/245 855/1021/242 856/1022/929
f 815/972/893 858/1024/930 851/1015/926
f 858/1024/930 815/972/893 820/978/898
f 859/1025/931 850/1014/925 851/1015/926
f 859/1025/931 851/1015/926 858/1024/930
f 860/1026/932 857/1023/245 856/1022/929
f 850/1014/925 861/1027/933 856/1022/929
f 856/1022/929 861/1027/933 860/1026/932
f 862/1028/934 860/1026/932 861/1027/933
f 863/1029/935 862/1028/934 861/1027/933
f 863/1029/935 861/1027/933 850/1014/925
f 859/1025/931 863/1029/935 850/1014/925
f 860/1026/932 864/1030/936 857/1023/245
f 860/1026/932 862/1028/934 864/1030/936
f 864/1030/936 208/1031/246 857/1023/245
f 208/1031/246 864/1030/936 350/1032/395
f 863/1029/935 859/1025/931 865/1033/937
f 865/1033/937 859/1025/931 858/1024/930
f 862/1028/934 863/1029/935 865/1033/937
f 866/1034/938 865/1033/937 858/1024/930
f 862/1028/934 865/1033/937 866/1034/938
f 820/978/898 866/1034/938 858/1024/930
f 864/1030/936 867/1035/939 350/1032/395
f 862/1028/934 868/1036/940 864/1030/936
f 864/1030/936 868/1036/940 867/1035/939
f 350/1032/395 867/1035/939 869/1037/941
f 870/1038/397 350/1032/395 869/1037/941
f 319/1039/364 870/1038/397 869/1037/941
f 868/1036/940 871/1040/942 867/1035/939
f 867/1035/939 871/1040/942 869/1037/941
f 872/1041/943 319/1039/364 869/1037/941
f 317/1042/362 319/1039/364 872/1041/943
f 871/1040/942 873/1043/944 869/1037/941
f 872/1041/943 869/1037/941 873/1043/944
f 874/1044/945 317/1042/362 872/1041/943
f 314/1045/359 317/1042/362 874/1044/945
f 875/1046/946 314/1045/359 874/1044/945
f 876/1047/356 314/1045/359 875/1046/946
f 874/1044/945 872/1041/943 877/1048/947
f 875/1046/946 874/1044/945 877/1048/947
f 878/1049/948 876/1047/356 875/1046/946
f 311/1050/355 876/1047/356 878/1049/948
f 879/1051/949 872/1041/943 873/1043/944
f 872/1041/943 879/1051/949 877/1048/947
f 880/1052/950 875/1046/946 877/1048/947
f 878/1049/948 875/1046/946 880/1052/950
f 881/1053/951 877/1048/947 879/1051/949
f 877/1048/947 881/1053/951 880/1052/950
f 882/1054/952 879/1051/949 873/1043/944
f 882/1054/952 881/1053/951 879/1051/949
f 883/1055/953 873/1043/944 871/1040/942
f 883/1055/953 882/1054/952 873/1043/944
f 884/1056/954 311/1050/355 878/1049/948
f 885/1057/354 311/1050/355 884/1056/954
f 356/1058/29 885/1057/354 884/1056/954
f 356/1058/29 884/1056/954 886/1059/955
f 886/1059/955 884/1056/954 878/1049/948
f 887/1060/27 356/1058/29 886/1059/955
f 887/1060/27 886/1059/955 9/1061/12
f 888/1062/956 886/1059/955 878/1049/948
f 888/1062/956 878/1049/948 880/1052/950
f 886/1059/955 889/1063/957 9/1061/12
f 889/1063/957 886/1059/955 888/1062/956
f 9/1061/12 889/1063/957 890/1064/11
f 891/1065/958 888/1062/956 880/1052/950
f 891/1065/958 889/1063/957 888/1062/956
f 889/1063/957 892/1066/959 890/1064/11
f 892/1066/959 889/1063/957 891/1065/958
f 893/1067/960 891/1065/958 880/1052/950
f 881/1053/951 893/1067/960 880/1052/950
f 894/1068/961 891/1065/958 893/1067/960
f 894/1068/961 892/1066/959 891/1065/958
f 894/1068/961 895/1069/962 892/1066/959
f 890/1064/11 892/1066/959 896/1070/963
f 895/1069/962 896/1070/963 892/1066/959
f 890/1064/11 896/1070/963 4/1071/6
f 897/1072/964 894/1068/961 893/1067/960
f 897/1072/964 893/1067/960 881/1053/951
f 895/1069/962 894/1068/961 897/1072/964
f 896/1070/963 898/1073/965 4/1071/6
f 898/1073/965 896/1070/963 895/1069/962
f 4/1071/6 898/1073/965 2/1074/1
f 899/1075/966 897/1072/964 881/1053/951
f 899/1075/966 881/1053/951 882/1054/952
f 898/1073/965 900/1076/967 2/1074/1
f 2/1074/1 900/1076/967 1/1077/2
f 900/1076/967 901/1078/968 1/1077/2
f 900/1076/967 898/1073/965 902/1079/969
f 902/1079/969 898/1073/965 895/1069/962
f 901/1078/968 900/1076/967 903/1080/970
f 903/1080/970 900/1076/967 902/1079/969
f 904/1081/971 901/1078/968 903/1080/970
f 904/1081/971 903/1080/970 905/1082/972
f 903/1080/970 902/1079/969 905/1082/972
f 4094/1083/973 904/1081/971 905/1082/972
f 906/1084/974 4094/1083/973 905/1082/972
f 907/1085/975 895/1069/962 897/1072/964
f 907/1085/975 897/1072/964 899/1075/966
f 902/1079/969 895/1069/962 908/1086/976
f 908/1086/976 895/1069/962 907/1085/975
f 909/1087/977 906/1084/974 905/1082/972
f 4087/1088/978 906/1084/974 909/1087/977
f 902/1079/969 910/1089/979 905/1082/972
f 910/1089/979 902/1079/969 908/1086/976
f 909/1087/977 905/1082/972 910/1089/979
f 908/1086/976 907/1085/975 911/1090/980
f 910/1089/979 908/1086/976 911/1090/980
f 912/1091/981 4087/1088/978 909/1087/977
f 4087/1088/978 912/1091/981 4082/1092/982
f 913/1093/983 909/1087/977 910/1089/979
f 913/1093/983 910/1089/979 911/1090/980
f 912/1091/981 909/1087/977 913/1093/983
f 907/1085/975 914/1094/984 911/1090/980
f 914/1094/984 907/1085/975 899/1075/966
f 912/1091/981 915/1095/985 4082/1092/982
f 4082/1092/982 915/1095/985 4076/1096/986
f 913/1093/983 911/1090/980 916/1097/987
f 911/1090/980 914/1094/984 916/1097/987
f 917/1098/988 912/1091/981 913/1093/983
f 915/1095/985 912/1091/981 917/1098/988
f 917/1098/988 913/1093/983 916/1097/987
f 915/1095/985 918/1099/989 4076/1096/986
f 4059/1100/990 4076/1096/986 918/1099/989
f 919/1101/991 915/1095/985 917/1098/988
f 915/1095/985 919/1101/991 918/1099/989
f 917/1098/988 916/1097/987 920/1102/992
f 919/1101/991 917/1098/988 920/1102/992
f 914/1094/984 921/1103/993 916/1097/987
f 920/1102/992 916/1097/987 921/1103/993
f 922/1104/994 914/1094/984 899/1075/966
f 914/1094/984 922/1104/994 921/1103/993
f 923/1105/995 922/1104/994 899/1075/966
f 923/1105/995 899/1075/966 882/1054/952
f 923/1105/995 882/1054/952 883/1055/953
f 922/1104/994 923/1105/995 924/1106/996
f 922/1104/994 924/1106/996 921/1103/993
f 925/1107/997 923/1105/995 883/1055/953
f 923/1105/995 925/1107/997 924/1106/996
f 926/1108/998 921/1103/993 924/1106/996
f 925/1107/997 926/1108/998 924/1106/996
f 925/1107/997 883/1055/953 927/1109/999
f 926/1108/998 925/1107/997 927/1109/999
f 927/1109/999 883/1055/953 871/1040/942
f 927/1109/999 871/1040/942 868/1036/940
f 928/1110/1000 927/1109/999 868/1036/940
f 926/1108/998 927/1109/999 928/1110/1000
f 928/1110/1000 868/1036/940 862/1028/934
f 929/1111/1001 921/1103/993 926/1108/998
f 929/1111/1001 920/1102/992 921/1103/993
f 930/1112/1002 928/1110/1000 862/1028/934
f 930/1112/1002 862/1028/934 866/1034/938
f 931/1113/1003 926/1108/998 928/1110/1000
f 931/1113/1003 928/1110/1000 930/1112/1002
f 931/1113/1003 929/1111/1001 926/1108/998
f 932/1114/1004 930/1112/1002 866/1034/938
f 932/1114/1004 931/1113/1003 930/1112/1002
f 933/1115/1005 929/1111/1001 931/1113/1003
f 932/1114/1004 933/1115/1005 931/1113/1003
f 934/1116/1006 932/1114/1004 866/1034/938
f 932/1114/1004 934/1116/1006 933/1115/1005
f 934/1116/1006 866/1034/938 820/978/898
f 935/1117/1007 920/1102/992 929/1111/1001
f 933/1115/1005 935/1117/1007 929/1111/1001
f 936/1118/1008 934/1116/1006 820/978/898
f 819/977/897 936/1118/1008 820/978/898
f 934/1116/1006 937/1119/1009 933/1115/1005
f 937/1119/1009 934/1116/1006 936/1118/1008
f 920/1102/992 935/1117/1007 938/1120/1010
f 919/1101/991 920/1102/992 938/1120/1010
f 919/1101/991 938/1120/1010 918/1099/989
f 939/1121/1011 935/1117/1007 933/1115/1005
f 937/1119/1009 939/1121/1011 933/1115/1005
f 938/1120/1010 935/1117/1007 940/1122/1012
f 940/1122/1012 918/1099/989 938/1120/1010
f 939/1121/1011 940/1122/1012 935/1117/1007
f 918/1099/989 940/1122/1012 941/1123/1013
f 939/1121/1011 941/1123/1013 940/1122/1012
f 941/1123/1013 4059/1100/990 918/1099/989
f 4059/1100/990 941/1123/1013 942/1124/1014
f 941/1123/1013 939/1121/1011 942/1124/1014
f 4056/1125/1015 4059/1100/990 942/1124/1014
f 943/1126/1016 939/1121/1011 937/1119/1009
f 939/1121/1011 943/1126/1016 942/1124/1014
f 944/1127/1017 937/1119/1009 936/1118/1008
f 944/1127/1017 943/1126/1016 937/1119/1009
f 942/1124/1014 945/1128/1018 4056/1125/1015
f 945/1128/1018 656/791/737 4056/1125/1015
f 656/791/737 945/1128/1018 655/790/736
f 655/790/736 945/1128/1018 664/799/745
f 944/1127/1017 936/1118/1008 946/1129/1019
f 946/1129/1019 936/1118/1008 819/977/897
f 943/1126/1016 947/1130/1020 942/1124/1014
f 942/1124/1014 947/1130/1020 945/1128/1018
f 945/1128/1018 948/1131/1021 664/799/745
f 948/1131/1021 945/1128/1018 947/1130/1020
f 804/961/882 664/799/745 948/1131/1021
f 944/1127/1017 949/1132/1022 943/1126/1016
f 949/1132/1022 944/1127/1017 946/1129/1019
f 949/1132/1022 947/1130/1020 943/1126/1016
f 950/1133/1023 946/1129/1019 819/977/897
f 949/1132/1022 946/1129/1019 950/1133/1023
f 950/1133/1023 819/977/897 803/960/881
f 951/1134/1024 804/961/882 948/1131/1021
f 948/1131/1021 947/1130/1020 951/1134/1024
f 947/1130/1020 949/1132/1022 951/1134/1024
f 804/961/882 951/1134/1024 803/960/881
f 951/1134/1024 950/1133/1023 803/960/881
f 951/1134/1024 949/1132/1022 950/1133/1023
f 1044/1135/1025 952/1136/1026 3279/1137/1027
f 953/1138/1028 1044/1135/1025 3279/1137/1027
f 3279/1137/1027 954/1139/1029 953/1138/1028
f 1046/1140/1030 1044/1135/1025 953/1138/1028
f 954/1139/1029 955/1141/1031 953/1138/1028
f 954/1139/1029 956/1142/1032 955/1141/1031
f 957/1143/1033 1046/1140/1030 953/1138/1028
f 1046/1140/1030 957/1143/1033 1050/1144/1034
f 955/1141/1031 958/1145/1035 953/1138/1028
f 958/1145/1035 957/1143/1033 953/1138/1028
f 956/1142/1032 959/1146/1036 955/1141/1031
f 955/1141/1031 959/1146/1036 958/1145/1035
f 959/1146/1036 956/1142/1032 960/1147/1037
f 957/1143/1033 961/1148/1038 1050/1144/1034
f 1050/1144/1034 961/1148/1038 962/1149/1039
f 958/1145/1035 963/1150/1040 957/1143/1033
f 963/1150/1040 961/1148/1038 957/1143/1033
f 964/1151/1041 959/1146/1036 960/1147/1037
f 964/1151/1041 960/1147/1037 965/1152/1042
f 959/1146/1036 966/1153/1043 958/1145/1035
f 958/1145/1035 966/1153/1043 963/1150/1040
f 966/1153/1043 959/1146/1036 964/1151/1041
f 967/1154/1044 964/1151/1041 965/1152/1042
f 967/1154/1044 965/1152/1042 3333/1155/1045
f 968/1156/1046 966/1153/1043 964/1151/1041
f 968/1156/1046 964/1151/1041 967/1154/1044
f 966/1153/1043 969/1157/1047 963/1150/1040
f 966/1153/1043 968/1156/1046 969/1157/1047
f 970/1158/1048 967/1154/1044 3333/1155/1045
f 3333/1155/1045 971/1159/1049 970/1158/1048
f 971/1159/1049 972/1160/1050 970/1158/1048
f 972/1160/1050 971/1159/1049 3334/1161/1051
f 967/1154/1044 970/1158/1048 973/1162/1052
f 973/1162/1052 970/1158/1048 972/1160/1050
f 974/1163/1053 968/1156/1046 967/1154/1044
f 974/1163/1053 967/1154/1044 973/1162/1052
f 968/1156/1046 975/1164/1054 969/1157/1047
f 968/1156/1046 974/1163/1053 975/1164/1054
f 969/1157/1047 976/1165/1055 963/1150/1040
f 969/1157/1047 975/1164/1054 976/1165/1055
f 974/1163/1053 977/1166/1056 975/1164/1054
f 974/1163/1053 973/1162/1052 977/1166/1056
f 978/1167/1057 972/1160/1050 3334/1161/1051
f 3334/1161/1051 3336/1168/1058 978/1167/1057
f 976/1165/1055 979/1169/1059 963/1150/1040
f 961/1148/1038 963/1150/1040 979/1169/1059
f 980/1170/1060 961/1148/1038 979/1169/1059
f 961/1148/1038 980/1170/1060 962/1149/1039
f 980/1170/1060 979/1169/1059 981/1171/1061
f 979/1169/1059 976/1165/1055 981/1171/1061
f 962/1149/1039 980/1170/1060 982/1172/1062
f 982/1172/1062 980/1170/1060 981/1171/1061
f 983/1173/1063 962/1149/1039 982/1172/1062
f 983/1173/1063 982/1172/1062 984/1174/1064
f 982/1172/1062 985/1175/1065 984/1174/1064
f 985/1175/1065 982/1172/1062 981/1171/1061
f 985/1175/1065 1094/1176/1066 984/1174/1064
f 986/1177/1067 1094/1176/1066 985/1175/1065
f 985/1175/1065 987/1178/1068 986/1177/1067
f 987/1178/1068 985/1175/1065 981/1171/1061
f 987/1178/1068 1104/1179/1069 986/1177/1067
f 976/1165/1055 988/1180/1070 981/1171/1061
f 981/1171/1061 988/1180/1070 987/1178/1068
f 1104/1179/1069 987/1178/1068 989/1181/1071
f 1104/1179/1069 989/1181/1071 990/1182/1072
f 976/1165/1055 991/1183/1073 988/1180/1070
f 975/1164/1054 991/1183/1073 976/1165/1055
f 991/1183/1073 975/1164/1054 977/1166/1056
f 988/1180/1070 992/1184/1074 987/1178/1068
f 987/1178/1068 992/1184/1074 989/1181/1071
f 989/1181/1071 992/1184/1074 993/1185/1075
f 990/1182/1072 989/1181/1071 994/1186/1076
f 994/1186/1076 989/1181/1071 993/1185/1075
f 995/1187/1077 990/1182/1072 994/1186/1076
f 994/1186/1076 996/1188/1078 995/1187/1077
f 996/1188/1078 994/1186/1076 993/1185/1075
f 996/1188/1078 997/1189/1079 995/1187/1077
f 992/1184/1074 988/1180/1070 998/1190/1080
f 992/1184/1074 998/1190/1080 993/1185/1075
f 991/1183/1073 999/1191/1081 988/1180/1070
f 988/1180/1070 999/1191/1081 998/1190/1080
f 1000/1192/1082 991/1183/1073 977/1166/1056
f 991/1183/1073 1000/1192/1082 999/1191/1081
f 997/1189/1079 996/1188/1078 1001/1193/1083
f 1002/1194/1084 997/1189/1079 1001/1193/1083
f 1001/1193/1083 1003/1195/1085 1002/1194/1084
f 1003/1195/1085 1117/1196/1086 1002/1194/1084
f 707/1197/788 1117/1196/1086 1003/1195/1085
f 1004/1198/702 707/1197/788 1003/1195/1085
f 1004/1198/702 1003/1195/1085 1005/1199/701
f 1006/1200/1087 998/1190/1080 999/1191/1081
f 998/1190/1080 1006/1200/1087 993/1185/1075
f 1001/1193/1083 996/1188/1078 1007/1201/1088
f 1007/1201/1088 996/1188/1078 993/1185/1075
f 1003/1195/1085 1008/1202/1089 1005/1199/701
f 1005/1199/701 1008/1202/1089 1009/1203/693
f 1003/1195/1085 1001/1193/1083 1010/1204/1090
f 1008/1202/1089 1003/1195/1085 1010/1204/1090
f 1010/1204/1090 1001/1193/1083 1007/1201/1088
f 1007/1201/1088 993/1185/1075 1011/1205/1091
f 993/1185/1075 1006/1200/1087 1011/1205/1091
f 1012/1206/1092 1006/1200/1087 999/1191/1081
f 1000/1192/1082 1012/1206/1092 999/1191/1081
f 1008/1202/1089 1013/1207/1093 1009/1203/693
f 1013/1207/1093 1008/1202/1089 1010/1204/1090
f 1007/1201/1088 1014/1208/1094 1010/1204/1090
f 1014/1208/1094 1007/1201/1088 1011/1205/1091
f 1011/1205/1091 1006/1200/1087 1015/1209/1095
f 1006/1200/1087 1012/1206/1092 1015/1209/1095
f 1015/1209/1095 1014/1208/1094 1011/1205/1091
f 1015/1209/1095 1012/1206/1092 1016/1210/1096
f 1012/1206/1092 1000/1192/1082 1016/1210/1096
f 1015/1209/1095 1016/1210/1096 1014/1208/1094
f 1014/1208/1094 1017/1211/1097 1010/1204/1090
f 1017/1211/1097 1013/1207/1093 1010/1204/1090
f 1009/1203/693 1013/1207/1093 1018/1212/1098
f 1009/1203/693 1018/1212/1098 1019/1213/690
f 1013/1207/1093 1020/1214/1099 1018/1212/1098
f 1020/1214/1099 1013/1207/1093 1017/1211/1097
f 1014/1208/1094 1021/1215/1100 1017/1211/1097
f 1016/1210/1096 1021/1215/1100 1014/1208/1094
f 1022/1216/1101 1016/1210/1096 1000/1192/1082
f 977/1166/1056 1022/1216/1101 1000/1192/1082
f 973/1162/1052 1022/1216/1101 977/1166/1056
f 1022/1216/1101 1023/1217/1102 1016/1210/1096
f 1023/1217/1102 1022/1216/1101 973/1162/1052
f 1023/1217/1102 1021/1215/1100 1016/1210/1096
f 1023/1217/1102 973/1162/1052 972/1160/1050
f 1021/1215/1100 1024/1218/1103 1017/1211/1097
f 1021/1215/1100 1023/1217/1102 1024/1218/1103
f 1024/1218/1103 1020/1214/1099 1017/1211/1097
f 1025/1219/1104 1023/1217/1102 972/1160/1050
f 1023/1217/1102 1025/1219/1104 1024/1218/1103
f 1024/1218/1103 1025/1219/1104 1020/1214/1099
f 978/1167/1057 1025/1219/1104 972/1160/1050
f 1018/1212/1098 1020/1214/1099 1026/1220/1105
f 1018/1212/1098 1026/1220/1105 1019/1213/690
f 1025/1219/1104 1027/1221/1106 1020/1214/1099
f 1027/1221/1106 1025/1219/1104 978/1167/1057
f 1020/1214/1099 1027/1221/1106 1026/1220/1105
f 1026/1220/1105 1028/1222/1107 1019/1213/690
f 1028/1222/1107 1026/1220/1105 1027/1221/1106
f 1028/1222/1107 616/1223/688 1019/1213/690
f 616/1223/688 1028/1222/1107 1029/1224/686
f 1028/1222/1107 1030/1225/1108 1029/1224/686
f 1031/1226/1109 1027/1221/1106 978/1167/1057
f 1031/1226/1109 1028/1222/1107 1027/1221/1106
f 1030/1225/1108 1028/1222/1107 1031/1226/1109
f 3336/1168/1058 1031/1226/1109 978/1167/1057
f 3336/1168/1058 1030/1225/1108 1031/1226/1109
f 3646/1227/1110 3342/1228/1111 2263/1229/1112
f 3342/1228/1111 1032/1230/1113 2263/1229/1112
f 1033/1231/1114 2263/1229/1112 1032/1230/1113
f 3342/1228/1111 3341/1232/1115 1032/1230/1113
f 1033/1231/1114 1032/1230/1113 1034/1233/1116
f 1033/1231/1114 1034/1233/1116 2265/1234/1117
f 2265/1234/1117 1034/1233/1116 1035/1235/1118
f 2267/1236/1119 2265/1234/1117 1035/1235/1118
f 3341/1232/1115 1036/1237/1120 1032/1230/1113
f 3341/1232/1115 1037/1238/1121 1036/1237/1120
f 1034/1233/1116 1032/1230/1113 1038/1239/1122
f 1034/1233/1116 1038/1239/1122 1035/1235/1118
f 1039/1240/1123 1038/1239/1122 1032/1230/1113
f 1036/1237/1120 1039/1240/1123 1032/1230/1113
f 1040/1241/1124 1039/1240/1123 1036/1237/1120
f 1035/1235/1118 1038/1239/1122 1041/1242/1125
f 1037/1238/1121 1042/1243/1126 1036/1237/1120
f 1042/1243/1126 1040/1241/1124 1036/1237/1120
f 1042/1243/1126 1037/1238/1121 952/1244/1026
f 1043/1245/1127 1040/1241/1124 1042/1243/1126
f 1044/1246/1025 1042/1243/1126 952/1244/1026
f 1045/1247/1128 1043/1245/1127 1042/1243/1126
f 1045/1247/1128 1042/1243/1126 1044/1246/1025
f 1043/1245/1127 1045/1247/1128 1720/1248/1129
f 1046/1249/1030 1045/1247/1128 1044/1246/1025
f 1045/1247/1128 1047/1250/1130 1720/1248/1129
f 1047/1250/1130 1045/1247/1128 1046/1249/1030
f 1048/1251/1131 1047/1250/1130 1046/1249/1030
f 1720/1248/1129 1047/1250/1130 1049/1252/1132
f 1050/1253/1034 1048/1251/1131 1046/1249/1030
f 1047/1250/1130 1051/1254/1133 1049/1252/1132
f 1722/1255/1134 1049/1252/1132 1051/1254/1133
f 1051/1254/1133 1041/1242/1125 1722/1255/1134
f 1051/1254/1133 1035/1235/1118 1041/1242/1125
f 1047/1250/1130 1052/1256/1135 1051/1254/1133
f 1052/1256/1135 1047/1250/1130 1048/1251/1131
f 1035/1235/1118 1051/1254/1133 1053/1257/1136
f 1051/1254/1133 1052/1256/1135 1053/1257/1136
f 1053/1257/1136 2267/1236/1119 1035/1235/1118
f 2269/1258/1137 2267/1236/1119 1053/1257/1136
f 1053/1257/1136 1052/1256/1135 1054/1259/1138
f 1054/1259/1138 1052/1256/1135 1048/1251/1131
f 1053/1257/1136 1055/1260/1139 2269/1258/1137
f 1055/1260/1139 1053/1257/1136 1054/1259/1138
f 1055/1260/1139 1056/1261/1140 2269/1258/1137
f 1057/1262/1141 1056/1261/1140 1055/1260/1139
f 1057/1262/1141 1055/1260/1139 1058/1263/1142
f 1058/1263/1142 1055/1260/1139 1054/1259/1138
f 1059/1264/1143 1057/1262/1141 1058/1263/1142
f 1060/1265/1144 1058/1263/1142 1054/1259/1138
f 1054/1259/1138 1048/1251/1131 1060/1265/1144
f 1059/1264/1143 1058/1263/1142 1061/1266/1145
f 1061/1266/1145 1058/1263/1142 1060/1265/1144
f 1062/1267/1146 1059/1264/1143 1061/1266/1145
f 1061/1266/1145 1063/1268/1147 1062/1267/1146
f 1063/1268/1147 2283/1269/1148 1062/1267/1146
f 1064/1270/1149 1061/1266/1145 1060/1265/1144
f 1064/1270/1149 1063/1268/1147 1061/1266/1145
f 1048/1251/1131 1065/1271/1150 1060/1265/1144
f 1060/1265/1144 1065/1271/1150 1064/1270/1149
f 2283/1269/1148 1063/1268/1147 1066/1272/1151
f 2284/1273/1152 2283/1269/1148 1066/1272/1151
f 2288/1274/1153 2284/1273/1152 1066/1272/1151
f 1067/1275/1154 1063/1268/1147 1064/1270/1149
f 1066/1272/1151 1063/1268/1147 1067/1275/1154
f 1068/1276/1155 2288/1274/1153 1066/1272/1151
f 1066/1272/1151 1067/1275/1154 1068/1276/1155
f 2288/1274/1153 1068/1276/1155 1069/1277/1156
f 2290/1278/1157 2288/1274/1153 1069/1277/1156
f 2290/1278/1157 1069/1277/1156 2291/1279/1158
f 1070/1280/1159 1065/1271/1150 1048/1251/1131
f 1050/1253/1034 1070/1280/1159 1048/1251/1131
f 1065/1271/1150 1071/1281/1160 1064/1270/1149
f 1064/1270/1149 1071/1281/1160 1067/1275/1154
f 1072/1282/1161 1068/1276/1155 1067/1275/1154
f 1069/1277/1156 1068/1276/1155 1072/1282/1161
f 1073/1283/1162 2291/1279/1158 1069/1277/1156
f 2293/1284/1163 2291/1279/1158 1073/1283/1162
f 1074/1285/1164 1071/1281/1160 1065/1271/1150
f 1070/1280/1159 1074/1285/1164 1065/1271/1150
f 1071/1281/1160 1075/1286/1165 1067/1275/1154
f 1075/1286/1165 1071/1281/1160 1074/1285/1164
f 1067/1275/1154 1075/1286/1165 1072/1282/1161
f 1076/1287/1166 1070/1280/1159 1050/1253/1034
f 962/1288/1039 1076/1287/1166 1050/1253/1034
f 962/1288/1039 983/1289/1063 1076/1287/1166
f 1077/1290/1167 1074/1285/1164 1070/1280/1159
f 1077/1290/1167 1075/1286/1165 1074/1285/1164
f 1076/1287/1166 1077/1290/1167 1070/1280/1159
f 983/1289/1063 1078/1291/1168 1076/1287/1166
f 1078/1291/1168 983/1289/1063 984/1292/1064
f 1079/1293/1169 1075/1286/1165 1077/1290/1167
f 1075/1286/1165 1079/1293/1169 1072/1282/1161
f 1080/1294/1170 1077/1290/1167 1076/1287/1166
f 1078/1291/1168 1080/1294/1170 1076/1287/1166
f 1080/1294/1170 1079/1293/1169 1077/1290/1167
f 1081/1295/1171 1080/1294/1170 1078/1291/1168
f 1079/1293/1169 1080/1294/1170 1081/1295/1171
f 1072/1282/1161 1079/1293/1169 1082/1296/1172
f 1082/1296/1172 1079/1293/1169 1081/1295/1171
f 1083/1297/1173 1078/1291/1168 984/1292/1064
f 1083/1297/1173 1081/1295/1171 1078/1291/1168
f 1084/1298/1174 1072/1282/1161 1082/1296/1172
f 1072/1282/1161 1084/1298/1174 1069/1277/1156
f 1084/1298/1174 1073/1283/1162 1069/1277/1156
f 1082/1296/1172 1085/1299/1175 1084/1298/1174
f 1085/1299/1175 1086/1300/1176 1084/1298/1174
f 1084/1298/1174 1086/1300/1176 1073/1283/1162
f 1082/1296/1172 1087/1301/1177 1085/1299/1175
f 1082/1296/1172 1081/1295/1171 1087/1301/1177
f 1081/1295/1171 1083/1297/1173 1088/1302/1178
f 1081/1295/1171 1088/1302/1178 1087/1301/1177
f 1086/1300/1176 1089/1303/1179 1073/1283/1162
f 2293/1284/1163 1073/1283/1162 1089/1303/1179
f 1090/1304/1180 2293/1284/1163 1089/1303/1179
f 1083/1297/1173 984/1292/1064 1091/1305/1181
f 1083/1297/1173 1092/1306/1182 1088/1302/1178
f 1083/1297/1173 1091/1305/1181 1092/1306/1182
f 984/1292/1064 1093/1307/1183 1091/1305/1181
f 1093/1307/1183 984/1292/1064 1094/1308/1066
f 1091/1305/1181 1093/1307/1183 1095/1309/1184
f 1091/1305/1181 1095/1309/1184 1092/1306/1182
f 1095/1309/1184 1096/1310/1185 1092/1306/1182
f 1093/1307/1183 1097/1311/1186 1095/1309/1184
f 1097/1311/1186 1093/1307/1183 1094/1308/1066
f 1095/1309/1184 1097/1311/1186 1096/1310/1185
f 1088/1302/1178 1092/1306/1182 1098/1312/1187
f 1096/1310/1185 1098/1312/1187 1092/1306/1182
f 1094/1308/1066 1099/1313/1188 1097/1311/1186
f 1099/1313/1188 1094/1308/1066 986/1314/1067
f 1100/1315/1189 1088/1302/1178 1098/1312/1187
f 1087/1301/1177 1088/1302/1178 1100/1315/1189
f 1098/1312/1187 1096/1310/1185 1101/1316/1190
f 1098/1312/1187 1101/1316/1190 1100/1315/1189
f 1097/1311/1186 1102/1317/1191 1096/1310/1185
f 1099/1313/1188 1102/1317/1191 1097/1311/1186
f 1103/1318/1192 1099/1313/1188 986/1314/1067
f 1103/1318/1192 986/1314/1067 1104/1319/1069
f 1105/1320/1193 1103/1318/1192 1104/1319/1069
f 1105/1320/1193 1104/1319/1069 990/1321/1072
f 1099/1313/1188 1103/1318/1192 1106/1322/1194
f 1106/1322/1194 1103/1318/1192 1105/1320/1193
f 1107/1323/1195 1087/1301/1177 1100/1315/1189
f 1087/1301/1177 1107/1323/1195 1085/1299/1175
f 1108/1324/1196 1107/1323/1195 1100/1315/1189
f 1107/1323/1195 1108/1324/1196 1085/1299/1175
f 1109/1325/1197 1108/1324/1196 1100/1315/1189
f 1101/1316/1190 1109/1325/1197 1100/1315/1189
f 1099/1313/1188 1110/1326/1198 1102/1317/1191
f 1110/1326/1198 1099/1313/1188 1106/1322/1194
f 1105/1320/1193 990/1321/1072 1111/1327/1199
f 990/1321/1072 995/1328/1077 1111/1327/1199
f 995/1328/1077 997/1329/1079 1111/1327/1199
f 1108/1324/1196 1112/1330/1200 1085/1299/1175
f 1112/1330/1200 1108/1324/1196 1109/1325/1197
f 1111/1327/1199 1113/1331/1201 1105/1320/1193
f 997/1329/1079 1114/1332/1202 1111/1327/1199
f 1113/1331/1201 1111/1327/1199 1114/1332/1202
f 1115/1333/1203 1114/1332/1202 997/1329/1079
f 1002/1334/1084 1115/1333/1203 997/1329/1079
f 1115/1333/1203 1002/1334/1084 1116/1335/1204
f 1002/1334/1084 1117/1336/1086 1116/1335/1204
f 1117/1336/1086 707/1337/788 1116/1335/1204
f 1114/1332/1202 1115/1333/1203 1118/1338/1205
f 1118/1338/1205 1113/1331/1201 1114/1332/1202
f 1113/1331/1201 1119/1339/1206 1105/1320/1193
f 1119/1339/1206 1106/1322/1194 1105/1320/1193
f 1120/1340/1207 1119/1339/1206 1113/1331/1201
f 1118/1338/1205 1120/1340/1207 1113/1331/1201
f 1115/1333/1203 1121/1341/1208 1118/1338/1205
f 1115/1333/1203 1116/1335/1204 1121/1341/1208
f 1106/1322/1194 1119/1339/1206 1122/1342/1209
f 1119/1339/1206 1120/1340/1207 1122/1342/1209
f 1120/1340/1207 1118/1338/1205 1123/1343/1210
f 1118/1338/1205 1121/1341/1208 1123/1343/1210
f 1123/1343/1210 1124/1344/1211 1120/1340/1207
f 1124/1344/1211 1122/1342/1209 1120/1340/1207
f 707/1337/788 1125/1345/1212 1116/1335/1204
f 1125/1345/1212 707/1337/788 708/1346/789
f 1126/1347/1213 1125/1345/1212 708/1346/789
f 708/1346/789 1127/1348/792 1126/1347/1213
f 1125/1345/1212 1128/1349/1214 1116/1335/1204
f 1128/1349/1214 1125/1345/1212 1126/1347/1213
f 1127/1348/792 1129/1350/1215 1126/1347/1213
f 1127/1348/792 1130/1351/793 1129/1350/1215
f 1116/1335/1204 1131/1352/1216 1121/1341/1208
f 1128/1349/1214 1131/1352/1216 1116/1335/1204
f 1123/1343/1210 1121/1341/1208 1132/1353/1217
f 1124/1344/1211 1123/1343/1210 1132/1353/1217
f 1133/1354/1218 1121/1341/1208 1131/1352/1216
f 1133/1354/1218 1131/1352/1216 1128/1349/1214
f 1121/1341/1208 1133/1354/1218 1132/1353/1217
f 1134/1355/1219 1128/1349/1214 1126/1347/1213
f 1134/1355/1219 1126/1347/1213 1129/1350/1215
f 1135/1356/1220 1133/1354/1218 1128/1349/1214
f 1128/1349/1214 1134/1355/1219 1135/1356/1220
f 1130/1351/793 1136/1357/1221 1129/1350/1215
f 1136/1357/1221 1130/1351/793 1137/1358/795
f 1136/1357/1221 1137/1358/795 1138/1359/1222
f 1129/1350/1215 1136/1357/1221 1139/1360/1223
f 1139/1360/1223 1136/1357/1221 1138/1359/1222
f 1140/1361/1224 1134/1355/1219 1129/1350/1215
f 1140/1361/1224 1129/1350/1215 1139/1360/1223
f 1141/1362/1225 1134/1355/1219 1140/1361/1224
f 1141/1362/1225 1140/1361/1224 1139/1360/1223
f 1134/1355/1219 1141/1362/1225 1135/1356/1220
f 1135/1356/1220 1142/1363/1226 1133/1354/1218
f 1142/1363/1226 1132/1353/1217 1133/1354/1218
f 1132/1353/1217 1142/1363/1226 1143/1364/1227
f 1142/1363/1226 1135/1356/1220 1144/1365/1228
f 1135/1356/1220 1141/1362/1225 1144/1365/1228
f 1142/1363/1226 1144/1365/1228 1143/1364/1227
f 1145/1366/1229 1141/1362/1225 1139/1360/1223
f 1145/1366/1229 1139/1360/1223 1138/1359/1222
f 1141/1362/1225 1145/1366/1229 1146/1367/1230
f 1144/1365/1228 1141/1362/1225 1146/1367/1230
f 1146/1367/1230 1145/1366/1229 1138/1359/1222
f 1144/1365/1228 1146/1367/1230 1147/1368/1231
f 1148/1369/1232 1132/1353/1217 1143/1364/1227
f 1149/1370/1233 1148/1369/1232 1143/1364/1227
f 1148/1369/1232 1124/1344/1211 1132/1353/1217
f 1148/1369/1232 1149/1370/1233 1124/1344/1211
f 1150/1371/1234 1146/1367/1230 1138/1359/1222
f 1146/1367/1230 1150/1371/1234 1147/1368/1231
f 1151/1372/1235 1144/1365/1228 1147/1368/1231
f 1144/1365/1228 1151/1372/1235 1143/1364/1227
f 1143/1364/1227 1151/1372/1235 1152/1373/1236
f 1151/1372/1235 1147/1368/1231 1152/1373/1236
f 1149/1370/1233 1153/1374/1237 1124/1344/1211
f 1122/1342/1209 1124/1344/1211 1153/1374/1237
f 1154/1375/1238 1149/1370/1233 1143/1364/1227
f 1154/1375/1238 1143/1364/1227 1152/1373/1236
f 1149/1370/1233 1154/1375/1238 1155/1376/1239
f 1156/1377/1240 1122/1342/1209 1153/1374/1237
f 1157/1378/1241 1153/1374/1237 1149/1370/1233
f 1156/1377/1240 1153/1374/1237 1157/1378/1241
f 1149/1370/1233 1155/1376/1239 1158/1379/1242
f 1158/1379/1242 1157/1378/1241 1149/1370/1233
f 1159/1380/1243 1122/1342/1209 1156/1377/1240
f 1122/1342/1209 1159/1380/1243 1106/1322/1194
f 1159/1380/1243 1110/1326/1198 1106/1322/1194
f 1160/1381/1244 1159/1380/1243 1156/1377/1240
f 1110/1326/1198 1159/1380/1243 1160/1381/1244
f 1161/1382/1245 1156/1377/1240 1157/1378/1241
f 1161/1382/1245 1160/1381/1244 1156/1377/1240
f 1162/1383/1246 1110/1326/1198 1160/1381/1244
f 1110/1326/1198 1162/1383/1246 1102/1317/1191
f 1163/1384/1247 1161/1382/1245 1157/1378/1241
f 1158/1379/1242 1163/1384/1247 1157/1378/1241
f 1164/1385/1248 1160/1381/1244 1161/1382/1245
f 1162/1383/1246 1160/1381/1244 1164/1385/1248
f 1163/1384/1247 1164/1385/1248 1161/1382/1245
f 1102/1317/1191 1162/1383/1246 1165/1386/1249
f 1165/1386/1249 1162/1383/1246 1164/1385/1248
f 1096/1310/1185 1102/1317/1191 1165/1386/1249
f 1166/1387/1250 1096/1310/1185 1165/1386/1249
f 1096/1310/1185 1166/1387/1250 1101/1316/1190
f 1101/1316/1190 1166/1387/1250 1167/1388/1251
f 1109/1325/1197 1101/1316/1190 1167/1388/1251
f 1163/1384/1247 1158/1379/1242 1168/1389/1252
f 1164/1385/1248 1163/1384/1247 1169/1390/1253
f 1169/1390/1253 1163/1384/1247 1168/1389/1252
f 1165/1386/1249 1164/1385/1248 1170/1391/1254
f 1170/1391/1254 1164/1385/1248 1169/1390/1253
f 1171/1392/1255 1165/1386/1249 1170/1391/1254
f 1171/1392/1255 1166/1387/1250 1165/1386/1249
f 1170/1391/1254 1172/1393/1256 1171/1392/1255
f 1172/1393/1256 1170/1391/1254 1169/1390/1253
f 1166/1387/1250 1171/1392/1255 1173/1394/1257
f 1172/1393/1256 1173/1394/1257 1171/1392/1255
f 1166/1387/1250 1174/1395/1258 1167/1388/1251
f 1174/1395/1258 1166/1387/1250 1173/1394/1257
f 1168/1389/1252 1158/1379/1242 1175/1396/1259
f 1155/1376/1239 1175/1396/1259 1158/1379/1242
f 1709/1397/1260 1167/1388/1251 1174/1395/1258
f 1176/1398/1261 1709/1397/1260 1174/1395/1258
f 1176/1398/1261 1174/1395/1258 1173/1394/1257
f 1177/1399/1262 1176/1398/1261 1173/1394/1257
f 1706/1400/1263 1177/1399/1262 1173/1394/1257
f 1172/1393/1256 1706/1400/1263 1173/1394/1257
f 1709/1397/1260 1712/1401/1264 1167/1388/1251
f 1702/1402/1265 1706/1400/1263 1172/1393/1256
f 1712/1401/1264 1178/1403/1266 1167/1388/1251
f 1178/1403/1266 1109/1325/1197 1167/1388/1251
f 1712/1401/1264 1179/1404/1267 1178/1403/1266
f 1180/1405/1268 1702/1402/1265 1172/1393/1256
f 1180/1405/1268 1172/1393/1256 1169/1390/1253
f 1181/1406/1269 1702/1402/1265 1180/1405/1268
f 1180/1405/1268 1169/1390/1253 1182/1407/1270
f 1182/1407/1270 1181/1406/1269 1180/1405/1268
f 1169/1390/1253 1168/1389/1252 1182/1407/1270
f 1181/1406/1269 1182/1407/1270 1183/1408/1271
f 1182/1407/1270 1168/1389/1252 1183/1408/1271
f 1719/1409/1272 1181/1406/1269 1183/1408/1271
f 1184/1410/1273 1109/1325/1197 1178/1403/1266
f 1184/1410/1273 1112/1330/1200 1109/1325/1197
f 1179/1404/1267 1185/1411/1274 1178/1403/1266
f 1185/1411/1274 1184/1410/1273 1178/1403/1266
f 1185/1411/1274 1179/1404/1267 1186/1412/1275
f 1184/1410/1273 1185/1411/1274 1186/1412/1275
f 1179/1404/1267 1718/1413/1276 1186/1412/1275
f 1187/1414/1277 1112/1330/1200 1184/1410/1273
f 1085/1299/1175 1112/1330/1200 1187/1414/1277
f 1168/1389/1252 1188/1415/1278 1183/1408/1271
f 1188/1415/1278 1168/1389/1252 1175/1396/1259
f 1719/1409/1272 1183/1408/1271 1189/1416/1279
f 1190/1417/1280 1719/1409/1272 1189/1416/1279
f 1183/1408/1271 1188/1415/1278 1191/1418/1281
f 1188/1415/1278 1175/1396/1259 1191/1418/1281
f 1189/1416/1279 1183/1408/1271 1191/1418/1281
f 1190/1417/1280 1189/1416/1279 1192/1419/1282
f 1186/1412/1275 1718/1413/1276 1192/1419/1282
f 1193/1420/1283 1190/1417/1280 1192/1419/1282
f 1718/1413/1276 1193/1420/1283 1192/1419/1282
f 1194/1421/1284 1192/1419/1282 1189/1416/1279
f 1192/1419/1282 1194/1421/1284 1186/1412/1275
f 1191/1418/1281 1194/1421/1284 1189/1416/1279
f 1175/1396/1259 1195/1422/1285 1191/1418/1281
f 1175/1396/1259 1155/1376/1239 1195/1422/1285
f 1194/1421/1284 1196/1423/1286 1186/1412/1275
f 1196/1423/1286 1184/1410/1273 1186/1412/1275
f 1196/1423/1286 1187/1414/1277 1184/1410/1273
f 1196/1423/1286 1194/1421/1284 1187/1414/1277
f 1194/1421/1284 1191/1418/1281 1197/1424/1287
f 1194/1421/1284 1197/1424/1287 1187/1414/1277
f 1191/1418/1281 1195/1422/1285 1197/1424/1287
f 1187/1414/1277 1197/1424/1287 1198/1425/1288
f 1198/1425/1288 1085/1299/1175 1187/1414/1277
f 1197/1424/1287 1195/1422/1285 1199/1426/1289
f 1197/1424/1287 1199/1426/1289 1198/1425/1288
f 1198/1425/1288 1200/1427/1290 1085/1299/1175
f 1198/1425/1288 1199/1426/1289 1200/1427/1290
f 1200/1427/1290 1086/1300/1176 1085/1299/1175
f 1195/1422/1285 1201/1428/1291 1199/1426/1289
f 1155/1376/1239 1201/1428/1291 1195/1422/1285
f 1086/1300/1176 1200/1427/1290 1202/1429/1292
f 1089/1303/1179 1086/1300/1176 1202/1429/1292
f 1199/1426/1289 1203/1430/1293 1200/1427/1290
f 1201/1428/1291 1203/1430/1293 1199/1426/1289
f 1200/1427/1290 1203/1430/1293 1202/1429/1292
f 1204/1431/1294 1201/1428/1291 1155/1376/1239
f 1201/1428/1291 1204/1431/1294 1203/1430/1293
f 1089/1303/1179 1202/1429/1292 1205/1432/1295
f 1089/1303/1179 1205/1432/1295 1090/1304/1180
f 1205/1432/1295 1206/1433/1296 1090/1304/1180
f 1203/1430/1293 1207/1434/1297 1202/1429/1292
f 1204/1431/1294 1207/1434/1297 1203/1430/1293
f 1202/1429/1292 1208/1435/1298 1205/1432/1295
f 1208/1435/1298 1202/1429/1292 1207/1434/1297
f 1205/1432/1295 1208/1435/1298 1209/1436/1299
f 1209/1436/1299 1208/1435/1298 1207/1434/1297
f 1206/1433/1296 1205/1432/1295 1209/1436/1299
f 1210/1437/1300 1209/1436/1299 1207/1434/1297
f 1204/1431/1294 1210/1437/1300 1207/1434/1297
f 1211/1438/1301 1204/1431/1294 1155/1376/1239
f 1154/1375/1238 1211/1438/1301 1155/1376/1239
f 1211/1438/1301 1212/1439/1302 1204/1431/1294
f 1211/1438/1301 1154/1375/1238 1212/1439/1302
f 1212/1439/1302 1210/1437/1300 1204/1431/1294
f 1154/1375/1238 1152/1373/1236 1212/1439/1302
f 1210/1437/1300 1213/1440/1303 1209/1436/1299
f 1213/1440/1303 1206/1433/1296 1209/1436/1299
f 1210/1437/1300 1212/1439/1302 1214/1441/1304
f 1212/1439/1302 1152/1373/1236 1214/1441/1304
f 1213/1440/1303 1210/1437/1300 1214/1441/1304
f 1214/1441/1304 1215/1442/1305 1213/1440/1303
f 1152/1373/1236 1216/1443/1306 1214/1441/1304
f 1214/1441/1304 1216/1443/1306 1215/1442/1305
f 1147/1368/1231 1216/1443/1306 1152/1373/1236
f 1216/1443/1306 1147/1368/1231 1217/1444/1307
f 1216/1443/1306 1217/1444/1307 1215/1442/1305
f 1218/1445/1308 1215/1442/1305 1217/1444/1307
f 1147/1368/1231 1219/1446/1309 1217/1444/1307
f 1150/1371/1234 1219/1446/1309 1147/1368/1231
f 1217/1444/1307 1219/1446/1309 1220/1447/1310
f 1220/1447/1310 1218/1445/1308 1217/1444/1307
f 1221/1448/1311 1219/1446/1309 1150/1371/1234
f 1219/1446/1309 1221/1448/1311 1220/1447/1310
f 1222/1449/1312 1221/1448/1311 1150/1371/1234
f 1150/1371/1234 1138/1359/1222 1222/1449/1312
f 1221/1448/1311 1223/1450/1313 1220/1447/1310
f 1223/1450/1313 1221/1448/1311 1222/1449/1312
f 1138/1359/1222 1224/1451/1314 1222/1449/1312
f 1137/1358/795 1224/1451/1314 1138/1359/1222
f 1224/1451/1314 1137/1358/795 712/1452/796
f 1222/1449/1312 1224/1451/1314 1225/1453/1315
f 1225/1453/1315 1223/1450/1313 1222/1449/1312
f 1223/1450/1313 1226/1454/1316 1220/1447/1310
f 1220/1447/1310 1226/1454/1316 1218/1445/1308
f 1227/1455/1317 1224/1451/1314 712/1452/796
f 1224/1451/1314 1227/1455/1317 1225/1453/1315
f 1228/1456/1318 1223/1450/1313 1225/1453/1315
f 1223/1450/1313 1228/1456/1318 1226/1454/1316
f 1229/1457/1319 1227/1455/1317 712/1452/796
f 717/1458/801 1229/1457/1319 712/1452/796
f 717/1458/801 1230/1459/802 1229/1457/1319
f 1225/1453/1315 1227/1455/1317 1231/1460/1320
f 1231/1460/1320 1228/1456/1318 1225/1453/1315
f 1227/1455/1317 1232/1461/1321 1231/1460/1320
f 1229/1457/1319 1233/1462/1322 1227/1455/1317
f 1233/1462/1322 1232/1461/1321 1227/1455/1317
f 1231/1460/1320 1232/1461/1321 1234/1463/1323
f 1231/1460/1320 1234/1463/1323 1228/1456/1318
f 1235/1464/1324 1232/1461/1321 1233/1462/1322
f 1232/1461/1321 1235/1464/1324 1234/1463/1323
f 1230/1459/802 1236/1465/1325 1229/1457/1319
f 1237/1466/1326 1236/1465/1325 1230/1459/802
f 722/1467/807 1237/1466/1326 1230/1459/802
f 722/1467/807 1238/1468/808 1237/1466/1326
f 1238/1468/808 1239/1469/554 1237/1466/1326
f 1229/1457/1319 1240/1470/1327 1233/1462/1322
f 1229/1457/1319 1236/1465/1325 1240/1470/1327
f 1233/1462/1322 1241/1471/1328 1235/1464/1324
f 1240/1470/1327 1241/1471/1328 1233/1462/1322
f 1242/1472/1329 1235/1464/1324 1241/1471/1328
f 1235/1464/1324 1242/1472/1329 1234/1463/1323
f 1243/1473/1330 1242/1472/1329 1241/1471/1328
f 1240/1470/1327 1243/1473/1330 1241/1471/1328
f 1236/1465/1325 1244/1474/1331 1240/1470/1327
f 1236/1465/1325 1237/1466/1326 1244/1474/1331
f 1242/1472/1329 1245/1475/1332 1234/1463/1323
f 1242/1472/1329 1243/1473/1330 1245/1475/1332
f 1240/1470/1327 1244/1474/1331 1246/1476/1333
f 1243/1473/1330 1240/1470/1327 1246/1476/1333
f 1247/1477/1334 1234/1463/1323 1245/1475/1332
f 1234/1463/1323 1247/1477/1334 1228/1456/1318
f 1228/1456/1318 1247/1477/1334 1248/1478/1335
f 1228/1456/1318 1248/1478/1335 1226/1454/1316
f 1226/1454/1316 1248/1478/1335 1249/1479/1336
f 1247/1477/1334 1250/1480/1337 1248/1478/1335
f 1248/1478/1335 1250/1480/1337 1249/1479/1336
f 1251/1481/1338 1247/1477/1334 1245/1475/1332
f 1250/1480/1337 1247/1477/1334 1251/1481/1338
f 1243/1473/1330 1252/1482/1339 1245/1475/1332
f 1245/1475/1332 1252/1482/1339 1251/1481/1338
f 1253/1483/1340 1243/1473/1330 1246/1476/1333
f 1243/1473/1330 1253/1483/1340 1252/1482/1339
f 1254/1484/1341 1226/1454/1316 1249/1479/1336
f 1226/1454/1316 1254/1484/1341 1218/1445/1308
f 1255/1485/1342 1250/1480/1337 1251/1481/1338
f 1250/1480/1337 1256/1486/1343 1249/1479/1336
f 1256/1486/1343 1250/1480/1337 1255/1485/1342
f 1249/1479/1336 1256/1486/1343 1257/1487/1344
f 1249/1479/1336 1258/1488/1345 1254/1484/1341
f 1254/1484/1341 1259/1489/1346 1218/1445/1308
f 1258/1488/1345 1259/1489/1346 1254/1484/1341
f 1260/1490/1347 1258/1488/1345 1249/1479/1336
f 1257/1487/1344 1260/1490/1347 1249/1479/1336
f 1260/1490/1347 1257/1487/1344 1261/1491/1348
f 1262/1492/1349 1258/1488/1345 1260/1490/1347
f 1259/1489/1346 1258/1488/1345 1262/1492/1349
f 1263/1493/1350 1260/1490/1347 1261/1491/1348
f 1263/1493/1350 1262/1492/1349 1260/1490/1347
f 1263/1493/1350 1264/1494/1351 1262/1492/1349
f 1264/1494/1351 1263/1493/1350 1261/1491/1348
f 1262/1492/1349 1265/1495/1352 1259/1489/1346
f 1264/1494/1351 1265/1495/1352 1262/1492/1349
f 1259/1489/1346 1266/1496/1353 1218/1445/1308
f 1265/1495/1352 1266/1496/1353 1259/1489/1346
f 1266/1496/1353 1267/1497/1354 1218/1445/1308
f 1265/1495/1352 1267/1497/1354 1266/1496/1353
f 1267/1497/1354 1215/1442/1305 1218/1445/1308
f 1267/1497/1354 1265/1495/1352 1268/1498/1355
f 1264/1494/1351 1268/1498/1355 1265/1495/1352
f 1215/1442/1305 1267/1497/1354 1268/1498/1355
f 1268/1498/1355 1264/1494/1351 1269/1499/1356
f 1269/1499/1356 1264/1494/1351 1261/1491/1348
f 1270/1500/1357 1215/1442/1305 1268/1498/1355
f 1270/1500/1357 1268/1498/1355 1269/1499/1356
f 1215/1442/1305 1270/1500/1357 1213/1440/1303
f 1206/1433/1296 1213/1440/1303 1270/1500/1357
f 1269/1499/1356 1206/1433/1296 1270/1500/1357
f 1269/1499/1356 1261/1491/1348 1206/1433/1296
f 1261/1491/1348 1271/1501/1358 1206/1433/1296
f 1206/1433/1296 1271/1501/1358 1090/1304/1180
f 2221/1502/1359 1090/1304/1180 1271/1501/1358
f 1271/1501/1358 1261/1491/1348 1272/1503/1360
f 1272/1503/1360 2221/1502/1359 1271/1501/1358
f 2221/1502/1359 1272/1503/1360 2215/1504/1361
f 1261/1491/1348 1257/1487/1344 1272/1503/1360
f 1272/1503/1360 1273/1505/1362 2215/1504/1361
f 2215/1504/1361 1273/1505/1362 1274/1506/1363
f 1275/1507/1364 1273/1505/1362 1272/1503/1360
f 1257/1487/1344 1275/1507/1364 1272/1503/1360
f 1273/1505/1362 1276/1508/1365 1274/1506/1363
f 1273/1505/1362 1275/1507/1364 1276/1508/1365
f 1274/1506/1363 1276/1508/1365 1277/1509/1366
f 1278/1510/1367 1275/1507/1364 1257/1487/1344
f 1275/1507/1364 1278/1510/1367 1276/1508/1365
f 1276/1508/1365 1279/1511/1368 1277/1509/1366
f 1276/1508/1365 1278/1510/1367 1279/1511/1368
f 2210/1512/1369 1277/1509/1366 1279/1511/1368
f 1280/1513/1370 1278/1510/1367 1257/1487/1344
f 1256/1486/1343 1280/1513/1370 1257/1487/1344
f 1278/1510/1367 1281/1514/1371 1279/1511/1368
f 1281/1514/1371 1278/1510/1367 1280/1513/1370
f 1282/1515/1372 2210/1512/1369 1279/1511/1368
f 1279/1511/1368 1281/1514/1371 1282/1515/1372
f 1280/1513/1370 1256/1486/1343 1283/1516/1373
f 1283/1516/1373 1256/1486/1343 1255/1485/1342
f 1284/1517/1374 1281/1514/1371 1280/1513/1370
f 1284/1517/1374 1280/1513/1370 1283/1516/1373
f 1281/1514/1371 1284/1517/1374 1282/1515/1372
f 2210/1512/1369 1282/1515/1372 1285/1518/1375
f 1286/1519/1376 2210/1512/1369 1285/1518/1375
f 1287/1520/1377 1283/1516/1373 1255/1485/1342
f 1283/1516/1373 1287/1520/1377 1284/1517/1374
f 1288/1521/1378 1282/1515/1372 1284/1517/1374
f 1282/1515/1372 1288/1521/1378 1285/1518/1375
f 1289/1522/1379 1286/1519/1376 1285/1518/1375
f 1286/1519/1376 1289/1522/1379 1290/1523/1380
f 1291/1524/1381 1290/1523/1380 1289/1522/1379
f 1292/1525/1382 1287/1520/1377 1255/1485/1342
f 1292/1525/1382 1255/1485/1342 1251/1481/1338
f 1287/1520/1377 1293/1526/1383 1284/1517/1374
f 1293/1526/1383 1288/1521/1378 1284/1517/1374
f 1294/1527/1384 1293/1526/1383 1287/1520/1377
f 1293/1526/1383 1294/1527/1384 1288/1521/1378
f 1288/1521/1378 1295/1528/1385 1285/1518/1375
f 1294/1527/1384 1295/1528/1385 1288/1521/1378
f 1285/1518/1375 1296/1529/1386 1289/1522/1379
f 1295/1528/1385 1296/1529/1386 1285/1518/1375
f 1297/1530/1387 1291/1524/1381 1289/1522/1379
f 2206/1531/1388 1291/1524/1381 1297/1530/1387
f 1298/1532/1389 1292/1525/1382 1251/1481/1338
f 1252/1482/1339 1298/1532/1389 1251/1481/1338
f 1287/1520/1377 1292/1525/1382 1299/1533/1390
f 1299/1533/1390 1294/1527/1384 1287/1520/1377
f 1292/1525/1382 1298/1532/1389 1300/1534/1391
f 1292/1525/1382 1300/1534/1391 1299/1533/1390
f 1298/1532/1389 1252/1482/1339 1301/1535/1392
f 1298/1532/1389 1301/1535/1392 1300/1534/1391
f 1296/1529/1386 1302/1536/1393 1289/1522/1379
f 1289/1522/1379 1302/1536/1393 1297/1530/1387
f 2206/1531/1388 1297/1530/1387 1303/1537/1394
f 2206/1531/1388 1303/1537/1394 1304/1538/1395
f 1304/1538/1395 1303/1537/1394 1305/1539/1396
f 1252/1482/1339 1306/1540/1397 1301/1535/1392
f 1301/1535/1392 1306/1540/1397 1307/1541/1398
f 1253/1483/1340 1306/1540/1397 1252/1482/1339
f 1306/1540/1397 1253/1483/1340 1307/1541/1398
f 1302/1536/1393 1308/1542/1399 1297/1530/1387
f 1303/1537/1394 1297/1530/1387 1308/1542/1399
f 1303/1537/1394 1309/1543/1400 1305/1539/1396
f 2202/1544/1401 1305/1539/1396 1309/1543/1400
f 2200/1545/1402 2202/1544/1401 1309/1543/1400
f 1253/1483/1340 1310/1546/1403 1307/1541/1398
f 1310/1546/1403 1253/1483/1340 1246/1476/1333
f 1311/1547/1404 1310/1546/1403 1246/1476/1333
f 1307/1541/1398 1310/1546/1403 1311/1547/1404
f 1312/1548/1405 1303/1537/1394 1308/1542/1399
f 1309/1543/1400 1303/1537/1394 1312/1548/1405
f 1309/1543/1400 1313/1549/1406 2200/1545/1402
f 1313/1549/1406 2201/1550/1407 2200/1545/1402
f 2201/1550/1407 1313/1549/1406 2203/1551/1408
f 1314/1552/1409 1311/1547/1404 1246/1476/1333
f 1314/1552/1409 1246/1476/1333 1244/1474/1331
f 1315/1553/1410 1309/1543/1400 1312/1548/1405
f 1309/1543/1400 1315/1553/1410 1313/1549/1406
f 1316/1554/1411 1314/1552/1409 1244/1474/1331
f 1237/1466/1326 1316/1554/1411 1244/1474/1331
f 1316/1554/1411 1237/1466/1326 1317/1555/1412
f 1314/1552/1409 1316/1554/1411 1317/1555/1412
f 1237/1466/1326 1239/1469/554 1317/1555/1412
f 1311/1547/1404 1314/1552/1409 1318/1556/1413
f 1318/1556/1413 1314/1552/1409 1317/1555/1412
f 1318/1556/1413 1317/1555/1412 1319/1557/1414
f 1320/1558/1415 1317/1555/1412 1239/1469/554
f 1317/1555/1412 1320/1558/1415 1319/1557/1414
f 1321/1559/553 1320/1558/1415 1239/1469/554
f 1321/1559/553 495/1560/556 1320/1558/1415
f 1322/1561/1416 1311/1547/1404 1318/1556/1413
f 1318/1556/1413 1319/1557/1414 1322/1561/1416
f 1311/1547/1404 1322/1561/1416 1307/1541/1398
f 495/1560/556 1323/1562/1417 1320/1558/1415
f 1319/1557/1414 1320/1558/1415 1323/1562/1417
f 1323/1562/1417 495/1560/556 1324/1563/1418
f 495/1560/556 1325/1564/557 1324/1563/1418
f 1326/1565/1419 1319/1557/1414 1323/1562/1417
f 1323/1562/1417 1324/1563/1418 1326/1565/1419
f 1327/1566/1420 1324/1563/1418 1325/1564/557
f 497/1567/559 1327/1566/1420 1325/1564/557
f 1327/1566/1420 497/1567/559 499/1568/561
f 1328/1569/1421 1327/1566/1420 499/1568/561
f 1324/1563/1418 1327/1566/1420 1328/1569/1421
f 499/1568/561 1329/1570/566 1328/1569/1421
f 1329/1570/566 1330/1571/570 1328/1569/1421
f 1330/1571/570 512/1572/576 1328/1569/1421
f 1331/1573/1422 1324/1563/1418 1328/1569/1421
f 512/1572/576 1331/1573/1422 1328/1569/1421
f 1331/1573/1422 512/1572/576 1332/1574/1423
f 1332/1574/1423 512/1572/576 513/1575/577
f 1324/1563/1418 1333/1576/1424 1326/1565/1419
f 1324/1563/1418 1331/1573/1422 1333/1576/1424
f 1326/1565/1419 1334/1577/1425 1319/1557/1414
f 1326/1565/1419 1333/1576/1424 1334/1577/1425
f 1335/1578/1426 1331/1573/1422 1332/1574/1423
f 1331/1573/1422 1335/1578/1426 1333/1576/1424
f 1335/1578/1426 1336/1579/1427 1333/1576/1424
f 1335/1578/1426 1332/1574/1423 1336/1579/1427
f 1334/1577/1425 1337/1580/1428 1319/1557/1414
f 1319/1557/1414 1337/1580/1428 1322/1561/1416
f 1333/1576/1424 1338/1581/1429 1334/1577/1425
f 1336/1579/1427 1338/1581/1429 1333/1576/1424
f 1339/1582/1430 1334/1577/1425 1338/1581/1429
f 1334/1577/1425 1339/1582/1430 1337/1580/1428
f 1340/1583/1431 1322/1561/1416 1337/1580/1428
f 1322/1561/1416 1340/1583/1431 1307/1541/1398
f 1341/1584/1432 1340/1583/1431 1337/1580/1428
f 1339/1582/1430 1341/1584/1432 1337/1580/1428
f 1307/1541/1398 1340/1583/1431 1342/1585/1433
f 1342/1585/1433 1340/1583/1431 1341/1584/1432
f 1342/1585/1433 1301/1535/1392 1307/1541/1398
f 1342/1585/1433 1343/1586/1434 1301/1535/1392
f 1343/1586/1434 1342/1585/1433 1341/1584/1432
f 1343/1586/1434 1300/1534/1391 1301/1535/1392
f 1344/1587/1435 1339/1582/1430 1338/1581/1429
f 1338/1581/1429 1336/1579/1427 1344/1587/1435
f 1341/1584/1432 1339/1582/1430 1345/1588/1436
f 1343/1586/1434 1341/1584/1432 1345/1588/1436
f 1339/1582/1430 1344/1587/1435 1345/1588/1436
f 1343/1586/1434 1346/1589/1437 1300/1534/1391
f 1346/1589/1437 1343/1586/1434 1345/1588/1436
f 1346/1589/1437 1299/1533/1390 1300/1534/1391
f 1344/1587/1435 1347/1590/1438 1345/1588/1436
f 1346/1589/1437 1345/1588/1436 1347/1590/1438
f 1336/1579/1427 1348/1591/1439 1344/1587/1435
f 1347/1590/1438 1344/1587/1435 1348/1591/1439
f 1349/1592/1440 1299/1533/1390 1346/1589/1437
f 1349/1592/1440 1294/1527/1384 1299/1533/1390
f 1350/1593/1441 1346/1589/1437 1347/1590/1438
f 1350/1593/1441 1349/1592/1440 1346/1589/1437
f 1349/1592/1440 1351/1594/1442 1294/1527/1384
f 1351/1594/1442 1295/1528/1385 1294/1527/1384
f 1350/1593/1441 1347/1590/1438 1352/1595/1443
f 1352/1595/1443 1347/1590/1438 1348/1591/1439
f 1350/1593/1441 1353/1596/1444 1349/1592/1440
f 1353/1596/1444 1351/1594/1442 1349/1592/1440
f 1353/1596/1444 1350/1593/1441 1352/1595/1443
f 1351/1594/1442 1354/1597/1445 1295/1528/1385
f 1354/1597/1445 1296/1529/1386 1295/1528/1385
f 1353/1596/1444 1355/1598/1446 1351/1594/1442
f 1353/1596/1444 1352/1595/1443 1355/1598/1446
f 1355/1598/1446 1354/1597/1445 1351/1594/1442
f 1296/1529/1386 1354/1597/1445 1356/1599/1447
f 1302/1536/1393 1296/1529/1386 1356/1599/1447
f 1357/1600/1448 1356/1599/1447 1354/1597/1445
f 1302/1536/1393 1356/1599/1447 1357/1600/1448
f 1355/1598/1446 1357/1600/1448 1354/1597/1445
f 1355/1598/1446 1358/1601/1449 1357/1600/1448
f 1308/1542/1399 1302/1536/1393 1357/1600/1448
f 1352/1595/1443 1359/1602/1450 1355/1598/1446
f 1355/1598/1446 1359/1602/1450 1358/1601/1449
f 1359/1602/1450 1352/1595/1443 1348/1591/1439
f 1357/1600/1448 1360/1603/1451 1308/1542/1399
f 1358/1601/1449 1360/1603/1451 1357/1600/1448
f 1360/1603/1451 1312/1548/1405 1308/1542/1399
f 1361/1604/1452 1359/1602/1450 1348/1591/1439
f 1359/1602/1450 1361/1604/1452 1358/1601/1449
f 1361/1604/1452 1348/1591/1439 1362/1605/1453
f 1348/1591/1439 1336/1579/1427 1362/1605/1453
f 1332/1574/1423 1362/1605/1453 1336/1579/1427
f 1361/1604/1452 1362/1605/1453 1363/1606/1454
f 1363/1606/1454 1362/1605/1453 1332/1574/1423
f 1358/1601/1449 1361/1604/1452 1363/1606/1454
f 1364/1607/1455 1363/1606/1454 1332/1574/1423
f 1364/1607/1455 1332/1574/1423 513/1575/577
f 1364/1607/1455 1365/1608/1456 1363/1606/1454
f 1364/1607/1455 513/1575/577 1365/1608/1456
f 1365/1608/1456 1358/1601/1449 1363/1606/1454
f 513/1575/577 1366/1609/581 1365/1608/1456
f 1365/1608/1456 1367/1610/1457 1358/1601/1449
f 1367/1610/1457 1365/1608/1456 1366/1609/581
f 1367/1610/1457 1360/1603/1451 1358/1601/1449
f 1368/1611/582 1367/1610/1457 1366/1609/581
f 1360/1603/1451 1369/1612/1458 1312/1548/1405
f 1369/1612/1458 1315/1553/1410 1312/1548/1405
f 1367/1610/1457 1370/1613/1459 1360/1603/1451
f 1370/1613/1459 1367/1610/1457 1368/1611/582
f 1370/1613/1459 1369/1612/1458 1360/1603/1451
f 1371/1614/1460 1370/1613/1459 1368/1611/582
f 1371/1614/1460 1368/1611/582 520/1615/586
f 1371/1614/1460 520/1615/586 1372/1616/1461
f 1371/1614/1460 1372/1616/1461 1370/1613/1459
f 520/1615/586 5032/1617/1462 1372/1616/1461
f 5032/1617/1462 5031/1618/1463 1372/1616/1461
f 1370/1613/1459 1373/1619/1464 1369/1612/1458
f 1372/1616/1461 1373/1619/1464 1370/1613/1459
f 5031/1618/1463 1374/1620/1465 1372/1616/1461
f 1372/1616/1461 1374/1620/1465 1373/1619/1464
f 5031/1618/1463 1375/1621/1466 1374/1620/1465
f 1369/1612/1458 1376/1622/1467 1315/1553/1410
f 1373/1619/1464 1376/1622/1467 1369/1612/1458
f 1375/1621/1466 1377/1623/1468 1374/1620/1465
f 1377/1623/1468 1375/1621/1466 1378/1624/1469
f 1374/1620/1465 1379/1625/1470 1373/1619/1464
f 1373/1619/1464 1379/1625/1470 1376/1622/1467
f 1379/1625/1470 1374/1620/1465 1377/1623/1468
f 1376/1622/1467 1380/1626/1471 1315/1553/1410
f 1313/1549/1406 1315/1553/1410 1380/1626/1471
f 1380/1626/1471 1381/1627/1472 1313/1549/1406
f 1313/1549/1406 1381/1627/1472 2203/1551/1408
f 1380/1626/1471 1376/1622/1467 1382/1628/1473
f 1380/1626/1471 1382/1628/1473 1381/1627/1472
f 1381/1627/1472 1383/1629/1474 2203/1551/1408
f 1382/1628/1473 1383/1629/1474 1381/1627/1472
f 1383/1629/1474 1384/1630/1475 2203/1551/1408
f 1379/1625/1470 1385/1631/1476 1376/1622/1467
f 1376/1622/1467 1385/1631/1476 1382/1628/1473
f 1384/1630/1475 1383/1629/1474 1386/1632/1477
f 2357/1633/1478 1384/1630/1475 1386/1632/1477
f 1385/1631/1476 1379/1625/1470 1387/1634/1479
f 1387/1634/1479 1379/1625/1470 1377/1623/1468
f 1385/1631/1476 1388/1635/1480 1382/1628/1473
f 1388/1635/1480 1385/1631/1476 1387/1634/1479
f 1382/1628/1473 1389/1636/1481 1383/1629/1474
f 1389/1636/1481 1386/1632/1477 1383/1629/1474
f 1388/1635/1480 1389/1636/1481 1382/1628/1473
f 1386/1632/1477 1390/1637/1482 2357/1633/1478
f 1389/1636/1481 1390/1637/1482 1386/1632/1477
f 1390/1637/1482 2356/1638/1483 2357/1633/1478
f 1391/1639/1484 1388/1635/1480 1387/1634/1479
f 1388/1635/1480 1391/1639/1484 1389/1636/1481
f 1387/1634/1479 1377/1623/1468 1392/1640/1485
f 1392/1640/1485 1391/1639/1484 1387/1634/1479
f 1391/1639/1484 1393/1641/1486 1389/1636/1481
f 1389/1636/1481 1393/1641/1486 1390/1637/1482
f 1393/1641/1486 1391/1639/1484 1392/1640/1485
f 1390/1637/1482 1394/1642/1487 2356/1638/1483
f 1393/1641/1486 1394/1642/1487 1390/1637/1482
f 1394/1642/1487 2352/1643/1488 2356/1638/1483
f 1393/1641/1486 1395/1644/1489 1394/1642/1487
f 1395/1644/1489 1393/1641/1486 1392/1640/1485
f 2352/1643/1488 1394/1642/1487 1396/1645/1490
f 1395/1644/1489 1396/1645/1490 1394/1642/1487
f 1397/1646/1491 2352/1643/1488 1396/1645/1490
f 1397/1646/1491 1396/1645/1490 2346/1647/1492
f 1396/1645/1490 1398/1648/1493 2346/1647/1492
f 1398/1648/1493 1396/1645/1490 1395/1644/1489
f 2346/1647/1492 1398/1648/1493 2347/1649/1494
f 1398/1648/1493 2987/1650/1495 2347/1649/1494
f 2987/1650/1495 1398/1648/1493 1399/1651/1496
f 1399/1651/1496 1398/1648/1493 1395/1644/1489
f 1400/1652/1497 2987/1650/1495 1399/1651/1496
f 5030/1653/1498 1400/1652/1497 1399/1651/1496
f 1401/1654/1499 1399/1651/1496 1395/1644/1489
f 1392/1640/1485 1401/1654/1499 1395/1644/1489
f 1401/1654/1499 5030/1653/1498 1399/1651/1496
f 1402/1655/1500 1401/1654/1499 1392/1640/1485
f 5030/1653/1498 1401/1654/1499 1402/1655/1500
f 1377/1623/1468 1402/1655/1500 1392/1640/1485
f 1378/1624/1469 5030/1653/1498 1402/1655/1500
f 1402/1655/1500 1377/1623/1468 1378/1624/1469
f 1403/1656/1501 5253/1657/1502 1515/1658/1503
f 5253/1657/1502 1404/1659/1504 1515/1658/1503
f 1512/1660/1505 1515/1658/1503 1404/1659/1504
f 5253/1657/1502 1405/1661/1506 1404/1659/1504
f 1406/1662/1507 1512/1660/1505 1404/1659/1504
f 1509/1663/1508 1512/1660/1505 1406/1662/1507
f 1405/1661/1506 1407/1664/1509 1404/1659/1504
f 1404/1659/1504 1407/1664/1509 1406/1662/1507
f 1408/1665/1510 1509/1663/1508 1406/1662/1507
f 1506/1666/1511 1509/1663/1508 1408/1665/1510
f 1407/1664/1509 1405/1661/1506 1409/1667/1512
f 1405/1661/1506 5248/1668/1513 1409/1667/1512
f 1407/1664/1509 1410/1669/1514 1406/1662/1507
f 1406/1662/1507 1410/1669/1514 1408/1665/1510
f 1411/1670/1515 1506/1666/1511 1408/1665/1510
f 1412/1671/1516 1506/1666/1511 1411/1670/1515
f 1413/1672/1517 1412/1671/1516 1411/1670/1515
f 1407/1664/1509 1409/1667/1512 1414/1673/1518
f 1410/1669/1514 1407/1664/1509 1414/1673/1518
f 1409/1667/1512 5248/1668/1513 1415/1674/1519
f 5248/1668/1513 5245/1675/1520 1415/1674/1519
f 1410/1669/1514 1416/1676/1521 1408/1665/1510
f 1408/1665/1510 1416/1676/1521 1411/1670/1515
f 1415/1674/1519 5245/1675/1520 1417/1677/1522
f 5245/1675/1520 5243/1678/1523 1417/1677/1522
f 1417/1677/1522 1418/1679/1524 1415/1674/1519
f 1415/1674/1519 1419/1680/1525 1409/1667/1512
f 1418/1679/1524 1419/1680/1525 1415/1674/1519
f 1419/1680/1525 1414/1673/1518 1409/1667/1512
f 1418/1679/1524 1420/1681/1526 1419/1680/1525
f 1410/1669/1514 1414/1673/1518 1421/1682/1527
f 1416/1676/1521 1410/1669/1514 1421/1682/1527
f 1419/1680/1525 1422/1683/1528 1414/1673/1518
f 1420/1681/1526 1422/1683/1528 1419/1680/1525
f 1422/1683/1528 1421/1682/1527 1414/1673/1518
f 1422/1683/1528 1420/1681/1526 1423/1684/1529
f 1421/1682/1527 1422/1683/1528 1423/1684/1529
f 1420/1681/1526 1424/1685/1530 1423/1684/1529
f 1416/1676/1521 1421/1682/1527 1425/1686/1531
f 1425/1686/1531 1421/1682/1527 1423/1684/1529
f 1423/1684/1529 1424/1685/1530 1426/1687/1532
f 1425/1686/1531 1423/1684/1529 1426/1687/1532
f 1424/1685/1530 1522/1688/1533 1426/1687/1532
f 1522/1688/1533 1526/1689/1534 1426/1687/1532
f 1427/1690/1535 1416/1676/1521 1425/1686/1531
f 1416/1676/1521 1427/1690/1535 1411/1670/1515
f 1526/1689/1534 1428/1691/1536 1426/1687/1532
f 1526/1689/1534 1531/1692/1537 1428/1691/1536
f 1429/1693/1538 1425/1686/1531 1426/1687/1532
f 1425/1686/1531 1429/1693/1538 1427/1690/1535
f 1426/1687/1532 1428/1691/1536 1429/1693/1538
f 1427/1690/1535 1430/1694/1539 1411/1670/1515
f 1429/1693/1538 1430/1694/1539 1427/1690/1535
f 1430/1694/1539 1413/1672/1517 1411/1670/1515
f 1430/1694/1539 1429/1693/1538 1431/1695/1540
f 1428/1691/1536 1431/1695/1540 1429/1693/1538
f 1432/1696/1541 1431/1695/1540 1428/1691/1536
f 1433/1697/1542 1432/1696/1541 1428/1691/1536
f 1433/1697/1542 1428/1691/1536 1531/1692/1537
f 1434/1698/1543 1430/1694/1539 1431/1695/1540
f 1413/1672/1517 1430/1694/1539 1434/1698/1543
f 1431/1695/1540 1432/1696/1541 1434/1698/1543
f 1435/1699/1544 1433/1697/1542 1531/1692/1537
f 1432/1696/1541 1433/1697/1542 1436/1700/1545
f 1433/1697/1542 1435/1699/1544 1436/1700/1545
f 1437/1701/1546 1435/1699/1544 1531/1692/1537
f 1540/1702/1547 1437/1701/1546 1531/1692/1537
f 1437/1701/1546 1540/1702/1547 1577/1703/1548
f 1438/1704/1549 1436/1700/1545 1435/1699/1544
f 1437/1701/1546 1438/1704/1549 1435/1699/1544
f 1439/1705/1550 1437/1701/1546 1577/1703/1548
f 1577/1703/1548 1440/1706/1551 1439/1705/1550
f 1440/1706/1551 1441/1707/1552 1439/1705/1550
f 1437/1701/1546 1439/1705/1550 1442/1708/1553
f 1441/1707/1552 1442/1708/1553 1439/1705/1550
f 1438/1704/1549 1437/1701/1546 1442/1708/1553
f 1442/1708/1553 1441/1707/1552 1443/1709/1554
f 1441/1707/1552 1688/1710/1555 1443/1709/1554
f 1688/1710/1555 1697/1711/1556 1443/1709/1554
f 1444/1712/1557 1438/1704/1549 1442/1708/1553
f 1443/1709/1554 1444/1712/1557 1442/1708/1553
f 1436/1700/1545 1438/1704/1549 1445/1713/1558
f 1438/1704/1549 1444/1712/1557 1445/1713/1558
f 1697/1711/1556 1446/1714/1559 1443/1709/1554
f 1447/1715/1560 1444/1712/1557 1443/1709/1554
f 1446/1714/1559 1447/1715/1560 1443/1709/1554
f 1446/1714/1559 1697/1711/1556 1573/1716/1561
f 1697/1711/1556 1696/1717/1562 1573/1716/1561
f 1573/1716/1561 1448/1718/1563 1446/1714/1559
f 1448/1718/1563 1447/1715/1560 1446/1714/1559
f 1448/1718/1563 1569/1719/1564 1447/1715/1560
f 1444/1712/1557 1447/1715/1560 1449/1720/1565
f 1569/1719/1564 1449/1720/1565 1447/1715/1560
f 1445/1713/1558 1444/1712/1557 1449/1720/1565
f 1449/1720/1565 1569/1719/1564 1450/1721/1566
f 1445/1713/1558 1449/1720/1565 1450/1721/1566
f 1569/1719/1564 1566/1722/1567 1450/1721/1566
f 1566/1722/1567 1648/1723/1568 1450/1721/1566
f 1648/1723/1568 1649/1724/1569 1450/1721/1566
f 1451/1725/1570 1445/1713/1558 1450/1721/1566
f 1450/1721/1566 1649/1724/1569 1451/1725/1570
f 1649/1724/1569 1651/1726/1571 1451/1725/1570
f 1436/1700/1545 1445/1713/1558 1451/1725/1570
f 1651/1726/1571 1452/1727/1572 1451/1725/1570
f 1453/1728/1573 1436/1700/1545 1451/1725/1570
f 1452/1727/1572 1453/1728/1573 1451/1725/1570
f 1432/1696/1541 1436/1700/1545 1453/1728/1573
f 1453/1728/1573 1452/1727/1572 1454/1729/1574
f 1454/1729/1574 1432/1696/1541 1453/1728/1573
f 1452/1727/1572 1455/1730/1575 1454/1729/1574
f 1454/1729/1574 1455/1730/1575 1456/1731/1576
f 1455/1730/1575 1656/1732/1577 1456/1731/1576
f 1456/1731/1576 1656/1732/1577 1457/1733/1578
f 1656/1732/1577 1658/1734/1579 1457/1733/1578
f 1454/1729/1574 1458/1735/1580 1432/1696/1541
f 1458/1735/1580 1454/1729/1574 1456/1731/1576
f 1458/1735/1580 1459/1736/1581 1432/1696/1541
f 1432/1696/1541 1459/1736/1581 1434/1698/1543
f 1460/1737/1582 1458/1735/1580 1456/1731/1576
f 1459/1736/1581 1458/1735/1580 1460/1737/1582
f 1434/1698/1543 1459/1736/1581 1461/1738/1583
f 1461/1738/1583 1413/1672/1517 1434/1698/1543
f 1457/1733/1578 1462/1739/1584 1456/1731/1576
f 1462/1739/1584 1460/1737/1582 1456/1731/1576
f 1463/1740/1585 1459/1736/1581 1460/1737/1582
f 1459/1736/1581 1463/1740/1585 1461/1738/1583
f 1460/1737/1582 1462/1739/1584 1464/1741/1586
f 1463/1740/1585 1460/1737/1582 1464/1741/1586
f 1461/1738/1583 1463/1740/1585 1465/1742/1587
f 1463/1740/1585 1464/1741/1586 1465/1742/1587
f 1464/1741/1586 1462/1739/1584 1466/1743/1588
f 1462/1739/1584 1457/1733/1578 1466/1743/1588
f 1467/1744/1589 1413/1672/1517 1461/1738/1583
f 1465/1742/1587 1467/1744/1589 1461/1738/1583
f 1465/1742/1587 1464/1741/1586 1468/1745/1590
f 1464/1741/1586 1466/1743/1588 1468/1745/1590
f 1469/1746/1591 1467/1744/1589 1465/1742/1587
f 1468/1745/1590 1469/1746/1591 1465/1742/1587
f 1413/1672/1517 1467/1744/1589 1470/1747/1592
f 1467/1744/1589 1469/1746/1591 1471/1748/1593
f 1470/1747/1592 1467/1744/1589 1471/1748/1593
f 1472/1749/1594 1413/1672/1517 1470/1747/1592
f 1412/1671/1516 1413/1672/1517 1472/1749/1594
f 1473/1750/1595 1412/1671/1516 1472/1749/1594
f 1470/1747/1592 1474/1751/1596 1472/1749/1594
f 1474/1751/1596 1470/1747/1592 1471/1748/1593
f 1473/1750/1595 1472/1749/1594 1475/1752/1597
f 1474/1751/1596 1475/1752/1597 1472/1749/1594
f 1502/1753/1598 1473/1750/1595 1475/1752/1597
f 1502/1753/1598 1475/1752/1597 1476/1754/1599
f 1475/1752/1597 1474/1751/1596 1476/1754/1599
f 1477/1755/1600 1502/1753/1598 1476/1754/1599
f 1477/1755/1600 1476/1754/1599 1478/1756/1601
f 1479/1757/1602 1477/1755/1600 1478/1756/1601
f 1474/1751/1596 1480/1758/1603 1476/1754/1599
f 1476/1754/1599 1480/1758/1603 1478/1756/1601
f 1481/1759/1604 1474/1751/1596 1471/1748/1593
f 1480/1758/1603 1474/1751/1596 1481/1759/1604
f 1478/1756/1601 1668/1760/1605 1479/1757/1602
f 1668/1760/1605 1482/1761/1606 1479/1757/1602
f 1668/1760/1605 1478/1756/1601 1483/1762/1607
f 1480/1758/1603 1483/1762/1607 1478/1756/1601
f 1673/1763/1608 1668/1760/1605 1483/1762/1607
f 1483/1762/1607 1480/1758/1603 1484/1764/1609
f 1484/1764/1609 1480/1758/1603 1481/1759/1604
f 1673/1763/1608 1483/1762/1607 1485/1765/1610
f 1485/1765/1610 1483/1762/1607 1484/1764/1609
f 1674/1766/1611 1673/1763/1608 1485/1765/1610
f 1677/1767/1612 1674/1766/1611 1485/1765/1610
f 1471/1748/1593 1486/1768/1613 1481/1759/1604
f 1486/1768/1613 1471/1748/1593 1469/1746/1591
f 1481/1759/1604 1487/1769/1614 1484/1764/1609
f 1486/1768/1613 1487/1769/1614 1481/1759/1604
f 1484/1764/1609 1488/1770/1615 1485/1765/1610
f 1487/1769/1614 1488/1770/1615 1484/1764/1609
f 1489/1771/1616 1677/1767/1612 1485/1765/1610
f 1488/1770/1615 1489/1771/1616 1485/1765/1610
f 1678/1772/1617 1677/1767/1612 1489/1771/1616
f 1490/1773/1618 1486/1768/1613 1469/1746/1591
f 1487/1769/1614 1486/1768/1613 1491/1774/1619
f 1491/1774/1619 1486/1768/1613 1490/1773/1618
f 1488/1770/1615 1487/1769/1614 1492/1775/1620
f 1492/1775/1620 1487/1769/1614 1491/1774/1619
f 1489/1771/1616 1488/1770/1615 1493/1776/1621
f 1493/1776/1621 1488/1770/1615 1492/1775/1620
f 1494/1777/1622 1678/1772/1617 1489/1771/1616
f 1494/1777/1622 1489/1771/1616 1493/1776/1621
f 1678/1772/1617 1494/1777/1622 1495/1778/1623
f 1665/1779/1624 1678/1772/1617 1495/1778/1623
f 1493/1776/1621 1496/1780/1625 1494/1777/1622
f 1496/1780/1625 1495/1778/1623 1494/1777/1622
f 1496/1780/1625 1493/1776/1621 1492/1775/1620
f 1665/1779/1624 1495/1778/1623 1497/1781/1626
f 1495/1778/1623 1496/1780/1625 1497/1781/1626
f 1498/1782/1627 1665/1779/1624 1497/1781/1626
f 1482/1783/1606 1498/1782/1627 1497/1781/1626
f 1479/1784/1602 1482/1783/1606 1497/1781/1626
f 1497/1781/1626 1499/1785/1628 1479/1784/1602
f 1496/1780/1625 1499/1785/1628 1497/1781/1626
f 1499/1785/1628 1477/1786/1600 1479/1784/1602
f 1500/1787/1629 1496/1780/1625 1492/1775/1620
f 1496/1780/1625 1500/1787/1629 1499/1785/1628
f 1477/1786/1600 1499/1785/1628 1501/1788/1630
f 1500/1787/1629 1501/1788/1630 1499/1785/1628
f 1502/1789/1598 1477/1786/1600 1501/1788/1630
f 1503/1790/1631 1500/1787/1629 1492/1775/1620
f 1501/1788/1630 1500/1787/1629 1503/1790/1631
f 1491/1774/1619 1503/1790/1631 1492/1775/1620
f 1502/1789/1598 1501/1788/1630 1504/1791/1632
f 1504/1791/1632 1501/1788/1630 1503/1790/1631
f 1473/1792/1595 1502/1789/1598 1504/1791/1632
f 1504/1791/1632 1505/1793/1633 1473/1792/1595
f 1505/1793/1633 1412/1794/1516 1473/1792/1595
f 1506/1795/1511 1412/1794/1516 1505/1793/1633
f 1504/1791/1632 1503/1790/1631 1507/1796/1634
f 1503/1790/1631 1491/1774/1619 1507/1796/1634
f 1505/1793/1633 1504/1791/1632 1507/1796/1634
f 1508/1797/1635 1506/1795/1511 1505/1793/1633
f 1506/1795/1511 1508/1797/1635 1509/1798/1508
f 1491/1774/1619 1510/1799/1636 1507/1796/1634
f 1510/1799/1636 1491/1774/1619 1490/1773/1618
f 1508/1797/1635 1511/1800/1637 1509/1798/1508
f 1509/1798/1508 1511/1800/1637 1512/1801/1505
f 1511/1800/1637 1513/1802/1638 1512/1801/1505
f 1514/1803/1639 1513/1802/1638 1511/1800/1637
f 1512/1801/1505 1513/1802/1638 1515/1804/1503
f 1513/1802/1638 1516/1805/1640 1515/1804/1503
f 1513/1802/1638 1514/1803/1639 1516/1805/1640
f 1403/1806/1501 1515/1804/1503 1516/1805/1640
f 1517/1807/1641 1403/1806/1501 1516/1805/1640
f 1517/1807/1641 1516/1805/1640 1518/1808/1642
f 1514/1803/1639 1518/1808/1642 1516/1805/1640
f 5244/1809/1643 1517/1807/1641 1518/1808/1642
f 5243/1810/1523 5244/1809/1643 1518/1808/1642
f 1417/1811/1522 5243/1810/1523 1518/1808/1642
f 1518/1808/1642 1514/1803/1639 1417/1811/1522
f 1514/1803/1639 1418/1812/1524 1417/1811/1522
f 1418/1812/1524 1514/1803/1639 1420/1813/1526
f 1519/1814/1644 1514/1803/1639 1511/1800/1637
f 1514/1803/1639 1519/1814/1644 1420/1813/1526
f 1519/1814/1644 1511/1800/1637 1508/1797/1635
f 1420/1813/1526 1519/1814/1644 1520/1815/1645
f 1520/1815/1645 1519/1814/1644 1508/1797/1635
f 1424/1816/1530 1420/1813/1526 1520/1815/1645
f 1521/1817/1646 1520/1815/1645 1508/1797/1635
f 1424/1816/1530 1520/1815/1645 1521/1817/1646
f 1505/1793/1633 1521/1817/1646 1508/1797/1635
f 1522/1818/1533 1424/1816/1530 1521/1817/1646
f 1505/1793/1633 1523/1819/1647 1521/1817/1646
f 1505/1793/1633 1507/1796/1634 1523/1819/1647
f 1521/1817/1646 1524/1820/1648 1522/1818/1533
f 1523/1819/1647 1524/1820/1648 1521/1817/1646
f 1522/1818/1533 1524/1820/1648 1525/1821/1649
f 1522/1818/1533 1525/1821/1649 1526/1822/1534
f 1507/1796/1634 1527/1823/1650 1523/1819/1647
f 1510/1799/1636 1527/1823/1650 1507/1796/1634
f 1524/1820/1648 1523/1819/1647 1528/1824/1651
f 1524/1820/1648 1528/1824/1651 1525/1821/1649
f 1528/1824/1651 1529/1825/1652 1525/1821/1649
f 1525/1821/1649 1530/1826/1653 1526/1822/1534
f 1529/1825/1652 1530/1826/1653 1525/1821/1649
f 1526/1822/1534 1530/1826/1653 1531/1827/1537
f 1523/1819/1647 1532/1828/1654 1528/1824/1651
f 1523/1819/1647 1527/1823/1650 1532/1828/1654
f 1528/1824/1651 1532/1828/1654 1529/1825/1652
f 1527/1823/1650 1510/1799/1636 1533/1829/1655
f 1527/1823/1650 1533/1829/1655 1532/1828/1654
f 1530/1826/1653 1534/1830/1656 1531/1827/1537
f 1534/1830/1656 1530/1826/1653 1529/1825/1652
f 1510/1799/1636 1535/1831/1657 1533/1829/1655
f 1510/1799/1636 1490/1773/1618 1535/1831/1657
f 1532/1828/1654 1533/1829/1655 1536/1832/1658
f 1532/1828/1654 1536/1832/1658 1529/1825/1652
f 1536/1832/1658 1537/1833/1659 1529/1825/1652
f 1533/1829/1655 1538/1834/1660 1536/1832/1658
f 1538/1834/1660 1533/1829/1655 1535/1831/1657
f 1537/1833/1659 1536/1832/1658 1538/1834/1660
f 1531/1827/1537 1534/1830/1656 1539/1835/1661
f 1540/1836/1547 1531/1827/1537 1539/1835/1661
f 1541/1837/1662 1534/1830/1656 1529/1825/1652
f 1537/1833/1659 1541/1837/1662 1529/1825/1652
f 1542/1838/1663 1534/1830/1656 1541/1837/1662
f 1539/1835/1661 1534/1830/1656 1542/1838/1663
f 1490/1773/1618 1543/1839/1664 1535/1831/1657
f 1490/1773/1618 1469/1746/1591 1543/1839/1664
f 1469/1746/1591 1468/1745/1590 1543/1839/1664
f 1544/1840/1665 1543/1839/1664 1468/1745/1590
f 1535/1831/1657 1543/1839/1664 1544/1840/1665
f 1468/1745/1590 1466/1743/1588 1544/1840/1665
f 1545/1841/1666 1535/1831/1657 1544/1840/1665
f 1545/1841/1666 1538/1834/1660 1535/1831/1657
f 1466/1743/1588 1546/1842/1667 1544/1840/1665
f 1544/1840/1665 1546/1842/1667 1545/1841/1666
f 1466/1743/1588 1457/1733/1578 1546/1842/1667
f 1547/1843/1668 1538/1834/1660 1545/1841/1666
f 1547/1843/1668 1537/1833/1659 1538/1834/1660
f 1548/1844/1669 1547/1843/1668 1545/1841/1666
f 1546/1842/1667 1548/1844/1669 1545/1841/1666
f 1547/1843/1668 1548/1844/1669 1549/1845/1670
f 1547/1843/1668 1549/1845/1670 1537/1833/1659
f 1550/1846/1671 1548/1844/1669 1546/1842/1667
f 1548/1844/1669 1550/1846/1671 1549/1845/1670
f 1551/1847/1672 1549/1845/1670 1550/1846/1671
f 1552/1848/1673 1550/1846/1671 1546/1842/1667
f 1457/1733/1578 1552/1848/1673 1546/1842/1667
f 1552/1848/1673 1551/1847/1672 1550/1846/1671
f 1552/1848/1673 1457/1733/1578 1553/1849/1674
f 1457/1733/1578 1658/1734/1579 1553/1849/1674
f 1658/1734/1579 1554/1850/1675 1553/1849/1674
f 1554/1850/1675 1662/1851/1676 1553/1849/1674
f 1555/1852/1677 1552/1848/1673 1553/1849/1674
f 1662/1851/1676 1555/1852/1677 1553/1849/1674
f 1552/1848/1673 1555/1852/1677 1556/1853/1678
f 1555/1852/1677 1662/1851/1676 1556/1853/1678
f 1551/1847/1672 1552/1848/1673 1556/1853/1678
f 1662/1851/1676 1663/1854/1679 1556/1853/1678
f 1551/1847/1672 1556/1853/1678 1663/1854/1679
f 1557/1855/1680 1551/1847/1672 1663/1854/1679
f 1557/1855/1680 1558/1856/1681 1551/1847/1672
f 1558/1856/1681 1559/1857/1682 1551/1847/1672
f 1551/1847/1672 1559/1857/1682 1549/1845/1670
f 1558/1856/1681 1560/1858/1683 1559/1857/1682
f 1559/1857/1682 1561/1859/1684 1549/1845/1670
f 1549/1845/1670 1561/1859/1684 1537/1833/1659
f 1560/1858/1683 1562/1860/1685 1559/1857/1682
f 1561/1859/1684 1559/1857/1682 1562/1860/1685
f 1561/1859/1684 1563/1861/1686 1537/1833/1659
f 1561/1859/1684 1562/1860/1685 1563/1861/1686
f 1563/1861/1686 1541/1837/1662 1537/1833/1659
f 1563/1861/1686 1542/1838/1663 1541/1837/1662
f 1562/1860/1685 1560/1858/1683 1564/1862/1687
f 1560/1858/1683 1565/1863/1688 1564/1862/1687
f 1565/1863/1688 1648/1864/1568 1564/1862/1687
f 1648/1864/1568 1566/1865/1567 1564/1862/1687
f 1564/1862/1687 1567/1866/1689 1562/1860/1685
f 1567/1866/1689 1564/1862/1687 1566/1865/1567
f 1568/1867/1690 1567/1866/1689 1566/1865/1567
f 1569/1868/1564 1568/1867/1690 1566/1865/1567
f 1569/1868/1564 1448/1869/1563 1568/1867/1690
f 1567/1866/1689 1570/1870/1691 1562/1860/1685
f 1562/1860/1685 1570/1870/1691 1563/1861/1686
f 1570/1870/1691 1567/1866/1689 1568/1867/1690
f 1563/1861/1686 1570/1870/1691 1571/1871/1692
f 1542/1838/1663 1563/1861/1686 1571/1871/1692
f 1571/1871/1692 1570/1870/1691 1568/1867/1690
f 1448/1869/1563 1572/1872/1693 1568/1867/1690
f 1448/1869/1563 1573/1873/1561 1572/1872/1693
f 1574/1874/1694 1571/1871/1692 1568/1867/1690
f 1542/1838/1663 1571/1871/1692 1574/1874/1694
f 1572/1872/1693 1574/1874/1694 1568/1867/1690
f 1573/1873/1561 1575/1875/1695 1572/1872/1693
f 1573/1873/1561 1696/1876/1562 1575/1875/1695
f 1575/1875/1695 1696/1876/1562 1576/1877/1696
f 1696/1876/1562 1685/1878/1697 1576/1877/1696
f 1685/1878/1697 1440/1879/1551 1576/1877/1696
f 1440/1879/1551 1577/1880/1548 1576/1877/1696
f 1575/1875/1695 1578/1881/1698 1572/1872/1693
f 1578/1881/1698 1574/1874/1694 1572/1872/1693
f 1575/1875/1695 1576/1877/1696 1578/1881/1698
f 1579/1882/1699 1542/1838/1663 1574/1874/1694
f 1579/1882/1699 1574/1874/1694 1578/1881/1698
f 1579/1882/1699 1539/1835/1661 1542/1838/1663
f 1580/1883/1700 1579/1882/1699 1578/1881/1698
f 1576/1877/1696 1580/1883/1700 1578/1881/1698
f 1579/1882/1699 1580/1883/1700 1539/1835/1661
f 1577/1880/1548 1581/1884/1701 1576/1877/1696
f 1581/1884/1701 1580/1883/1700 1576/1877/1696
f 1580/1883/1700 1581/1884/1701 1539/1835/1661
f 1577/1880/1548 1540/1836/1547 1581/1884/1701
f 1540/1836/1547 1539/1835/1661 1581/1884/1701
f 1582/1885/1702 1648/1886/1568 1565/1887/1688
f 1583/1888/1703 1582/1885/1702 1565/1887/1688
f 1582/1885/1702 1583/1888/1703 1584/1889/1704
f 1585/1890/1705 1583/1888/1703 1565/1887/1688
f 1560/1891/1683 1585/1890/1705 1565/1887/1688
f 1585/1890/1705 1560/1891/1683 1558/1892/1681
f 1583/1888/1703 1586/1893/1706 1584/1889/1704
f 1584/1889/1704 1586/1893/1706 1587/1894/1707
f 1588/1895/1708 1586/1893/1706 1583/1888/1703
f 1585/1890/1705 1588/1895/1708 1583/1888/1703
f 1586/1893/1706 1589/1896/1709 1587/1894/1707
f 1586/1893/1706 1588/1895/1708 1589/1896/1709
f 1587/1894/1707 1589/1896/1709 1638/1897/1710
f 1590/1898/1711 1585/1890/1705 1558/1892/1681
f 1590/1898/1711 1558/1892/1681 1557/1899/1680
f 1589/1896/1709 1591/1900/1712 1638/1897/1710
f 1638/1897/1710 1591/1900/1712 1592/1901/1713
f 1590/1898/1711 1593/1902/1714 1585/1890/1705
f 1593/1902/1714 1588/1895/1708 1585/1890/1705
f 1594/1903/1715 1590/1898/1711 1557/1899/1680
f 1593/1902/1714 1590/1898/1711 1594/1903/1715
f 1588/1895/1708 1595/1904/1716 1589/1896/1709
f 1589/1896/1709 1595/1904/1716 1591/1900/1712
f 1591/1900/1712 1596/1905/1717 1592/1901/1713
f 1592/1901/1713 1596/1905/1717 185/1906/126
f 1596/1905/1717 1597/1907/125 185/1906/126
f 1588/1895/1708 1593/1902/1714 1598/1908/1718
f 1595/1904/1716 1588/1895/1708 1598/1908/1718
f 1595/1904/1716 1599/1909/1719 1591/1900/1712
f 1591/1900/1712 1599/1909/1719 1596/1905/1717
f 1595/1904/1716 1598/1908/1718 1599/1909/1719
f 1596/1905/1717 1600/1910/1720 1597/1907/125
f 1599/1909/1719 1600/1910/1720 1596/1905/1717
f 1600/1910/1720 107/1911/127 1597/1907/125
f 1599/1909/1719 1601/1912/1721 1600/1910/1720
f 1598/1908/1718 1601/1912/1721 1599/1909/1719
f 1600/1910/1720 1602/1913/1722 107/1911/127
f 1601/1912/1721 1602/1913/1722 1600/1910/1720
f 1602/1913/1722 1603/1914/130 107/1911/127
f 1598/1908/1718 1593/1902/1714 1604/1915/1723
f 1604/1915/1723 1593/1902/1714 1594/1903/1715
f 1594/1903/1715 1605/1916/1724 1604/1915/1723
f 1598/1908/1718 1606/1917/1725 1601/1912/1721
f 1606/1917/1725 1598/1908/1718 1604/1915/1723
f 1602/1913/1722 1607/1918/1726 1603/1914/130
f 1607/1918/1726 1608/1919/134 1603/1914/130
f 1609/1920/135 1608/1919/134 1607/1918/1726
f 1601/1912/1721 1610/1921/1727 1602/1913/1722
f 1606/1917/1725 1610/1921/1727 1601/1912/1721
f 1602/1913/1722 1611/1922/1728 1607/1918/1726
f 1610/1921/1727 1611/1922/1728 1602/1913/1722
f 1612/1923/1729 1609/1920/135 1607/1918/1726
f 1611/1922/1728 1612/1923/1729 1607/1918/1726
f 1609/1920/135 1612/1923/1729 1613/1924/1730
f 1613/1924/1730 1612/1923/1729 1611/1922/1728
f 1614/1925/142 1609/1920/135 1613/1924/1730
f 1615/1926/143 1614/1925/142 1613/1924/1730
f 1616/1927/1731 1613/1924/1730 1611/1922/1728
f 1616/1927/1731 1615/1926/143 1613/1924/1730
f 1611/1922/1728 1610/1921/1727 1616/1927/1731
f 1617/1928/147 1615/1926/143 1616/1927/1731
f 1610/1921/1727 1618/1929/1732 1616/1927/1731
f 1618/1929/1732 1610/1921/1727 1606/1917/1725
f 1619/1930/1733 1617/1928/147 1616/1927/1731
f 1616/1927/1731 1618/1929/1732 1619/1930/1733
f 123/1931/149 1617/1928/147 1619/1930/1733
f 1620/1932/1734 1618/1929/1732 1606/1917/1725
f 1618/1929/1732 1621/1933/1735 1619/1930/1733
f 1621/1933/1735 1618/1929/1732 1620/1932/1734
f 1622/1934/1736 123/1931/149 1619/1930/1733
f 1619/1930/1733 1621/1933/1735 1622/1934/1736
f 1623/1935/1737 1620/1932/1734 1606/1917/1725
f 1604/1915/1723 1623/1935/1737 1606/1917/1725
f 1605/1916/1724 1623/1935/1737 1604/1915/1723
f 1622/1934/1736 1624/1936/1738 123/1931/149
f 1624/1936/1738 1625/1937/150 123/1931/149
f 1621/1933/1735 1626/1938/1739 1622/1934/1736
f 1622/1934/1736 1626/1938/1739 1624/1936/1738
f 1627/1939/1740 1621/1933/1735 1620/1932/1734
f 1620/1932/1734 1623/1935/1737 1627/1939/1740
f 1626/1938/1739 1621/1933/1735 1627/1939/1740
f 1624/1936/1738 1628/1940/1741 1625/1937/150
f 1628/1940/1741 127/1941/154 1625/1937/150
f 1623/1935/1737 1629/1942/1742 1627/1939/1740
f 1629/1942/1742 1623/1935/1737 1605/1916/1724
f 1626/1938/1739 1630/1943/1743 1624/1936/1738
f 1624/1936/1738 1630/1943/1743 1628/1940/1741
f 1631/1944/1744 1626/1938/1739 1627/1939/1740
f 1627/1939/1740 1629/1942/1742 1631/1944/1744
f 1630/1943/1743 1626/1938/1739 1631/1944/1744
f 1628/1940/1741 1632/1945/1745 127/1941/154
f 1632/1945/1745 1633/1946/212 127/1941/154
f 1633/1946/212 1632/1945/1745 1634/1947/1746
f 182/1948/214 1633/1946/212 1634/1947/1746
f 184/1949/216 182/1948/214 1634/1947/1746
f 1632/1945/1745 1628/1940/1741 1635/1950/1747
f 1632/1945/1745 1635/1950/1747 1634/1947/1746
f 1630/1943/1743 1636/1951/1748 1628/1940/1741
f 1628/1940/1741 1636/1951/1748 1635/1950/1747
f 1637/1952/1749 184/1949/216 1634/1947/1746
f 185/1953/126 184/1949/216 1637/1952/1749
f 1592/1954/1713 185/1953/126 1637/1952/1749
f 1592/1954/1713 1637/1952/1749 1638/1955/1710
f 1639/1956/1750 1637/1952/1749 1634/1947/1746
f 1637/1952/1749 1639/1956/1750 1638/1955/1710
f 1635/1950/1747 1640/1957/1751 1634/1947/1746
f 1640/1957/1751 1639/1956/1750 1634/1947/1746
f 1638/1955/1710 1639/1956/1750 1641/1958/1752
f 1639/1956/1750 1640/1957/1751 1641/1958/1752
f 1641/1958/1752 1640/1957/1751 1635/1950/1747
f 1636/1951/1748 1641/1958/1752 1635/1950/1747
f 1587/1959/1707 1638/1955/1710 1641/1958/1752
f 1642/1960/1753 1587/1959/1707 1641/1958/1752
f 1642/1960/1753 1641/1958/1752 1636/1951/1748
f 1584/1961/1704 1587/1959/1707 1642/1960/1753
f 1643/1962/1754 1636/1951/1748 1630/1943/1743
f 1643/1962/1754 1642/1960/1753 1636/1951/1748
f 1644/1963/1755 1584/1961/1704 1642/1960/1753
f 1644/1963/1755 1642/1960/1753 1643/1962/1754
f 1582/1964/1702 1584/1961/1704 1644/1963/1755
f 1645/1965/1756 1643/1962/1754 1630/1943/1743
f 1645/1965/1756 1630/1943/1743 1631/1944/1744
f 1646/1966/1757 1644/1963/1755 1643/1962/1754
f 1646/1966/1757 1643/1962/1754 1645/1965/1756
f 1647/1967/1758 1582/1964/1702 1644/1963/1755
f 1582/1964/1702 1647/1967/1758 1648/1968/1568
f 1647/1967/1758 1649/1969/1569 1648/1968/1568
f 1647/1967/1758 1644/1963/1755 1650/1970/1759
f 1647/1967/1758 1650/1970/1759 1649/1969/1569
f 1650/1970/1759 1644/1963/1755 1646/1966/1757
f 1650/1970/1759 1651/1971/1571 1649/1969/1569
f 1651/1971/1571 1650/1970/1759 1652/1972/1760
f 1652/1972/1760 1650/1970/1759 1646/1966/1757
f 1452/1973/1572 1651/1971/1571 1652/1972/1760
f 1455/1974/1575 1452/1973/1572 1652/1972/1760
f 1631/1944/1744 1653/1975/1761 1645/1965/1756
f 1629/1942/1742 1653/1975/1761 1631/1944/1744
f 1654/1976/1762 1646/1966/1757 1645/1965/1756
f 1652/1972/1760 1646/1966/1757 1654/1976/1762
f 1653/1975/1761 1654/1976/1762 1645/1965/1756
f 1655/1977/1763 1455/1974/1575 1652/1972/1760
f 1655/1977/1763 1652/1972/1760 1654/1976/1762
f 1656/1978/1577 1455/1974/1575 1655/1977/1763
f 1655/1977/1763 1654/1976/1762 1657/1979/1764
f 1657/1979/1764 1656/1978/1577 1655/1977/1763
f 1654/1976/1762 1653/1975/1761 1657/1979/1764
f 1658/1980/1579 1656/1978/1577 1657/1979/1764
f 1653/1975/1761 1629/1942/1742 1659/1981/1765
f 1657/1979/1764 1653/1975/1761 1659/1981/1765
f 1659/1981/1765 1658/1980/1579 1657/1979/1764
f 1659/1981/1765 1629/1942/1742 1605/1916/1724
f 1659/1981/1765 1660/1982/1766 1658/1980/1579
f 1660/1982/1766 1659/1981/1765 1605/1916/1724
f 1660/1982/1766 1554/1983/1675 1658/1980/1579
f 1554/1983/1675 1660/1982/1766 1661/1984/1767
f 1661/1984/1767 1660/1982/1766 1605/1916/1724
f 1662/1985/1676 1554/1983/1675 1661/1984/1767
f 1662/1985/1676 1661/1984/1767 1663/1986/1679
f 1664/1987/1768 1661/1984/1767 1605/1916/1724
f 1661/1984/1767 1664/1987/1768 1663/1986/1679
f 1594/1903/1715 1664/1987/1768 1605/1916/1724
f 1663/1986/1679 1664/1987/1768 1557/1899/1680
f 1664/1987/1768 1594/1903/1715 1557/1899/1680
f 1681/1988/1769 1665/1989/1624 1498/1990/1627
f 1666/1991/1770 1681/1988/1769 1498/1990/1627
f 1666/1991/1770 1498/1990/1627 1667/1992/1771
f 1498/1990/1627 1482/1993/1606 1667/1992/1771
f 1482/1993/1606 1668/1994/1605 1667/1992/1771
f 1681/1988/1769 1666/1991/1770 1669/1995/1772
f 1670/1996/1773 1681/1988/1769 1669/1995/1772
f 1667/1992/1771 1668/1994/1605 1671/1997/1774
f 1667/1992/1771 1671/1997/1774 1672/1998/1775
f 1668/1994/1605 1673/1999/1608 1671/1997/1774
f 1671/1997/1774 1673/1999/1608 1674/2000/1611
f 1675/2001/1776 1666/1991/1770 1667/1992/1771
f 1669/1995/1772 1666/1991/1770 1675/2001/1776
f 1675/2001/1776 1667/1992/1771 1672/1998/1775
f 1675/2001/1776 1672/1998/1775 1669/1995/1772
f 1676/2002/1777 1671/1997/1774 1674/2000/1611
f 1672/1998/1775 1671/1997/1774 1676/2002/1777
f 1674/2000/1611 1677/2003/1612 1676/2002/1777
f 1677/2003/1612 1678/2004/1617 1676/2002/1777
f 1669/1995/1772 1679/2005/1778 1670/1996/1773
f 1672/1998/1775 1679/2005/1778 1669/1995/1772
f 1670/1996/1773 1679/2005/1778 1680/2006/1779
f 1679/2005/1778 1672/1998/1775 1680/2006/1779
f 1681/2007/1769 1670/1996/1773 1680/2006/1779
f 1682/2008/1780 1672/1998/1775 1676/2002/1777
f 1672/1998/1775 1682/2008/1780 1680/2006/1779
f 1676/2002/1777 1678/2004/1617 1683/2009/1781
f 1682/2008/1780 1676/2002/1777 1683/2009/1781
f 1680/2006/1779 1682/2008/1780 1683/2009/1781
f 1683/2009/1781 1681/2007/1769 1680/2006/1779
f 1683/2009/1781 1678/2004/1617 1665/2010/1624
f 1681/2007/1769 1683/2009/1781 1665/2010/1624
f 1440/2011/1551 1685/2012/1697 1684/2013/1782
f 1686/2014/1783 1440/2011/1551 1684/2013/1782
f 1440/2011/1551 1686/2014/1783 1687/2015/1784
f 1441/2016/1552 1440/2011/1551 1687/2015/1784
f 1684/2013/1782 1694/2017/1785 1686/2014/1783
f 1688/2018/1555 1441/2016/1552 1687/2015/1784
f 1694/2017/1785 1689/2019/1786 1686/2014/1783
f 1686/2014/1783 1689/2019/1786 1687/2015/1784
f 1689/2019/1786 1694/2017/1785 1690/2020/1787
f 1691/2021/1788 1689/2019/1786 1690/2020/1787
f 1687/2015/1784 1689/2019/1786 1691/2021/1788
f 1691/2021/1788 1690/2020/1787 1692/2022/1789
f 1691/2021/1788 1692/2022/1789 1693/2023/1790
f 1690/2020/1787 1694/2024/1785 1692/2022/1789
f 1694/2024/1785 1684/2025/1782 1692/2022/1789
f 1684/2025/1782 1695/2026/1791 1692/2022/1789
f 1693/2023/1790 1692/2022/1789 1695/2026/1791
f 1684/2025/1782 1685/2027/1697 1695/2026/1791
f 1685/2027/1697 1696/2028/1562 1695/2026/1791
f 1695/2026/1791 1696/2028/1562 1693/2023/1790
f 1696/2028/1562 1697/2029/1556 1693/2023/1790
f 1697/2029/1556 1688/2018/1555 1693/2023/1790
f 1698/2030/1792 1688/2018/1555 1687/2015/1784
f 1688/2018/1555 1698/2030/1792 1693/2023/1790
f 1693/2023/1790 1699/2031/1793 1691/2021/1788
f 1691/2021/1788 1699/2031/1793 1687/2015/1784
f 1699/2031/1793 1698/2030/1792 1687/2015/1784
f 1698/2030/1792 1699/2031/1793 1693/2023/1790
f 1181/2032/1269 1719/2033/1272 1716/2034/1794
f 1700/2035/1795 1181/2032/1269 1716/2034/1794
f 1700/2035/1795 1716/2034/1794 1701/2036/1796
f 1700/2035/1795 1702/2037/1265 1181/2032/1269
f 1703/2038/1797 1700/2035/1795 1701/2036/1796
f 1704/2039/1798 1703/2038/1797 1701/2036/1796
f 1700/2035/1795 1705/2040/1799 1702/2037/1265
f 1705/2040/1799 1706/2041/1263 1702/2037/1265
f 1705/2040/1799 1177/2042/1262 1706/2041/1263
f 1703/2038/1797 1707/2043/1800 1700/2035/1795
f 1707/2043/1800 1705/2040/1799 1700/2035/1795
f 1704/2039/1798 1707/2043/1800 1703/2038/1797
f 1705/2040/1799 1708/2044/1801 1177/2042/1262
f 1708/2044/1801 1705/2040/1799 1707/2043/1800
f 1708/2044/1801 1176/2045/1261 1177/2042/1262
f 1709/2046/1260 1176/2045/1261 1708/2044/1801
f 1710/2047/1802 1708/2044/1801 1707/2043/1800
f 1704/2039/1798 1710/2047/1802 1707/2043/1800
f 1711/2048/1803 1709/2046/1260 1708/2044/1801
f 1711/2048/1803 1708/2044/1801 1710/2047/1802
f 1711/2048/1803 1712/2049/1264 1709/2046/1260
f 1179/2050/1267 1712/2049/1264 1711/2048/1803
f 1713/2051/1804 1711/2048/1803 1710/2047/1802
f 1713/2051/1804 1179/2050/1267 1711/2048/1803
f 1704/2039/1798 1714/2052/1805 1710/2047/1802
f 1714/2052/1805 1713/2051/1804 1710/2047/1802
f 1704/2039/1798 1715/2053/1806 1714/2052/1805
f 1714/2052/1805 1715/2053/1806 1713/2051/1804
f 1704/2039/1798 1701/2054/1796 1715/2053/1806
f 1701/2054/1796 1716/2055/1794 1715/2053/1806
f 1713/2051/1804 1717/2056/1807 1179/2050/1267
f 1715/2053/1806 1717/2056/1807 1713/2051/1804
f 1716/2055/1794 1717/2056/1807 1715/2053/1806
f 1717/2056/1807 1718/2057/1276 1179/2050/1267
f 1717/2056/1807 1193/2058/1283 1718/2057/1276
f 1190/2059/1280 1193/2058/1283 1717/2056/1807
f 1716/2055/1794 1190/2059/1280 1717/2056/1807
f 1716/2055/1794 1719/2060/1272 1190/2059/1280
f 1049/2061/1132 1728/2062/1808 1720/2063/1129
f 1049/2061/1132 1721/2064/1809 1728/2062/1808
f 1722/2065/1134 1721/2064/1809 1049/2061/1132
f 1723/2066/1810 1721/2064/1809 1722/2065/1134
f 1722/2065/1134 1041/2067/1125 1723/2066/1810
f 1041/2067/1125 1724/2068/1811 1723/2066/1810
f 1041/2067/1125 1038/2069/1122 1724/2068/1811
f 1723/2066/1810 1725/2070/1812 1721/2064/1809
f 1723/2066/1810 1724/2068/1811 1725/2070/1812
f 1724/2068/1811 1038/2069/1122 1726/2071/1813
f 1724/2068/1811 1726/2071/1813 1725/2070/1812
f 1039/2072/1123 1726/2071/1813 1038/2069/1122
f 1039/2072/1123 1040/2073/1124 1726/2071/1813
f 1040/2073/1124 1725/2070/1812 1726/2071/1813
f 1040/2073/1124 1043/2074/1127 1725/2070/1812
f 1727/2075/1814 1721/2064/1809 1725/2070/1812
f 1043/2074/1127 1727/2075/1814 1725/2070/1812
f 1728/2076/1808 1721/2064/1809 1727/2075/1814
f 1043/2074/1127 1720/2077/1129 1727/2075/1814
f 1727/2075/1814 1720/2077/1129 1728/2076/1808
f 5052/2078/1815 1830/2079/1816 5049/2080/1817
f 1830/2079/1816 1729/2081/1818 5049/2080/1817
f 5047/2082/1819 5049/2080/1817 1729/2081/1818
f 1830/2079/1816 1730/2083/1820 1729/2081/1818
f 1731/2084/1821 5047/2082/1819 1729/2081/1818
f 1732/2085/1822 5047/2082/1819 1731/2084/1821
f 1730/2083/1820 1733/2086/1823 1729/2081/1818
f 1731/2084/1821 1729/2081/1818 1733/2086/1823
f 1733/2086/1823 1730/2083/1820 1734/2087/1824
f 1730/2083/1820 1735/2088/1825 1734/2087/1824
f 1736/2089/1826 1733/2086/1823 1734/2087/1824
f 1736/2089/1826 1731/2084/1821 1733/2086/1823
f 5045/2090/1827 1736/2089/1826 1734/2087/1824
f 1736/2089/1826 5045/2090/1827 1737/2091/1828
f 1738/2092/1829 1732/2085/1822 1731/2084/1821
f 1738/2092/1829 1731/2084/1821 1736/2089/1826
f 1738/2092/1829 1739/2093/1830 1732/2085/1822
f 1739/2093/1830 1740/2094/1831 1732/2085/1822
f 1741/2095/1832 1740/2094/1831 1739/2093/1830
f 1742/2096/1833 1738/2092/1829 1736/2089/1826
f 1742/2096/1833 1736/2089/1826 1737/2091/1828
f 1739/2093/1830 1738/2092/1829 1742/2096/1833
f 1743/2097/1834 1742/2096/1833 1737/2091/1828
f 1743/2097/1834 1739/2093/1830 1742/2096/1833
f 1744/2098/1835 1743/2097/1834 1737/2091/1828
f 1744/2098/1835 1745/2099/1836 1743/2097/1834
f 1745/2099/1836 1746/2100/1837 1743/2097/1834
f 1743/2097/1834 1746/2100/1837 1739/2093/1830
f 1746/2100/1837 1745/2099/1836 1747/2101/1838
f 1748/2102/1839 1741/2095/1832 1739/2093/1830
f 1746/2100/1837 1748/2102/1839 1739/2093/1830
f 1749/2103/1840 1741/2095/1832 1748/2102/1839
f 1750/2104/1841 1746/2100/1837 1747/2101/1838
f 1748/2102/1839 1746/2100/1837 1750/2104/1841
f 1751/2105/1842 1749/2103/1840 1748/2102/1839
f 1751/2105/1842 1748/2102/1839 1750/2104/1841
f 1751/2105/1842 1752/2106/1843 1749/2103/1840
f 1752/2106/1843 1751/2105/1842 1750/2104/1841
f 1752/2106/1843 1802/2107/1844 1749/2103/1840
f 1752/2106/1843 1753/2108/1845 1802/2107/1844
f 1753/2108/1845 1754/2109/1846 1802/2107/1844
f 1798/2110/1847 1754/2109/1846 1753/2108/1845
f 1755/2111/1848 1750/2104/1841 1747/2101/1838
f 1755/2111/1848 1752/2106/1843 1750/2104/1841
f 5037/2112/1849 1755/2111/1848 1747/2101/1838
f 5037/2112/1849 1756/2113/1850 1755/2111/1848
f 1756/2113/1850 5037/2112/1849 5036/2114/630
f 551/2115/625 1756/2113/1850 5036/2114/630
f 1756/2113/1850 1757/2116/1851 1755/2111/1848
f 1757/2116/1851 1756/2113/1850 551/2115/625
f 1755/2111/1848 1757/2116/1851 1752/2106/1843
f 548/2117/622 1757/2116/1851 551/2115/625
f 1757/2116/1851 548/2117/622 547/2118/621
f 1757/2116/1851 1758/2119/1852 1752/2106/1843
f 1758/2119/1852 1757/2116/1851 547/2118/621
f 1753/2108/1845 1752/2106/1843 1758/2119/1852
f 1759/2120/1853 1758/2119/1852 547/2118/621
f 1758/2119/1852 1759/2120/1853 1753/2108/1845
f 1760/2121/617 1759/2120/1853 547/2118/621
f 1760/2121/617 543/2122/616 1759/2120/1853
f 543/2122/616 1761/2123/1854 1759/2120/1853
f 1759/2120/1853 1761/2123/1854 1762/2124/1855
f 1762/2124/1855 1761/2123/1854 1763/2125/613
f 1761/2123/1854 543/2122/616 1763/2125/613
f 1762/2124/1855 1763/2125/613 1764/2126/610
f 1759/2120/1853 1765/2127/1856 1753/2108/1845
f 1765/2127/1856 1759/2120/1853 1762/2124/1855
f 1753/2108/1845 1765/2127/1856 1766/2128/1857
f 1766/2128/1857 1798/2110/1847 1753/2108/1845
f 1765/2127/1856 1767/2129/1858 1766/2128/1857
f 1767/2129/1858 1765/2127/1856 1762/2124/1855
f 1766/2128/1857 1768/2130/1859 1798/2110/1847
f 1766/2128/1857 1767/2129/1858 1768/2130/1859
f 1768/2130/1859 1799/2131/1860 1798/2110/1847
f 1800/2132/1861 1799/2131/1860 1768/2130/1859
f 1769/2133/1862 1800/2132/1861 1768/2130/1859
f 1801/2134/1863 1800/2132/1861 1769/2133/1862
f 1767/2129/1858 1770/2135/1864 1768/2130/1859
f 1768/2130/1859 1770/2135/1864 1769/2133/1862
f 1771/2136/1865 1801/2134/1863 1769/2133/1862
f 1772/2137/1866 1801/2134/1863 1771/2136/1865
f 1773/2138/1867 1767/2129/1858 1762/2124/1855
f 1767/2129/1858 1773/2138/1867 1770/2135/1864
f 1773/2138/1867 1762/2124/1855 1774/2139/1868
f 1770/2135/1864 1775/2140/1869 1769/2133/1862
f 1769/2133/1862 1775/2140/1869 1771/2136/1865
f 1773/2138/1867 1776/2141/1870 1770/2135/1864
f 1773/2138/1867 1774/2139/1868 1776/2141/1870
f 1775/2140/1869 1770/2135/1864 1777/2142/1871
f 1770/2135/1864 1776/2141/1870 1777/2142/1871
f 1778/2143/1872 1772/2137/1866 1771/2136/1865
f 1779/2144/1873 1772/2137/1866 1778/2143/1872
f 1775/2140/1869 1780/2145/1874 1771/2136/1865
f 1775/2140/1869 1777/2142/1871 1780/2145/1874
f 1780/2145/1874 1781/2146/1875 1771/2136/1865
f 1781/2146/1875 1778/2143/1872 1771/2136/1865
f 1762/2124/1855 1782/2147/1876 1774/2139/1868
f 1774/2139/1868 1782/2147/1876 1783/2148/1877
f 1782/2147/1876 1762/2124/1855 1764/2126/610
f 1764/2126/610 535/2149/606 1782/2147/1876
f 535/2149/606 1783/2148/1877 1782/2147/1876
f 1783/2148/1877 535/2149/606 1784/2150/605
f 1777/2142/1871 1785/2151/1878 1780/2145/1874
f 1780/2145/1874 1785/2151/1878 1781/2146/1875
f 1786/2152/1879 1783/2148/1877 1784/2150/605
f 1784/2150/605 534/2153/604 1786/2152/1879
f 1785/2151/1878 1777/2142/1871 1787/2154/1880
f 1785/2151/1878 1788/2155/1881 1781/2146/1875
f 1785/2151/1878 1787/2154/1880 1788/2155/1881
f 1777/2142/1871 1789/2156/1882 1787/2154/1880
f 1787/2154/1880 1789/2156/1882 1790/2157/1883
f 1777/2142/1871 1776/2141/1870 1789/2156/1882
f 1787/2154/1880 1791/2158/1884 1788/2155/1881
f 1787/2154/1880 1790/2157/1883 1791/2158/1884
f 1788/2155/1881 1792/2159/1885 1781/2146/1875
f 1788/2155/1881 1791/2158/1884 1792/2159/1885
f 1776/2141/1870 1793/2160/1886 1789/2156/1882
f 1793/2160/1886 1794/2161/1887 1789/2156/1882
f 1774/2139/1868 1793/2160/1886 1776/2141/1870
f 1794/2161/1887 1793/2160/1886 1774/2139/1868
f 1789/2156/1882 1795/2162/1888 1790/2157/1883
f 1794/2161/1887 1795/2162/1888 1789/2156/1882
f 1792/2159/1885 1796/2163/1889 1781/2146/1875
f 1781/2146/1875 1796/2163/1889 1778/2143/1872
f 1797/2164/1890 1794/2161/1887 1774/2139/1868
f 1797/2164/1890 1774/2139/1868 1783/2148/1877
f 1798/2165/1847 1797/2164/1890 1783/2148/1877
f 1794/2161/1887 1797/2164/1890 1798/2165/1847
f 1754/2166/1846 1798/2165/1847 1783/2148/1877
f 1799/2167/1860 1794/2161/1887 1798/2165/1847
f 1754/2166/1846 1783/2148/1877 1786/2152/1879
f 1794/2161/1887 1799/2167/1860 1800/2168/1861
f 1795/2162/1888 1794/2161/1887 1800/2168/1861
f 1790/2157/1883 1795/2162/1888 1800/2168/1861
f 1801/2169/1863 1790/2157/1883 1800/2168/1861
f 1790/2157/1883 1801/2169/1863 1772/2170/1866
f 1786/2152/1879 1802/2171/1844 1754/2166/1846
f 1803/2172/1891 1790/2157/1883 1772/2170/1866
f 1803/2172/1891 1772/2170/1866 1779/2173/1873
f 1790/2157/1883 1803/2172/1891 1791/2158/1884
f 1802/2171/1844 1786/2152/1879 1804/2174/1892
f 534/2153/604 1804/2174/1892 1786/2152/1879
f 1805/2175/1893 1803/2172/1891 1779/2173/1873
f 1805/2175/1893 1779/2173/1873 1823/2176/1894
f 1791/2158/1884 1803/2172/1891 1806/2177/1895
f 1803/2172/1891 1805/2175/1893 1806/2177/1895
f 1791/2158/1884 1806/2177/1895 1792/2159/1885
f 1807/2178/1896 1805/2175/1893 1823/2176/1894
f 1807/2178/1896 1823/2176/1894 1808/2179/1897
f 1792/2159/1885 1806/2177/1895 1809/2180/1898
f 1792/2159/1885 1809/2180/1898 1796/2163/1889
f 1806/2177/1895 1805/2175/1893 1810/2181/1899
f 1805/2175/1893 1807/2178/1896 1810/2181/1899
f 1806/2177/1895 1810/2181/1899 1809/2180/1898
f 1811/2182/1900 1807/2178/1896 1808/2179/1897
f 1808/2179/1897 1824/2183/1901 1811/2182/1900
f 1824/2183/1901 1812/2184/1902 1811/2182/1900
f 1812/2184/1902 5225/2185/1903 1811/2182/1900
f 1807/2178/1896 1811/2182/1900 1813/2186/1904
f 5225/2185/1903 1813/2186/1904 1811/2182/1900
f 1810/2181/1899 1807/2178/1896 1813/2186/1904
f 5225/2185/1903 1814/2187/1905 1813/2186/1904
f 1810/2181/1899 1813/2186/1904 1815/2188/1906
f 1809/2180/1898 1810/2181/1899 1815/2188/1906
f 1814/2187/1905 1815/2188/1906 1813/2186/1904
f 1809/2180/1898 1816/2189/1907 1796/2163/1889
f 1816/2189/1907 1809/2180/1898 1815/2188/1906
f 1815/2188/1906 1814/2187/1905 1817/2190/1908
f 1817/2190/1908 1816/2189/1907 1815/2188/1906
f 1814/2187/1905 1818/2191/1909 1817/2190/1908
f 1818/2191/1909 1819/2192/1910 1817/2190/1908
f 1819/2192/1910 1820/2193/1911 1817/2190/1908
f 1816/2189/1907 1817/2190/1908 1820/2193/1911
f 1796/2163/1889 1816/2189/1907 1821/2194/1912
f 1796/2163/1889 1821/2194/1912 1778/2143/1872
f 1821/2194/1912 1779/2144/1873 1778/2143/1872
f 1816/2189/1907 1822/2195/1913 1821/2194/1912
f 1779/2144/1873 1821/2194/1912 1822/2195/1913
f 1822/2195/1913 1816/2189/1907 1820/2193/1911
f 1823/2196/1894 1779/2144/1873 1822/2195/1913
f 1823/2196/1894 1822/2195/1913 1820/2193/1911
f 1808/2197/1897 1823/2196/1894 1820/2193/1911
f 1820/2193/1911 1819/2192/1910 1808/2197/1897
f 1819/2192/1910 1824/2198/1901 1808/2197/1897
f 1826/2199/1914 5052/2200/1815 1825/2201/1915
f 1827/2202/1916 1826/2199/1914 1825/2201/1915
f 1827/2202/1916 1825/2201/1915 5053/2203/1917
f 1840/2204/1918 1826/2199/1914 1827/2202/1916
f 1827/2202/1916 5053/2203/1917 1828/2205/1919
f 5053/2203/1917 1735/2206/1825 1828/2205/1919
f 1828/2205/1919 1735/2206/1825 1829/2207/1920
f 1735/2206/1825 1730/2208/1820 1829/2207/1920
f 1829/2207/1920 1730/2208/1820 1830/2209/1816
f 1831/2210/1921 1840/2204/1918 1827/2202/1916
f 1839/2211/1922 1840/2204/1918 1831/2210/1921
f 1827/2202/1916 1828/2205/1919 1832/2212/1923
f 1832/2212/1923 1828/2205/1919 1829/2207/1920
f 1831/2210/1921 1827/2202/1916 1832/2212/1923
f 1833/2213/1924 1839/2211/1922 1831/2210/1921
f 1834/2214/1925 1839/2211/1922 1833/2213/1924
f 1833/2213/1924 1831/2210/1921 1835/2215/1926
f 1831/2210/1921 1832/2212/1923 1835/2215/1926
f 1833/2213/1924 1835/2215/1926 1834/2214/1925
f 1835/2215/1926 1832/2212/1923 1836/2216/1927
f 1834/2214/1925 1835/2215/1926 1836/2216/1927
f 1832/2212/1923 1837/2217/1928 1836/2216/1927
f 1837/2217/1928 1832/2212/1923 1829/2207/1920
f 1836/2216/1927 1838/2218/1929 1834/2214/1925
f 1836/2216/1927 1837/2217/1928 1838/2218/1929
f 1834/2214/1925 1838/2218/1929 1839/2219/1922
f 1839/2219/1922 1838/2218/1929 1840/2220/1918
f 1837/2217/1928 1841/2221/1930 1838/2218/1929
f 1838/2218/1929 1841/2221/1930 1840/2220/1918
f 1837/2217/1928 1829/2207/1920 1841/2221/1930
f 1840/2220/1918 1841/2221/1930 1826/2222/1914
f 1829/2207/1920 1842/2223/1931 1841/2221/1930
f 1841/2221/1930 1842/2223/1931 1826/2222/1914
f 1842/2223/1931 1829/2207/1920 1830/2209/1816
f 1826/2222/1914 1842/2223/1931 5052/2224/1815
f 1842/2223/1931 1830/2209/1816 5052/2224/1815
f 1843/2225/312 1889/2226/270 1890/2227/1932
f 1844/2228/1933 1843/2225/312 1890/2227/1932
f 1890/2227/1932 2052/2229/1934 1844/2228/1933
f 1843/2225/312 1844/2228/1933 265/2230/309
f 2052/2229/1934 1845/2231/1935 1844/2228/1933
f 1844/2228/1933 1846/2232/1936 265/2230/309
f 1844/2228/1933 1845/2231/1935 1846/2232/1936
f 1847/2233/1937 1845/2231/1935 2052/2229/1934
f 1848/2234/1938 1847/2233/1937 2052/2229/1934
f 265/2230/309 1846/2232/1936 1849/2235/1939
f 263/2236/307 265/2230/309 1849/2235/1939
f 1845/2231/1935 1850/2237/1940 1846/2232/1936
f 1845/2231/1935 1847/2233/1937 1850/2237/1940
f 1846/2232/1936 1850/2237/1940 1849/2235/1939
f 1851/2238/1941 1847/2233/1937 1848/2234/1938
f 2050/2239/1942 1851/2238/1941 1848/2234/1938
f 1847/2233/1937 2037/2240/1943 1850/2237/1940
f 2037/2240/1943 1847/2233/1937 1851/2238/1941
f 1851/2238/1941 2050/2239/1942 1852/2241/1944
f 2050/2239/1942 1853/2242/1945 1852/2241/1944
f 1854/2243/1946 2037/2240/1943 1851/2238/1941
f 1851/2238/1941 1852/2241/1944 1854/2243/1946
f 1852/2241/1944 1855/2244/1947 1854/2243/1946
f 2169/2245/1948 1855/2244/1947 1852/2241/1944
f 2168/2246/1949 2169/2245/1948 1852/2241/1944
f 2168/2246/1949 1852/2241/1944 1853/2242/1945
f 2049/2247/1950 2168/2246/1949 1853/2242/1945
f 1850/2237/1940 2037/2240/1943 1856/2248/1951
f 1850/2237/1940 1856/2248/1951 1849/2235/1939
f 1857/2249/1952 1856/2248/1951 2037/2240/1943
f 1858/2250/1953 1857/2249/1952 2037/2240/1943
f 1859/2251/1954 1857/2249/1952 1858/2250/1953
f 1860/2252/1955 1859/2251/1954 1858/2250/1953
f 1859/2251/1954 1860/2252/1955 1861/2253/1956
f 1849/2235/1939 1856/2248/1951 1862/2254/1957
f 1863/2255/1958 1856/2248/1951 1857/2249/1952
f 1856/2248/1951 1863/2255/1958 1862/2254/1957
f 1857/2249/1952 1859/2251/1954 1864/2256/1959
f 1864/2256/1959 1863/2255/1958 1857/2249/1952
f 1865/2257/1960 1849/2235/1939 1862/2254/1957
f 1849/2235/1939 1865/2257/1960 263/2236/307
f 1865/2257/1960 262/2258/306 263/2236/307
f 258/2259/302 262/2258/306 1865/2257/1960
f 1866/2260/1961 258/2259/302 1865/2257/1960
f 1866/2260/1961 1865/2257/1960 1862/2254/1957
f 258/2259/302 1866/2260/1961 1867/2261/1962
f 1867/2261/1962 1866/2260/1961 1862/2254/1957
f 257/2262/301 258/2259/302 1867/2261/1962
f 254/2263/298 257/2262/301 1867/2261/1962
f 1868/2264/1963 1867/2261/1962 1862/2254/1957
f 1868/2264/1963 254/2263/298 1867/2261/1962
f 1868/2264/1963 1862/2254/1957 1863/2255/1958
f 254/2263/298 1868/2264/1963 1869/2265/1964
f 1870/2266/294 254/2263/298 1869/2265/1964
f 1871/2267/1965 1868/2264/1963 1863/2255/1958
f 1869/2265/1964 1868/2264/1963 1871/2267/1965
f 1869/2265/1964 1872/2268/1966 1870/2266/294
f 1872/2268/1966 1873/2269/287 1870/2266/294
f 1874/2270/1967 1871/2267/1965 1863/2255/1958
f 1864/2256/1959 1874/2270/1967 1863/2255/1958
f 1875/2271/1968 1869/2265/1964 1871/2267/1965
f 1869/2265/1964 1875/2271/1968 1872/2268/1966
f 1871/2267/1965 1874/2270/1967 1875/2271/1968
f 1873/2269/287 1872/2268/1966 1876/2272/1969
f 240/2273/282 1873/2269/287 1876/2272/1969
f 1877/2274/278 240/2273/282 1876/2272/1969
f 1878/2275/1970 1877/2274/278 1876/2272/1969
f 1878/2275/1970 1876/2272/1969 1879/2276/1971
f 1877/2274/278 1878/2275/1970 234/2277/275
f 1878/2275/1970 1880/2278/1972 234/2277/275
f 1880/2278/1972 1878/2275/1970 1879/2276/1971
f 234/2277/275 1880/2278/1972 232/2279/273
f 1881/2280/1973 1876/2272/1969 1872/2268/1966
f 1876/2272/1969 1881/2280/1973 1879/2276/1971
f 1875/2271/1968 1882/2281/1974 1872/2268/1966
f 1882/2281/1974 1881/2280/1973 1872/2268/1966
f 1874/2270/1967 1883/2282/1975 1875/2271/1968
f 1875/2271/1968 1883/2282/1975 1882/2281/1974
f 1880/2278/1972 1884/2283/1976 232/2279/273
f 1885/2284/271 232/2279/273 1884/2283/1976
f 1886/2285/1977 1880/2278/1972 1879/2276/1971
f 1884/2283/1976 1880/2278/1972 1886/2285/1977
f 1887/2286/1978 1884/2283/1976 1886/2285/1977
f 1888/2287/1979 1884/2283/1976 1887/2286/1978
f 1888/2287/1979 1885/2284/271 1884/2283/1976
f 1885/2284/271 1888/2287/1979 1889/2288/270
f 1888/2287/1979 1890/2289/1932 1889/2288/270
f 1874/2270/1967 1891/2290/1980 1883/2282/1975
f 1874/2270/1967 1864/2256/1959 1891/2290/1980
f 1892/2291/1981 1888/2287/1979 1887/2286/1978
f 1890/2289/1932 1888/2287/1979 1892/2291/1981
f 1864/2256/1959 1893/2292/1982 1891/2290/1980
f 1859/2251/1954 1893/2292/1982 1864/2256/1959
f 1859/2251/1954 1894/2293/1983 1893/2292/1982
f 1894/2293/1983 1859/2251/1954 1861/2253/1956
f 1894/2293/1983 1895/2294/1984 1893/2292/1982
f 1895/2294/1984 1894/2293/1983 1861/2253/1956
f 1891/2290/1980 1893/2292/1982 1895/2294/1984
f 1896/2295/1985 1895/2294/1984 1861/2253/1956
f 1861/2253/1956 1897/2296/1986 1896/2295/1985
f 1897/2296/1986 1898/2297/1987 1896/2295/1985
f 1897/2296/1986 2104/2298/1988 1898/2297/1987
f 2104/2298/1988 2103/2299/1989 1898/2297/1987
f 1898/2297/1987 2103/2299/1989 2099/2300/1990
f 1896/2295/1985 1898/2297/1987 1899/2301/1991
f 1899/2301/1991 1898/2297/1987 2099/2300/1990
f 1895/2294/1984 1896/2295/1985 1900/2302/1992
f 1900/2302/1992 1896/2295/1985 1899/2301/1991
f 1899/2301/1991 2099/2300/1990 1901/2303/1993
f 1900/2302/1992 1899/2301/1991 1901/2303/1993
f 1902/2304/1994 1900/2302/1992 1901/2303/1993
f 2099/2300/1990 1903/2305/1995 1901/2303/1993
f 1903/2305/1995 2091/2306/1996 1901/2303/1993
f 1904/2307/1997 1891/2290/1980 1895/2294/1984
f 1904/2307/1997 1895/2294/1984 1900/2302/1992
f 1891/2290/1980 1904/2307/1997 1905/2308/1998
f 1904/2307/1997 1900/2302/1992 1905/2308/1998
f 1900/2302/1992 1902/2304/1994 1905/2308/1998
f 1891/2290/1980 1905/2308/1998 1883/2282/1975
f 2091/2306/1996 1906/2309/1999 1901/2303/1993
f 1901/2303/1993 1906/2309/1999 1902/2304/1994
f 1883/2282/1975 1905/2308/1998 1907/2310/2000
f 1902/2304/1994 1907/2310/2000 1905/2308/1998
f 1908/2311/2001 1906/2309/1999 2091/2306/1996
f 2088/2312/2002 1908/2311/2001 2091/2306/1996
f 1909/2313/2003 1883/2282/1975 1907/2310/2000
f 1883/2282/1975 1909/2313/2003 1882/2281/1974
f 1910/2314/2004 1882/2281/1974 1909/2313/2003
f 1881/2280/1973 1882/2281/1974 1910/2314/2004
f 1911/2315/2005 1908/2311/2001 2088/2312/2002
f 1912/2316/2006 1911/2315/2005 2088/2312/2002
f 1909/2313/2003 1907/2310/2000 1913/2317/2007
f 1913/2317/2007 1910/2314/2004 1909/2313/2003
f 1881/2280/1973 1910/2314/2004 1914/2318/2008
f 1879/2276/1971 1881/2280/1973 1914/2318/2008
f 1910/2314/2004 1913/2317/2007 1915/2319/2009
f 1914/2318/2008 1910/2314/2004 1915/2319/2009
f 1907/2310/2000 1916/2320/2010 1913/2317/2007
f 1913/2317/2007 1916/2320/2010 1915/2319/2009
f 1917/2321/2011 1911/2315/2005 1912/2316/2006
f 2086/2322/2012 1917/2321/2011 1912/2316/2006
f 1918/2323/2013 1917/2321/2011 2086/2322/2012
f 1919/2324/2014 1918/2323/2013 2086/2322/2012
f 1918/2323/2013 2120/2325/2015 1917/2321/2011
f 1911/2315/2005 1917/2321/2011 1920/2326/2016
f 2120/2325/2015 1920/2326/2016 1917/2321/2011
f 1907/2310/2000 1921/2327/2017 1916/2320/2010
f 1921/2327/2017 1907/2310/2000 1902/2304/1994
f 1922/2328/2018 1911/2315/2005 1920/2326/2016
f 1908/2311/2001 1911/2315/2005 1922/2328/2018
f 1920/2326/2016 2120/2325/2015 1923/2329/2019
f 2120/2325/2015 2121/2330/2020 1923/2329/2019
f 2121/2330/2020 2124/2331/2021 1923/2329/2019
f 1924/2332/2022 1922/2328/2018 1920/2326/2016
f 1923/2329/2019 1924/2332/2022 1920/2326/2016
f 1925/2333/2023 1908/2311/2001 1922/2328/2018
f 1906/2309/1999 1908/2311/2001 1925/2333/2023
f 1906/2309/1999 1926/2334/2024 1902/2304/1994
f 1926/2334/2024 1906/2309/1999 1925/2333/2023
f 1927/2335/2025 1925/2333/2023 1922/2328/2018
f 1924/2332/2022 1927/2335/2025 1922/2328/2018
f 1925/2333/2023 1927/2335/2025 1926/2334/2024
f 1928/2336/2026 1921/2327/2017 1902/2304/1994
f 1926/2334/2024 1928/2336/2026 1902/2304/1994
f 1921/2327/2017 1928/2336/2026 1929/2337/2027
f 1921/2327/2017 1929/2337/2027 1916/2320/2010
f 1930/2338/2028 1928/2336/2026 1926/2334/2024
f 1928/2336/2026 1930/2338/2028 1929/2337/2027
f 1927/2335/2025 1931/2339/2029 1926/2334/2024
f 1931/2339/2029 1930/2338/2028 1926/2334/2024
f 1932/2340/2030 1927/2335/2025 1924/2332/2022
f 1931/2339/2029 1927/2335/2025 1932/2340/2030
f 1933/2341/2031 1924/2332/2022 1923/2329/2019
f 1933/2341/2031 1932/2340/2030 1924/2332/2022
f 1930/2338/2028 1934/2342/2032 1929/2337/2027
f 1930/2338/2028 1931/2339/2029 1934/2342/2032
f 1929/2337/2027 1935/2343/2033 1916/2320/2010
f 1934/2342/2032 1935/2343/2033 1929/2337/2027
f 1931/2339/2029 1936/2344/2034 1934/2342/2032
f 1935/2343/2033 1934/2342/2032 1936/2344/2034
f 1936/2344/2034 1931/2339/2029 1932/2340/2030
f 1935/2343/2033 1937/2345/2035 1916/2320/2010
f 1937/2345/2035 1935/2343/2033 1936/2344/2034
f 1916/2320/2010 1937/2345/2035 1915/2319/2009
f 1938/2346/2036 1933/2341/2031 1923/2329/2019
f 2124/2331/2021 1938/2346/2036 1923/2329/2019
f 1938/2346/2036 2124/2331/2021 1939/2347/2037
f 2124/2331/2021 1940/2348/2038 1939/2347/2037
f 1941/2349/2039 1933/2341/2031 1938/2346/2036
f 1939/2347/2037 1941/2349/2039 1938/2346/2036
f 1939/2347/2037 1940/2348/2038 1942/2350/2040
f 1940/2348/2038 2115/2351/2041 1942/2350/2040
f 1942/2350/2040 2085/2352/2042 1939/2347/2037
f 2085/2352/2042 1941/2349/2039 1939/2347/2037
f 2085/2352/2042 2089/2353/2043 1941/2349/2039
f 1941/2349/2039 1943/2354/2044 1933/2341/2031
f 2089/2353/2043 1943/2354/2044 1941/2349/2039
f 1943/2354/2044 1932/2340/2030 1933/2341/2031
f 2089/2353/2043 1944/2355/2045 1943/2354/2044
f 1943/2354/2044 1945/2356/2046 1932/2340/2030
f 1944/2355/2045 1945/2356/2046 1943/2354/2044
f 1945/2356/2046 1936/2344/2034 1932/2340/2030
f 1946/2357/2047 1945/2356/2046 1944/2355/2045
f 2094/2358/2048 1946/2357/2047 1944/2355/2045
f 1947/2359/2049 1936/2344/2034 1945/2356/2046
f 1946/2357/2047 1947/2359/2049 1945/2356/2046
f 1947/2359/2049 1946/2357/2047 1948/2360/2050
f 1937/2345/2035 1936/2344/2034 1947/2359/2049
f 1949/2361/2051 1946/2357/2047 2094/2358/2048
f 1946/2357/2047 1949/2361/2051 1948/2360/2050
f 1950/2362/2052 1949/2361/2051 2094/2358/2048
f 1949/2361/2051 1950/2362/2052 1951/2363/2053
f 1950/2362/2052 1952/2364/2054 1951/2363/2053
f 1948/2360/2050 1949/2361/2051 1953/2365/2055
f 1949/2361/2051 1951/2363/2053 1953/2365/2055
f 1951/2363/2053 1952/2364/2054 1954/2366/2056
f 1952/2364/2054 1955/2367/2057 1954/2366/2056
f 1953/2365/2055 1951/2363/2053 1956/2368/2058
f 1951/2363/2053 1954/2366/2056 1956/2368/2058
f 1957/2369/2059 1954/2366/2056 1955/2367/2057
f 1958/2370/2060 1957/2369/2059 1955/2367/2057
f 1956/2368/2058 1954/2366/2056 1959/2371/2061
f 1954/2366/2056 1957/2369/2059 1959/2371/2061
f 1960/2372/2062 1957/2369/2059 1958/2370/2060
f 2081/2373/2063 1960/2372/2062 1958/2370/2060
f 1960/2372/2062 2138/2374/2064 1957/2369/2059
f 2138/2374/2064 1959/2371/2061 1957/2369/2059
f 1956/2368/2058 1959/2371/2061 1961/2375/2065
f 1956/2368/2058 1961/2375/2065 1953/2365/2055
f 1959/2371/2061 2138/2374/2064 1962/2376/2066
f 1959/2371/2061 1962/2376/2066 1961/2375/2065
f 2138/2374/2064 2145/2377/2067 1962/2376/2066
f 2145/2377/2067 1963/2378/2068 1962/2376/2066
f 1961/2375/2065 1964/2379/2069 1953/2365/2055
f 1961/2375/2065 1962/2376/2066 1965/2380/2070
f 1961/2375/2065 1965/2380/2070 1964/2379/2069
f 1963/2378/2068 1966/2381/2071 1962/2376/2066
f 1962/2376/2066 1966/2381/2071 1965/2380/2070
f 1964/2379/2069 1967/2382/2072 1953/2365/2055
f 1967/2382/2072 1948/2360/2050 1953/2365/2055
f 1966/2381/2071 1963/2378/2068 1968/2383/2073
f 1963/2378/2068 2146/2384/2074 1968/2383/2073
f 1968/2383/2073 2146/2384/2074 2079/2385/2075
f 2146/2384/2074 2133/2386/2076 2079/2385/2075
f 1968/2383/2073 2079/2385/2075 2078/2387/2077
f 1966/2381/2071 1968/2383/2073 1969/2388/2078
f 1969/2388/2078 1968/2383/2073 2078/2387/2077
f 1965/2380/2070 1966/2381/2071 1969/2388/2078
f 1969/2388/2078 2078/2387/2077 2076/2389/2079
f 1970/2390/2080 1969/2388/2078 2076/2389/2079
f 1965/2380/2070 1969/2388/2078 1970/2390/2080
f 1970/2390/2080 2076/2389/2079 2075/2391/2081
f 1965/2380/2070 1971/2392/2082 1964/2379/2069
f 1971/2392/2082 1965/2380/2070 1970/2390/2080
f 1967/2382/2072 1964/2379/2069 1971/2392/2082
f 1972/2393/2083 1967/2382/2072 1971/2392/2082
f 1973/2394/2084 1970/2390/2080 2075/2391/2081
f 1971/2392/2082 1970/2390/2080 1973/2394/2084
f 1972/2393/2083 1971/2392/2082 1973/2394/2084
f 2075/2391/2081 1974/2395/2085 1973/2394/2084
f 1974/2395/2085 1975/2396/2086 1973/2394/2084
f 1975/2396/2086 1974/2395/2085 1976/2397/2087
f 1977/2398/2088 1972/2393/2083 1973/2394/2084
f 1975/2396/2086 1977/2398/2088 1973/2394/2084
f 1978/2399/2089 1977/2398/2088 1975/2396/2086
f 1979/2400/2090 1978/2399/2089 1975/2396/2086
f 1979/2400/2090 1975/2396/2086 1976/2397/2087
f 1980/2401/2091 1979/2400/2090 1976/2397/2087
f 1981/2402/2092 1980/2401/2091 1976/2397/2087
f 1978/2399/2089 1979/2400/2090 1982/2403/2093
f 1979/2400/2090 1980/2401/2091 1982/2403/2093
f 1983/2404/2094 1980/2401/2091 1981/2402/2092
f 1984/2405/2095 1983/2404/2094 1981/2402/2092
f 1985/2406/2096 1983/2404/2094 1984/2405/2095
f 1982/2403/2093 1980/2401/2091 1986/2407/2097
f 1980/2401/2091 1983/2404/2094 1986/2407/2097
f 1987/2408/2098 1983/2404/2094 1985/2406/2096
f 1988/2409/2099 1987/2408/2098 1985/2406/2096
f 1989/2410/2100 1987/2408/2098 1988/2409/2099
f 1990/2411/2101 1989/2410/2100 1988/2409/2099
f 1989/2410/2100 1991/2412/2102 1987/2408/2098
f 1983/2404/2094 1987/2408/2098 1992/2413/2103
f 1991/2412/2102 1992/2413/2103 1987/2408/2098
f 1986/2407/2097 1983/2404/2094 1992/2413/2103
f 1992/2413/2103 1991/2412/2102 1993/2414/2104
f 1991/2412/2102 1994/2415/2105 1993/2414/2104
f 1994/2415/2105 1995/2416/2106 1993/2414/2104
f 1996/2417/2107 1986/2407/2097 1992/2413/2103
f 1993/2414/2104 1996/2417/2107 1992/2413/2103
f 1982/2403/2093 1986/2407/2097 1997/2418/2108
f 1986/2407/2097 1996/2417/2107 1997/2418/2108
f 1982/2403/2093 1997/2418/2108 1998/2419/2109
f 1978/2399/2089 1982/2403/2093 1998/2419/2109
f 1997/2418/2108 1996/2417/2107 1999/2420/2110
f 1998/2419/2109 1997/2418/2108 1999/2420/2110
f 2000/2421/2111 1998/2419/2109 1999/2420/2110
f 2001/2422/2112 1996/2417/2107 1993/2414/2104
f 1996/2417/2107 2001/2422/2112 1999/2420/2110
f 1995/2416/2106 2002/2423/2113 1993/2414/2104
f 2002/2423/2113 2001/2422/2112 1993/2414/2104
f 2003/2424/2114 2001/2422/2112 2002/2423/2113
f 2002/2423/2113 1995/2416/2106 2004/2425/2115
f 2004/2425/2115 2003/2424/2114 2002/2423/2113
f 1995/2416/2106 2161/2426/2116 2004/2425/2115
f 2004/2425/2115 2161/2426/2116 2005/2427/2117
f 2003/2424/2114 2004/2425/2115 2005/2427/2117
f 2161/2426/2116 2151/2428/2118 2005/2427/2117
f 2006/2429/2119 2003/2424/2114 2005/2427/2117
f 2006/2429/2119 2110/2430/2120 2003/2424/2114
f 2110/2430/2120 2108/2431/2121 2003/2424/2114
f 2003/2424/2114 2007/2432/2122 2001/2422/2112
f 2007/2432/2122 1999/2420/2110 2001/2422/2112
f 2108/2431/2121 2007/2432/2122 2003/2424/2114
f 2007/2432/2122 2008/2433/2123 1999/2420/2110
f 2008/2433/2123 2007/2432/2122 2108/2431/2121
f 2009/2434/2124 2008/2433/2123 2108/2431/2121
f 2008/2433/2123 2009/2434/2124 2010/2435/2125
f 2009/2434/2124 2011/2436/2126 2010/2435/2125
f 2011/2436/2126 2104/2437/1988 2010/2435/2125
f 2008/2433/2123 2000/2421/2111 1999/2420/2110
f 2104/2437/1988 1897/2438/1986 2010/2435/2125
f 2008/2433/2123 2012/2439/2127 2000/2421/2111
f 2008/2433/2123 2010/2435/2125 2012/2439/2127
f 1897/2438/1986 2013/2440/2128 2010/2435/2125
f 1897/2438/1986 1861/2441/1956 2013/2440/2128
f 2010/2435/2125 2014/2442/2129 2012/2439/2127
f 2013/2440/2128 2014/2442/2129 2010/2435/2125
f 1861/2441/1956 2015/2443/2130 2013/2440/2128
f 1861/2441/1956 1860/2444/1955 2015/2443/2130
f 2016/2445/2131 2014/2442/2129 2013/2440/2128
f 2014/2442/2129 2016/2445/2131 2012/2439/2127
f 2015/2443/2130 2016/2445/2131 2013/2440/2128
f 1860/2444/1955 2017/2446/2132 2015/2443/2130
f 2016/2445/2131 2015/2443/2130 2017/2446/2132
f 1860/2444/1955 2018/2447/2133 2017/2446/2132
f 1860/2444/1955 1858/2448/1953 2018/2447/2133
f 2016/2445/2131 2019/2449/2134 2012/2439/2127
f 2012/2439/2127 2019/2449/2134 2000/2421/2111
f 2020/2450/2135 2016/2445/2131 2017/2446/2132
f 2016/2445/2131 2020/2450/2135 2019/2449/2134
f 2018/2447/2133 2020/2450/2135 2017/2446/2132
f 2020/2450/2135 2021/2451/2136 2019/2449/2134
f 2000/2421/2111 2019/2449/2134 2021/2451/2136
f 2020/2450/2135 2018/2447/2133 2021/2451/2136
f 2022/2452/2137 2000/2421/2111 2021/2451/2136
f 2018/2447/2133 2023/2453/2138 2021/2451/2136
f 2023/2453/2138 2022/2452/2137 2021/2451/2136
f 2022/2452/2137 2024/2454/2139 2000/2421/2111
f 1998/2419/2109 2000/2421/2111 2024/2454/2139
f 2023/2453/2138 2025/2455/2140 2022/2452/2137
f 2025/2455/2140 2024/2454/2139 2022/2452/2137
f 2026/2456/2141 1998/2419/2109 2024/2454/2139
f 1998/2419/2109 2026/2456/2141 1978/2399/2089
f 2024/2454/2139 2025/2455/2140 2027/2457/2142
f 2026/2456/2141 2024/2454/2139 2027/2457/2142
f 2025/2455/2140 2023/2453/2138 2028/2458/2143
f 2027/2457/2142 2025/2455/2140 2028/2458/2143
f 2029/2459/2144 2026/2456/2141 2027/2457/2142
f 2026/2456/2141 2029/2459/2144 1978/2399/2089
f 2030/2460/2145 2029/2459/2144 2027/2457/2142
f 1978/2399/2089 2029/2459/2144 2030/2460/2145
f 2030/2460/2145 2027/2457/2142 2028/2458/2143
f 2031/2461/2146 1978/2399/2089 2030/2460/2145
f 2031/2461/2146 2030/2460/2145 2028/2458/2143
f 1978/2399/2089 2031/2461/2146 1977/2398/2088
f 2032/2462/2147 2028/2458/2143 2023/2453/2138
f 2028/2458/2143 2032/2462/2147 2031/2461/2146
f 2033/2463/2148 2032/2462/2147 2023/2453/2138
f 2033/2463/2148 2023/2453/2138 2018/2447/2133
f 2034/2464/2149 2033/2463/2148 2018/2447/2133
f 1858/2448/1953 2034/2464/2149 2018/2447/2133
f 2035/2465/2150 2033/2463/2148 2034/2464/2149
f 2036/2466/2151 2035/2465/2150 2034/2464/2149
f 2036/2466/2151 2034/2464/2149 1858/2448/1953
f 2037/2467/1943 2036/2466/2151 1858/2448/1953
f 2037/2467/1943 1854/2468/1946 2036/2466/2151
f 2038/2469/2152 2032/2462/2147 2033/2463/2148
f 2035/2465/2150 2038/2469/2152 2033/2463/2148
f 2031/2461/2146 2039/2470/2153 1977/2398/2088
f 2032/2462/2147 2040/2471/2154 2031/2461/2146
f 2039/2470/2153 2031/2461/2146 2040/2471/2154
f 2038/2469/2152 2041/2472/2155 2032/2462/2147
f 2041/2472/2155 2040/2471/2154 2032/2462/2147
f 2039/2470/2153 2042/2473/2156 1977/2398/2088
f 2042/2473/2156 1972/2393/2083 1977/2398/2088
f 1854/2468/1946 2043/2474/2157 2036/2466/2151
f 2035/2465/2150 2036/2466/2151 2044/2475/2158
f 2036/2466/2151 2043/2474/2157 2044/2475/2158
f 2043/2474/2157 1854/2468/1946 2045/2476/2159
f 1854/2468/1946 1855/2477/1947 2045/2476/2159
f 1855/2477/1947 2169/2478/1948 2045/2476/2159
f 2169/2478/1948 2165/2479/2160 2045/2476/2159
f 2043/2474/2157 2045/2476/2159 2046/2480/2161
f 2044/2475/2158 2043/2474/2157 2046/2480/2161
f 2165/2479/2160 2046/2480/2161 2045/2476/2159
f 2044/2475/2158 2046/2480/2161 2047/2481/2162
f 2035/2465/2150 2044/2475/2158 2047/2481/2162
f 2046/2480/2161 2165/2479/2160 2048/2482/2163
f 2046/2480/2161 2048/2482/2163 2047/2481/2162
f 2165/2479/2160 2167/2483/2164 2048/2482/2163
f 2167/2483/2164 2049/2484/1950 2048/2482/2163
f 2049/2484/1950 1853/2485/1945 2048/2482/2163
f 1853/2485/1945 2050/2486/1942 2048/2482/2163
f 2050/2486/1942 2047/2481/2162 2048/2482/2163
f 2047/2481/2162 2050/2486/1942 2051/2487/2165
f 2051/2487/2165 2035/2465/2150 2047/2481/2162
f 2050/2486/1942 1848/2488/1938 2051/2487/2165
f 2051/2487/2165 1848/2488/1938 2052/2489/1934
f 2053/2490/2166 2051/2487/2165 2052/2489/1934
f 2035/2465/2150 2051/2487/2165 2053/2490/2166
f 2052/2489/1934 1890/2289/1932 2053/2490/2166
f 2054/2491/2167 2035/2465/2150 2053/2490/2166
f 1890/2289/1932 2054/2491/2167 2053/2490/2166
f 2054/2491/2167 1890/2289/1932 1892/2291/1981
f 2038/2469/2152 2035/2465/2150 2054/2491/2167
f 1892/2291/1981 2038/2469/2152 2054/2491/2167
f 1892/2291/1981 1887/2286/1978 2038/2469/2152
f 1887/2286/1978 2041/2472/2155 2038/2469/2152
f 2041/2472/2155 1887/2286/1978 2055/2492/2168
f 2041/2472/2155 2055/2492/2168 2040/2471/2154
f 2055/2492/2168 2056/2493/2169 2040/2471/2154
f 2056/2493/2169 2039/2470/2153 2040/2471/2154
f 1887/2286/1978 2057/2494/2170 2055/2492/2168
f 2056/2493/2169 2055/2492/2168 2057/2494/2170
f 2039/2470/2153 2056/2493/2169 2058/2495/2171
f 2058/2495/2171 2056/2493/2169 2057/2494/2170
f 2042/2473/2156 2039/2470/2153 2058/2495/2171
f 2059/2496/2172 2057/2494/2170 1887/2286/1978
f 1886/2285/1977 2059/2496/2172 1887/2286/1978
f 2060/2497/2173 2058/2495/2171 2057/2494/2170
f 2059/2496/2172 2060/2497/2173 2057/2494/2170
f 2061/2498/2174 2042/2473/2156 2058/2495/2171
f 2060/2497/2173 2061/2498/2174 2058/2495/2171
f 2062/2499/2175 2059/2496/2172 1886/2285/1977
f 1879/2276/1971 2062/2499/2175 1886/2285/1977
f 2063/2500/2176 2060/2497/2173 2059/2496/2172
f 2062/2499/2175 2063/2500/2176 2059/2496/2172
f 2064/2501/2177 2062/2499/2175 1879/2276/1971
f 1914/2318/2008 2064/2501/2177 1879/2276/1971
f 2062/2499/2175 2064/2501/2177 2065/2502/2178
f 2064/2501/2177 1914/2318/2008 2065/2502/2178
f 2063/2500/2176 2062/2499/2175 2065/2502/2178
f 1914/2318/2008 1915/2319/2009 2065/2502/2178
f 1915/2319/2009 1937/2345/2035 2065/2502/2178
f 1937/2345/2035 2066/2503/2179 2065/2502/2178
f 2065/2502/2178 2066/2503/2179 2063/2500/2176
f 2066/2503/2179 1937/2345/2035 1947/2359/2049
f 2063/2500/2176 2067/2504/2180 2060/2497/2173
f 2066/2503/2179 2067/2504/2180 2063/2500/2176
f 2066/2503/2179 1947/2359/2049 2067/2504/2180
f 2067/2504/2180 2061/2498/2174 2060/2497/2173
f 1947/2359/2049 1948/2360/2050 2067/2504/2180
f 2067/2504/2180 1948/2360/2050 2068/2505/2181
f 2067/2504/2180 2068/2505/2181 2061/2498/2174
f 1948/2360/2050 2069/2506/2182 2068/2505/2181
f 2069/2506/2182 1948/2360/2050 1967/2382/2072
f 2068/2505/2181 2070/2507/2183 2061/2498/2174
f 2068/2505/2181 2069/2506/2182 2070/2507/2183
f 2071/2508/2184 2069/2506/2182 1967/2382/2072
f 2069/2506/2182 2071/2508/2184 2070/2507/2183
f 1967/2382/2072 1972/2393/2083 2071/2508/2184
f 2070/2507/2183 2072/2509/2185 2061/2498/2174
f 2072/2509/2185 2042/2473/2156 2061/2498/2174
f 2042/2473/2156 2072/2509/2185 1972/2393/2083
f 1972/2393/2083 2073/2510/2186 2071/2508/2184
f 2071/2508/2184 2073/2510/2186 2070/2507/2183
f 2072/2509/2185 2073/2510/2186 1972/2393/2083
f 2073/2510/2186 2072/2509/2185 2070/2507/2183
f 1950/2511/2052 2097/2512/2187 1952/2513/2054
f 2097/2512/2187 2074/2514/2188 1952/2513/2054
f 2074/2514/2188 2097/2512/2187 2075/2515/2081
f 1952/2513/2054 2074/2514/2188 1955/2516/2057
f 2076/2517/2079 2074/2514/2188 2075/2515/2081
f 2074/2514/2188 2077/2518/2189 1955/2516/2057
f 2077/2518/2189 2074/2514/2188 2076/2517/2079
f 2078/2519/2077 2077/2518/2189 2076/2517/2079
f 1955/2516/2057 2077/2518/2189 1958/2520/2060
f 2077/2518/2189 2078/2519/2077 2079/2521/2075
f 2077/2518/2189 2080/2522/2190 1958/2520/2060
f 2080/2522/2190 2077/2518/2189 2079/2521/2075
f 2081/2523/2063 1958/2520/2060 2080/2522/2190
f 2082/2524/2191 2081/2523/2063 2080/2522/2190
f 2082/2524/2191 2080/2522/2190 2079/2521/2075
f 2133/2525/2076 2082/2524/2191 2079/2521/2075
f 2115/2526/2041 2083/2527/2192 1942/2528/2040
f 2083/2527/2192 2084/2529/2193 1942/2528/2040
f 2083/2527/2192 1919/2530/2014 2084/2529/2193
f 1942/2528/2040 2084/2529/2193 2085/2531/2042
f 1919/2530/2014 2086/2532/2012 2084/2529/2193
f 2084/2529/2193 2087/2533/2194 2085/2531/2042
f 2087/2533/2194 2084/2529/2193 2086/2532/2012
f 1912/2534/2006 2087/2533/2194 2086/2532/2012
f 2087/2533/2194 1912/2534/2006 2088/2535/2002
f 2085/2531/2042 2087/2533/2194 2089/2536/2043
f 2090/2537/2195 2087/2533/2194 2088/2535/2002
f 2087/2533/2194 2090/2537/2195 2089/2536/2043
f 2088/2535/2002 2091/2538/1996 2090/2537/2195
f 2090/2537/2195 2092/2539/2196 2089/2536/2043
f 2091/2538/1996 2092/2539/2196 2090/2537/2195
f 2092/2539/2196 1944/2540/2045 2089/2536/2043
f 1944/2540/2045 2092/2539/2196 2093/2541/2197
f 2094/2542/2048 1944/2540/2045 2093/2541/2197
f 1950/2543/2052 2094/2542/2048 2093/2541/2197
f 2095/2544/2198 2092/2539/2196 2091/2538/1996
f 2093/2541/2197 2092/2539/2196 2095/2544/2198
f 2093/2541/2197 2096/2545/2199 1950/2543/2052
f 2096/2545/2199 2093/2541/2197 2095/2544/2198
f 2096/2545/2199 2097/2546/2187 1950/2543/2052
f 2097/2546/2187 2096/2545/2199 2075/2547/2081
f 2098/2548/2200 2095/2544/2198 2091/2538/1996
f 2091/2538/1996 1903/2549/1995 2098/2548/2200
f 1903/2549/1995 2099/2550/1990 2098/2548/2200
f 2096/2545/2199 2100/2551/2201 2075/2547/2081
f 2100/2551/2201 1974/2552/2085 2075/2547/2081
f 1974/2552/2085 2100/2551/2201 1976/2553/2087
f 2101/2554/2202 2096/2545/2199 2095/2544/2198
f 2101/2554/2202 2095/2544/2198 2098/2548/2200
f 2100/2551/2201 2096/2545/2199 2101/2554/2202
f 2098/2548/2200 2099/2550/1990 2102/2555/2203
f 2102/2555/2203 2101/2554/2202 2098/2548/2200
f 2099/2550/1990 2103/2556/1989 2102/2555/2203
f 2103/2556/1989 2104/2557/1988 2102/2555/2203
f 2105/2558/2204 2100/2551/2201 2101/2554/2202
f 2105/2558/2204 2101/2554/2202 2102/2555/2203
f 2104/2557/1988 2106/2559/2205 2102/2555/2203
f 2106/2559/2205 2105/2558/2204 2102/2555/2203
f 2106/2559/2205 2104/2557/1988 2011/2560/2126
f 2009/2561/2124 2106/2559/2205 2011/2560/2126
f 2106/2559/2205 2009/2561/2124 2105/2558/2204
f 2100/2551/2201 2105/2558/2204 2107/2562/2206
f 2009/2561/2124 2107/2562/2206 2105/2558/2204
f 2100/2551/2201 2107/2562/2206 1976/2553/2087
f 2107/2562/2206 2009/2561/2124 2108/2563/2121
f 1976/2553/2087 2107/2562/2206 2109/2564/2207
f 2109/2564/2207 2107/2562/2206 2108/2563/2121
f 1981/2565/2092 1976/2553/2087 2109/2564/2207
f 2109/2564/2207 2108/2563/2121 2110/2566/2120
f 2109/2564/2207 2111/2567/2208 1981/2565/2092
f 2111/2567/2208 2109/2564/2207 2110/2566/2120
f 2112/2568/2209 2111/2567/2208 2110/2566/2120
f 2111/2567/2208 1984/2569/2095 1981/2565/2092
f 1984/2569/2095 2111/2567/2208 2112/2568/2209
f 2006/2570/2119 2112/2568/2209 2110/2566/2120
f 1985/2571/2096 1984/2569/2095 2112/2568/2209
f 1985/2571/2096 2112/2568/2209 1988/2572/2099
f 2112/2568/2209 2006/2570/2119 2005/2573/2117
f 2112/2568/2209 2113/2574/2210 1988/2572/2099
f 2113/2574/2210 2112/2568/2209 2005/2573/2117
f 1990/2575/2101 1988/2572/2099 2113/2574/2210
f 2114/2576/2211 1990/2575/2101 2113/2574/2210
f 2114/2576/2211 2113/2574/2210 2005/2573/2117
f 2151/2577/2118 2114/2576/2211 2005/2573/2117
f 2129/2578/2212 2083/2579/2192 2115/2580/2041
f 2116/2581/2213 2083/2579/2192 2129/2578/2212
f 2116/2581/2213 2129/2578/2212 2131/2582/2214
f 2116/2581/2213 1919/2583/2014 2083/2579/2192
f 2117/2584/2215 2116/2581/2213 2131/2582/2214
f 2118/2585/2216 2117/2584/2215 2131/2582/2214
f 2119/2586/2217 1919/2583/2014 2116/2581/2213
f 1918/2587/2013 1919/2583/2014 2119/2586/2217
f 2120/2588/2015 1918/2587/2013 2119/2586/2217
f 2121/2589/2020 2120/2588/2015 2119/2586/2217
f 2116/2581/2213 2117/2584/2215 2122/2590/2218
f 2122/2590/2218 2119/2586/2217 2116/2581/2213
f 2123/2591/2219 2121/2589/2020 2119/2586/2217
f 2123/2591/2219 2119/2586/2217 2122/2590/2218
f 2121/2589/2020 2123/2591/2219 2124/2592/2021
f 2117/2584/2215 2125/2593/2220 2122/2590/2218
f 2125/2593/2220 2117/2584/2215 2118/2585/2216
f 2126/2594/2221 2122/2590/2218 2125/2593/2220
f 2126/2594/2221 2123/2591/2219 2122/2590/2218
f 2123/2591/2219 2127/2595/2222 2124/2592/2021
f 1940/2596/2038 2124/2592/2021 2127/2595/2222
f 2115/2597/2041 1940/2596/2038 2127/2595/2222
f 2127/2595/2222 2123/2591/2219 2128/2598/2223
f 2115/2597/2041 2127/2595/2222 2128/2598/2223
f 2123/2591/2219 2126/2594/2221 2128/2598/2223
f 2129/2599/2212 2115/2597/2041 2128/2598/2223
f 2129/2599/2212 2128/2598/2223 2130/2600/2224
f 2130/2600/2224 2128/2598/2223 2126/2594/2221
f 2131/2601/2214 2129/2599/2212 2130/2600/2224
f 2131/2601/2214 2130/2600/2224 2118/2585/2216
f 2132/2602/2225 2126/2594/2221 2125/2593/2220
f 2132/2602/2225 2125/2593/2220 2118/2585/2216
f 2132/2602/2225 2130/2600/2224 2126/2594/2221
f 2130/2600/2224 2132/2602/2225 2118/2585/2216
f 2134/2603/2226 2082/2604/2191 2133/2605/2076
f 2134/2603/2226 2135/2606/2227 2082/2604/2191
f 2135/2606/2227 2081/2607/2063 2082/2604/2191
f 2135/2606/2227 2134/2603/2226 2136/2608/2228
f 2137/2609/2229 2081/2607/2063 2135/2606/2227
f 1960/2610/2062 2081/2607/2063 2137/2609/2229
f 2138/2611/2064 1960/2610/2062 2137/2609/2229
f 2139/2612/2230 2135/2606/2227 2136/2608/2228
f 2140/2613/2231 2139/2612/2230 2136/2608/2228
f 2135/2606/2227 2139/2612/2230 2141/2614/2232
f 2141/2614/2232 2139/2612/2230 2140/2613/2231
f 2137/2609/2229 2142/2615/2233 2138/2611/2064
f 2143/2616/2234 2142/2615/2233 2137/2609/2229
f 2144/2617/2235 2142/2615/2233 2143/2616/2234
f 2142/2615/2233 2145/2618/2067 2138/2611/2064
f 2145/2618/2067 2142/2615/2233 2144/2617/2235
f 1963/2619/2068 2145/2618/2067 2144/2617/2235
f 2146/2620/2074 1963/2619/2068 2144/2617/2235
f 2133/2621/2076 2146/2620/2074 2144/2617/2235
f 2134/2622/2226 2133/2621/2076 2144/2617/2235
f 2147/2623/2236 2137/2609/2229 2135/2606/2227
f 2147/2623/2236 2135/2606/2227 2141/2614/2232
f 2147/2623/2236 2143/2616/2234 2137/2609/2229
f 2143/2616/2234 2147/2623/2236 2141/2614/2232
f 2148/2624/2237 2141/2614/2232 2140/2613/2231
f 2148/2624/2237 2143/2616/2234 2141/2614/2232
f 2149/2625/2238 2148/2624/2237 2140/2613/2231
f 2143/2616/2234 2148/2624/2237 2149/2625/2238
f 2136/2626/2228 2149/2625/2238 2140/2613/2231
f 2136/2626/2228 2134/2622/2226 2149/2625/2238
f 2150/2627/2239 2144/2617/2235 2143/2616/2234
f 2150/2627/2239 2143/2616/2234 2149/2625/2238
f 2134/2622/2226 2150/2627/2239 2149/2625/2238
f 2150/2627/2239 2134/2622/2226 2144/2617/2235
f 2152/2628/2240 2114/2629/2211 2151/2630/2118
f 2152/2628/2240 2153/2631/2241 2114/2629/2211
f 2153/2631/2241 1990/2632/2101 2114/2629/2211
f 2153/2631/2241 2154/2633/2242 1990/2632/2101
f 1989/2634/2100 1990/2632/2101 2154/2633/2242
f 1991/2635/2102 1989/2634/2100 2154/2633/2242
f 2153/2631/2241 2152/2628/2240 2155/2636/2243
f 1994/2637/2105 1991/2635/2102 2154/2633/2242
f 2156/2638/2244 2153/2631/2241 2155/2636/2243
f 2157/2639/2245 2156/2638/2244 2155/2636/2243
f 2153/2631/2241 2156/2638/2244 2158/2640/2246
f 2154/2633/2242 2153/2631/2241 2158/2640/2246
f 2156/2638/2244 2157/2639/2245 2158/2640/2246
f 2159/2641/2247 1994/2637/2105 2154/2633/2242
f 1994/2637/2105 2159/2641/2247 2160/2642/2248
f 1995/2643/2106 1994/2637/2105 2160/2642/2248
f 2161/2644/2116 1995/2643/2106 2160/2642/2248
f 2151/2645/2118 2161/2644/2116 2160/2642/2248
f 2152/2646/2240 2151/2645/2118 2160/2642/2248
f 2162/2647/2249 2159/2641/2247 2154/2633/2242
f 2162/2647/2249 2154/2633/2242 2158/2640/2246
f 2160/2642/2248 2159/2641/2247 2162/2647/2249
f 2152/2646/2240 2160/2642/2248 2163/2648/2250
f 2160/2642/2248 2162/2647/2249 2163/2648/2250
f 2155/2649/2243 2152/2646/2240 2163/2648/2250
f 2157/2639/2245 2155/2649/2243 2163/2648/2250
f 2164/2650/2251 2162/2647/2249 2158/2640/2246
f 2162/2647/2249 2164/2650/2251 2163/2648/2250
f 2157/2639/2245 2164/2650/2251 2158/2640/2246
f 2164/2650/2251 2157/2639/2245 2163/2648/2250
f 2166/2651/2252 2165/2652/2160 2169/2653/1948
f 2166/2651/2252 2167/2654/2164 2165/2652/2160
f 2166/2651/2252 2049/2655/1950 2167/2654/2164
f 2166/2651/2252 2168/2656/1949 2049/2655/1950
f 2166/2651/2252 2169/2657/1948 2168/2656/1949
f 3256/2658/2253 4620/2659/2254 2170/2660/2255
f 2171/2661/2256 3256/2658/2253 2170/2660/2255
f 2171/2661/2256 2172/2662/2257 3256/2658/2253
f 2172/2662/2257 3257/2663/2258 3256/2658/2253
f 2170/2660/2255 2173/2664/2259 2171/2661/2256
f 2170/2660/2255 2297/2665/2260 2173/2664/2259
f 3257/2663/2258 2172/2662/2257 2174/2666/2261
f 2175/2667/2262 3257/2663/2258 2174/2666/2261
f 2174/2666/2261 2176/2668/2263 2175/2667/2262
f 2176/2668/2263 3260/2669/2264 2175/2667/2262
f 3261/2670/2265 3260/2669/2264 2176/2668/2263
f 2173/2664/2259 2177/2671/2266 2171/2661/2256
f 2171/2661/2256 2177/2671/2266 2172/2662/2257
f 2297/2665/2260 2178/2672/2267 2173/2664/2259
f 2179/2673/2268 2177/2671/2266 2173/2664/2259
f 2173/2664/2259 2178/2672/2267 2179/2673/2268
f 2179/2673/2268 2180/2674/2269 2177/2671/2266
f 2181/2675/2270 2178/2672/2267 2297/2665/2260
f 2301/2676/2271 2181/2675/2270 2297/2665/2260
f 2181/2675/2270 2301/2676/2271 2182/2677/2272
f 2178/2672/2267 2183/2678/2273 2179/2673/2268
f 2180/2674/2269 2179/2673/2268 2183/2678/2273
f 2183/2678/2273 2178/2672/2267 2181/2675/2270
f 2177/2671/2266 2184/2679/2274 2172/2662/2257
f 2180/2674/2269 2184/2679/2274 2177/2671/2266
f 2185/2680/2275 2184/2679/2274 2180/2674/2269
f 2186/2681/2276 2183/2678/2273 2181/2675/2270
f 2187/2682/2277 2181/2675/2270 2182/2677/2272
f 2186/2681/2276 2181/2675/2270 2187/2682/2277
f 2188/2683/2278 2180/2674/2269 2183/2678/2273
f 2186/2681/2276 2188/2683/2278 2183/2678/2273
f 2186/2681/2276 2189/2684/2279 2188/2683/2278
f 2180/2674/2269 2188/2683/2278 2190/2685/2280
f 2189/2684/2279 2190/2685/2280 2188/2683/2278
f 2191/2686/2281 2185/2680/2275 2180/2674/2269
f 2191/2686/2281 2180/2674/2269 2190/2685/2280
f 2192/2687/2282 2186/2681/2276 2187/2682/2277
f 2186/2681/2276 2192/2687/2282 2189/2684/2279
f 2184/2679/2274 2193/2688/2283 2172/2662/2257
f 2184/2679/2274 2185/2680/2275 2194/2689/2284
f 2193/2688/2283 2184/2679/2274 2194/2689/2284
f 2193/2688/2283 2195/2690/2285 2172/2662/2257
f 2195/2690/2285 2174/2666/2261 2172/2662/2257
f 2194/2689/2284 2196/2691/2286 2193/2688/2283
f 2196/2691/2286 2195/2690/2285 2193/2688/2283
f 2197/2692/2287 2174/2666/2261 2195/2690/2285
f 2176/2668/2263 2174/2666/2261 2197/2692/2287
f 2197/2692/2287 2195/2690/2285 2198/2693/2288
f 2198/2693/2288 2195/2690/2285 2196/2691/2286
f 2176/2668/2263 2197/2692/2287 2199/2694/2289
f 2199/2694/2289 2197/2692/2287 2198/2693/2288
f 2194/2689/2284 2185/2680/2275 2200/2695/1402
f 2200/2695/1402 2201/2696/1407 2194/2689/2284
f 2196/2691/2286 2194/2689/2284 2201/2696/1407
f 2185/2680/2275 2202/2697/1401 2200/2695/1402
f 2203/2698/1408 2196/2691/2286 2201/2696/1407
f 2185/2680/2275 2204/2699/2290 2202/2697/1401
f 2204/2699/2290 1305/2700/1396 2202/2697/1401
f 1305/2700/1396 2204/2699/2290 1304/2701/1395
f 2204/2699/2290 2185/2680/2275 2205/2702/2291
f 2204/2699/2290 2205/2702/2291 1304/2701/1395
f 2185/2680/2275 2191/2686/2281 2205/2702/2291
f 1304/2701/1395 2205/2702/2291 2206/2703/1388
f 2205/2702/2291 2191/2686/2281 2206/2703/1388
f 2191/2686/2281 2207/2704/2292 2206/2703/1388
f 2206/2703/1388 2207/2704/2292 1291/2705/1381
f 2191/2686/2281 2190/2685/2280 2207/2704/2292
f 2207/2704/2292 2208/2706/2293 1291/2705/1381
f 2190/2685/2280 2208/2706/2293 2207/2704/2292
f 1291/2705/1381 2208/2706/2293 1290/2707/1380
f 2190/2685/2280 2209/2708/2294 2208/2706/2293
f 2208/2706/2293 2209/2708/2294 1290/2707/1380
f 1286/2709/1376 1290/2707/1380 2209/2708/2294
f 2190/2685/2280 2189/2684/2279 2209/2708/2294
f 1286/2709/1376 2209/2708/2294 2189/2684/2279
f 2210/2710/1369 1286/2709/1376 2189/2684/2279
f 2211/2711/2295 2210/2710/1369 2189/2684/2279
f 2210/2710/1369 2211/2711/2295 1277/2712/1366
f 2192/2687/2282 2211/2711/2295 2189/2684/2279
f 2211/2711/2295 2212/2713/2296 1277/2712/1366
f 1274/2714/1363 1277/2712/1366 2212/2713/2296
f 2211/2711/2295 2192/2687/2282 2213/2715/2297
f 2212/2713/2296 2211/2711/2295 2213/2715/2297
f 2214/2716/2298 1274/2714/1363 2212/2713/2296
f 2215/2717/1361 1274/2714/1363 2214/2716/2298
f 2216/2718/2299 2213/2715/2297 2192/2687/2282
f 2187/2682/2277 2216/2718/2299 2192/2687/2282
f 2212/2713/2296 2213/2715/2297 2217/2719/2300
f 2214/2716/2298 2212/2713/2296 2217/2719/2300
f 2213/2715/2297 2216/2718/2299 2217/2719/2300
f 2218/2720/2301 2215/2717/1361 2214/2716/2298
f 2217/2719/2300 2219/2721/2302 2214/2716/2298
f 2219/2721/2302 2218/2720/2301 2214/2716/2298
f 2215/2717/1361 2218/2720/2301 2220/2722/2303
f 2221/2723/1359 2215/2717/1361 2220/2722/2303
f 2219/2721/2302 2217/2719/2300 2222/2724/2304
f 2216/2718/2299 2222/2724/2304 2217/2719/2300
f 2218/2720/2301 2219/2721/2302 2223/2725/2305
f 2223/2725/2305 2219/2721/2302 2222/2724/2304
f 2220/2722/2303 2218/2720/2301 2223/2725/2305
f 2222/2724/2304 2216/2718/2299 2224/2726/2306
f 2222/2724/2304 2224/2726/2306 2223/2725/2305
f 2216/2718/2299 2187/2682/2277 2225/2727/2307
f 2216/2718/2299 2225/2727/2307 2224/2726/2306
f 2187/2682/2277 2226/2728/2308 2225/2727/2307
f 2226/2728/2308 2187/2682/2277 2182/2677/2272
f 2225/2727/2307 2226/2728/2308 2227/2729/2309
f 2224/2726/2306 2225/2727/2307 2227/2729/2309
f 2228/2730/2310 2226/2728/2308 2182/2677/2272
f 2226/2728/2308 2228/2730/2310 2227/2729/2309
f 2304/2731/2311 2228/2730/2310 2182/2677/2272
f 2229/2732/2312 2228/2730/2310 2304/2731/2311
f 2227/2729/2309 2228/2730/2310 2229/2732/2312
f 2230/2733/2313 2229/2732/2312 2304/2731/2311
f 2231/2734/2314 2224/2726/2306 2227/2729/2309
f 2227/2729/2309 2229/2732/2312 2231/2734/2314
f 2224/2726/2306 2232/2735/2315 2223/2725/2305
f 2232/2735/2315 2224/2726/2306 2231/2734/2314
f 2220/2722/2303 2223/2725/2305 2233/2736/2316
f 2223/2725/2305 2232/2735/2315 2233/2736/2316
f 2234/2737/2317 2229/2732/2312 2230/2733/2313
f 2235/2738/2318 2234/2737/2317 2230/2733/2313
f 2229/2732/2312 2236/2739/2319 2231/2734/2314
f 2236/2739/2319 2229/2732/2312 2234/2737/2317
f 2234/2737/2317 2237/2740/2320 2236/2739/2319
f 2238/2741/2321 2232/2735/2315 2231/2734/2314
f 2231/2734/2314 2236/2739/2319 2238/2741/2321
f 2234/2737/2317 2235/2738/2318 2239/2742/2322
f 2239/2742/2322 2235/2738/2318 2317/2743/2323
f 2240/2744/2324 2239/2742/2322 2317/2743/2323
f 2239/2742/2322 2240/2744/2324 2241/2745/2325
f 3226/2746/2326 2239/2742/2322 2241/2745/2325
f 2242/2747/2327 2234/2737/2317 2239/2742/2322
f 2242/2747/2327 2239/2742/2322 3226/2746/2326
f 2234/2737/2317 2242/2747/2327 2237/2740/2320
f 3224/2748/2328 2242/2747/2327 3226/2746/2326
f 2243/2749/2329 2242/2747/2327 3224/2748/2328
f 2242/2747/2327 2243/2749/2329 2237/2740/2320
f 3223/2750/2330 2243/2749/2329 3224/2748/2328
f 2243/2749/2329 3223/2750/2330 3222/2751/2331
f 2244/2752/2332 2243/2749/2329 3222/2751/2331
f 2237/2740/2320 2243/2749/2329 2244/2752/2332
f 2245/2753/2333 2237/2740/2320 2244/2752/2332
f 2237/2740/2320 2245/2753/2333 2246/2754/2334
f 2247/2755/2335 2237/2740/2320 2246/2754/2334
f 2237/2740/2320 2247/2755/2335 2236/2739/2319
f 2236/2739/2319 2247/2755/2335 2238/2741/2321
f 2248/2756/2336 2247/2755/2335 2246/2754/2334
f 2248/2756/2336 2238/2741/2321 2247/2755/2335
f 2249/2757/2337 2248/2756/2336 2246/2754/2334
f 2238/2741/2321 2248/2756/2336 2250/2758/2338
f 2248/2756/2336 2249/2757/2337 2250/2758/2338
f 2232/2735/2315 2238/2741/2321 2250/2758/2338
f 2249/2757/2337 2251/2759/2339 2250/2758/2338
f 2232/2735/2315 2250/2758/2338 2233/2736/2316
f 2251/2759/2339 2252/2760/2340 2250/2758/2338
f 2252/2760/2340 2233/2736/2316 2250/2758/2338
f 2233/2736/2316 2252/2760/2340 2253/2761/2341
f 2252/2760/2340 3213/2762/2342 2253/2761/2341
f 2233/2736/2316 2253/2761/2341 2254/2763/2343
f 2254/2763/2343 2220/2722/2303 2233/2736/2316
f 2221/2723/1359 2220/2722/2303 2254/2763/2343
f 2253/2761/2341 3213/2762/2342 2255/2764/2344
f 2255/2764/2344 3213/2762/2342 3210/2765/2345
f 2256/2766/2346 2253/2761/2341 2255/2764/2344
f 2257/2767/2347 2255/2764/2344 3210/2765/2345
f 2256/2766/2346 2255/2764/2344 2257/2767/2347
f 2256/2766/2346 2257/2767/2347 2258/2768/2348
f 2257/2767/2347 3210/2765/2345 2259/2769/2349
f 2258/2768/2348 2257/2767/2347 2259/2769/2349
f 3210/2765/2345 3209/2770/2350 2259/2769/2349
f 2259/2769/2349 3209/2770/2350 2260/2771/2351
f 3209/2770/2350 3208/2772/2352 2260/2771/2351
f 2253/2761/2341 2261/2773/2353 2254/2763/2343
f 2261/2773/2353 2253/2761/2341 2256/2766/2346
f 2262/2774/2354 2260/2771/2351 3208/2772/2352
f 3265/2775/2355 2262/2774/2354 3208/2772/2352
f 2262/2774/2354 3265/2775/2355 3646/2776/1110
f 2263/2777/1112 2262/2774/2354 3646/2776/1110
f 2264/2778/2356 2262/2774/2354 2263/2777/1112
f 2264/2778/2356 2260/2771/2351 2262/2774/2354
f 1033/2779/1114 2264/2778/2356 2263/2777/1112
f 1033/2779/1114 2265/2780/1117 2264/2778/2356
f 2265/2780/1117 2266/2781/2357 2264/2778/2356
f 2264/2778/2356 2266/2781/2357 2260/2771/2351
f 2266/2781/2357 2265/2780/1117 2267/2782/1119
f 2268/2783/2358 2266/2781/2357 2267/2782/1119
f 2268/2783/2358 2267/2782/1119 2269/2784/1137
f 2266/2781/2357 2270/2785/2359 2260/2771/2351
f 2268/2783/2358 2270/2785/2359 2266/2781/2357
f 2260/2771/2351 2270/2785/2359 2271/2786/2360
f 2271/2786/2360 2270/2785/2359 2268/2783/2358
f 2259/2769/2349 2260/2771/2351 2271/2786/2360
f 2272/2787/2361 2268/2783/2358 2269/2784/1137
f 2272/2787/2361 2271/2786/2360 2268/2783/2358
f 2269/2784/1137 1056/2788/1140 2272/2787/2361
f 2259/2769/2349 2271/2786/2360 2273/2789/2362
f 2271/2786/2360 2272/2787/2361 2273/2789/2362
f 2273/2789/2362 2258/2768/2348 2259/2769/2349
f 1056/2788/1140 2274/2790/2363 2272/2787/2361
f 2272/2787/2361 2274/2790/2363 2273/2789/2362
f 1056/2788/1140 1057/2791/1141 2274/2790/2363
f 2274/2790/2363 2275/2792/2364 2273/2789/2362
f 1057/2791/1141 2275/2792/2364 2274/2790/2363
f 2258/2768/2348 2273/2789/2362 2275/2792/2364
f 1059/2793/1143 2275/2792/2364 1057/2791/1141
f 2275/2792/2364 1059/2793/1143 1062/2794/1146
f 2276/2795/2365 2258/2768/2348 2275/2792/2364
f 2276/2795/2365 2275/2792/2364 1062/2794/1146
f 2276/2795/2365 2277/2796/2366 2258/2768/2348
f 2276/2795/2365 1062/2794/1146 2277/2796/2366
f 2277/2796/2366 2278/2797/2367 2258/2768/2348
f 2278/2797/2367 2256/2766/2346 2258/2768/2348
f 2279/2798/2368 2256/2766/2346 2278/2797/2367
f 2279/2798/2368 2261/2773/2353 2256/2766/2346
f 2280/2799/2369 2278/2797/2367 2277/2796/2366
f 2280/2799/2369 2279/2798/2368 2278/2797/2367
f 1062/2794/1146 2281/2800/2370 2277/2796/2366
f 2280/2799/2369 2277/2796/2366 2281/2800/2370
f 2282/2801/2371 2281/2800/2370 1062/2794/1146
f 2282/2801/2371 2280/2799/2369 2281/2800/2370
f 2283/2802/1148 2282/2801/2371 1062/2794/1146
f 2283/2802/1148 2284/2803/1152 2282/2801/2371
f 2285/2804/2372 2280/2799/2369 2282/2801/2371
f 2284/2803/1152 2285/2804/2372 2282/2801/2371
f 2286/2805/2373 2280/2799/2369 2285/2804/2372
f 2286/2805/2373 2279/2798/2368 2280/2799/2369
f 2286/2805/2373 2285/2804/2372 2284/2803/1152
f 2286/2805/2373 2287/2806/2374 2279/2798/2368
f 2287/2806/2374 2286/2805/2373 2284/2803/1152
f 2287/2806/2374 2261/2773/2353 2279/2798/2368
f 2288/2807/1153 2287/2806/2374 2284/2803/1152
f 2289/2808/2375 2287/2806/2374 2288/2807/1153
f 2289/2808/2375 2261/2773/2353 2287/2806/2374
f 2290/2809/1157 2289/2808/2375 2288/2807/1153
f 2289/2808/2375 2290/2809/1157 2291/2810/1158
f 2289/2808/2375 2292/2811/2376 2261/2773/2353
f 2292/2811/2376 2289/2808/2375 2291/2810/1158
f 2254/2763/2343 2261/2773/2353 2292/2811/2376
f 2292/2811/2376 2291/2810/1158 2293/2812/1163
f 2294/2813/2377 2254/2763/2343 2292/2811/2376
f 2294/2813/2377 2292/2811/2376 2293/2812/1163
f 2294/2813/2377 2221/2723/1359 2254/2763/2343
f 2293/2812/1163 2221/2723/1359 2294/2813/2377
f 1090/2814/1180 2221/2723/1359 2293/2812/1163
f 2170/2815/2255 4620/2816/2254 4618/2817/2378
f 2295/2818/2379 2170/2815/2255 4618/2817/2378
f 2295/2818/2379 4618/2817/2378 4622/2819/2380
f 2170/2815/2255 2295/2818/2379 2296/2820/2381
f 2297/2821/2260 2170/2815/2255 2296/2820/2381
f 2298/2822/2382 2295/2818/2379 4622/2819/2380
f 2298/2822/2382 4622/2819/2380 2299/2823/2383
f 2297/2821/2260 2296/2820/2381 2300/2824/2384
f 2301/2825/2271 2297/2821/2260 2300/2824/2384
f 2300/2824/2384 2302/2826/2385 2301/2825/2271
f 2301/2825/2271 2302/2826/2385 2182/2827/2272
f 2302/2826/2385 2303/2828/2386 2182/2827/2272
f 2182/2827/2272 2303/2828/2386 2304/2829/2311
f 2302/2826/2385 2300/2824/2384 2305/2830/2387
f 2303/2828/2386 2302/2826/2385 2305/2830/2387
f 2300/2824/2384 2296/2820/2381 2306/2831/2388
f 2300/2824/2384 2306/2831/2388 2305/2830/2387
f 2307/2832/2389 2296/2820/2381 2295/2818/2379
f 2296/2820/2381 2307/2832/2389 2306/2831/2388
f 2308/2833/2390 2307/2832/2389 2295/2818/2379
f 2308/2833/2390 2295/2818/2379 2298/2822/2382
f 2307/2832/2389 2309/2834/2391 2306/2831/2388
f 2309/2834/2391 2307/2832/2389 2308/2833/2390
f 2306/2831/2388 2310/2835/2392 2305/2830/2387
f 2309/2834/2391 2310/2835/2392 2306/2831/2388
f 2303/2828/2386 2311/2836/2393 2304/2829/2311
f 2312/2837/2394 2303/2828/2386 2305/2830/2387
f 2311/2836/2393 2303/2828/2386 2312/2837/2394
f 2304/2829/2311 2311/2836/2393 2313/2838/2395
f 2230/2839/2313 2304/2829/2311 2313/2838/2395
f 2313/2838/2395 2235/2840/2318 2230/2839/2313
f 2313/2838/2395 2311/2836/2393 2314/2841/2396
f 2235/2840/2318 2313/2838/2395 2314/2841/2396
f 2314/2841/2396 2311/2836/2393 2312/2837/2394
f 2305/2830/2387 2315/2842/2397 2312/2837/2394
f 2310/2835/2392 2315/2842/2397 2305/2830/2387
f 2316/2843/2398 2235/2840/2318 2314/2841/2396
f 2317/2844/2323 2235/2840/2318 2316/2843/2398
f 2318/2845/2399 2317/2844/2323 2316/2843/2398
f 2314/2841/2396 2312/2837/2394 2319/2846/2400
f 2315/2842/2397 2319/2846/2400 2312/2837/2394
f 2318/2845/2399 2316/2843/2398 2320/2847/2401
f 4644/2848/2402 2318/2845/2399 2320/2847/2401
f 2314/2841/2396 2321/2849/2403 2316/2843/2398
f 2321/2849/2403 2320/2847/2401 2316/2843/2398
f 2321/2849/2403 2314/2841/2396 2319/2846/2400
f 2320/2847/2401 2322/2850/2404 4644/2848/2402
f 2320/2847/2401 2321/2849/2403 2322/2850/2404
f 2321/2849/2403 2319/2846/2400 2322/2850/2404
f 2322/2850/2404 4647/2851/2405 4644/2848/2402
f 4647/2851/2405 2322/2850/2404 4648/2852/2406
f 2322/2850/2404 2319/2846/2400 2323/2853/2407
f 2319/2846/2400 2315/2842/2397 2323/2853/2407
f 2322/2850/2404 2323/2853/2407 4648/2852/2406
f 2323/2853/2407 2315/2842/2397 2324/2854/2408
f 2323/2853/2407 2324/2854/2408 4648/2852/2406
f 2315/2842/2397 2310/2835/2392 2324/2854/2408
f 2324/2854/2408 4651/2855/2409 4648/2852/2406
f 2325/2856/2410 2324/2854/2408 2310/2835/2392
f 4651/2855/2409 2324/2854/2408 2325/2856/2410
f 2309/2834/2391 2325/2856/2410 2310/2835/2392
f 2326/2857/2411 4651/2855/2409 2325/2856/2410
f 2325/2856/2410 2309/2834/2391 2327/2858/2412
f 2327/2858/2412 2309/2834/2391 2308/2833/2390
f 2325/2856/2410 2328/2859/2413 2326/2857/2411
f 2328/2859/2413 2325/2856/2410 2327/2858/2412
f 2328/2859/2413 4655/2860/2414 2326/2857/2411
f 2308/2833/2390 2329/2861/2415 2327/2858/2412
f 2329/2861/2415 2308/2833/2390 2298/2822/2382
f 4655/2860/2414 2328/2859/2413 2330/2862/2416
f 4659/2863/2417 4655/2860/2414 2330/2862/2416
f 2327/2858/2412 2331/2864/2418 2328/2859/2413
f 2329/2861/2415 2331/2864/2418 2327/2858/2412
f 2331/2864/2418 2330/2862/2416 2328/2859/2413
f 2332/2865/2419 2329/2861/2415 2298/2822/2382
f 2331/2864/2418 2329/2861/2415 2332/2865/2419
f 4659/2863/2417 2330/2862/2416 2333/2866/2420
f 4662/2867/2421 4659/2863/2417 2333/2866/2420
f 2330/2862/2416 2331/2864/2418 2334/2868/2422
f 2334/2868/2422 2331/2864/2418 2332/2865/2419
f 2333/2866/2420 2330/2862/2416 2334/2868/2422
f 2335/2869/2423 2332/2865/2419 2298/2822/2382
f 2335/2869/2423 2298/2822/2382 2299/2823/2383
f 4662/2867/2421 2333/2866/2420 2336/2870/2424
f 2337/2871/2425 4662/2867/2421 2336/2870/2424
f 2334/2868/2422 2332/2865/2419 2338/2872/2426
f 2332/2865/2419 2335/2869/2423 2338/2872/2426
f 2339/2873/2427 2335/2869/2423 2299/2823/2383
f 2335/2869/2423 2339/2873/2427 2338/2872/2426
f 2340/2874/2428 2339/2873/2427 2299/2823/2383
f 2333/2866/2420 2334/2868/2422 2341/2875/2429
f 2341/2875/2429 2334/2868/2422 2338/2872/2426
f 2336/2870/2424 2333/2866/2420 2341/2875/2429
f 2339/2873/2427 2340/2874/2428 2342/2876/2430
f 2338/2872/2426 2339/2873/2427 2342/2876/2430
f 2341/2875/2429 2338/2872/2426 2342/2876/2430
f 2340/2874/2428 4670/2877/2431 2342/2876/2430
f 2343/2878/2432 2341/2875/2429 2342/2876/2430
f 2343/2878/2432 2342/2876/2430 4670/2877/2431
f 2336/2870/2424 2341/2875/2429 2343/2878/2432
f 2344/2879/2433 2343/2878/2432 4670/2877/2431
f 2337/2871/2425 2336/2870/2424 2345/2880/2434
f 2345/2880/2434 2336/2870/2424 2343/2878/2432
f 2345/2880/2434 2343/2878/2432 2344/2879/2433
f 4673/2881/2435 2337/2871/2425 2345/2880/2434
f 4673/2881/2435 2345/2880/2434 2344/2879/2433
f 2347/2882/1494 4707/2883/2436 2346/2884/1492
f 4707/2883/2436 2348/2885/2437 2346/2884/1492
f 4707/2883/2436 3261/2670/2265 2348/2885/2437
f 2346/2884/1492 2348/2885/2437 2349/2886/2438
f 1397/2887/1491 2346/2884/1492 2349/2886/2438
f 3261/2670/2265 2350/2888/2439 2348/2885/2437
f 2348/2885/2437 2350/2888/2439 2349/2886/2438
f 2350/2888/2439 3261/2670/2265 2176/2668/2263
f 2349/2886/2438 2351/2889/2440 1397/2887/1491
f 2351/2889/2440 2352/2890/1488 1397/2887/1491
f 2350/2888/2439 2353/2891/2441 2349/2886/2438
f 2350/2888/2439 2176/2668/2263 2353/2891/2441
f 2353/2891/2441 2351/2889/2440 2349/2886/2438
f 2353/2891/2441 2176/2668/2263 2354/2892/2442
f 2353/2891/2441 2354/2892/2442 2351/2889/2440
f 2354/2892/2442 2176/2668/2263 2199/2694/2289
f 2351/2889/2440 2355/2893/2443 2352/2890/1488
f 2354/2892/2442 2355/2893/2443 2351/2889/2440
f 2354/2892/2442 2199/2694/2289 2355/2893/2443
f 2352/2890/1488 2355/2893/2443 2356/2894/1483
f 2357/2895/1478 2356/2894/1483 2355/2893/2443
f 2199/2694/2289 2358/2896/2444 2355/2893/2443
f 2358/2896/2444 2357/2895/1478 2355/2893/2443
f 2199/2694/2289 2359/2897/2445 2358/2896/2444
f 2359/2897/2445 2199/2694/2289 2198/2693/2288
f 2357/2895/1478 2358/2896/2444 2360/2898/2446
f 2359/2897/2445 2360/2898/2446 2358/2896/2444
f 2357/2895/1478 2360/2898/2446 1384/2899/1475
f 2361/2900/2447 2359/2897/2445 2198/2693/2288
f 2360/2898/2446 2359/2897/2445 2361/2900/2447
f 2360/2898/2446 2362/2901/2448 1384/2899/1475
f 2362/2901/2448 2360/2898/2446 2361/2900/2447
f 2362/2901/2448 2363/2902/2449 1384/2899/1475
f 2362/2901/2448 2361/2900/2447 2363/2902/2449
f 2363/2902/2449 2203/2698/1408 1384/2899/1475
f 2364/2903/2450 2361/2900/2447 2198/2693/2288
f 2361/2900/2447 2364/2903/2450 2363/2902/2449
f 2363/2902/2449 2364/2903/2450 2203/2698/1408
f 2196/2691/2286 2364/2903/2450 2198/2693/2288
f 2364/2903/2450 2196/2691/2286 2203/2698/1408
f 1/2/2 4100/1/2451 2365/3/3
f 4100/1/2451 2366/4/2452 2365/3/3
f 2367/5/5 2365/3/3 2366/4/2452
f 4100/1/2451 4103/6/2453 2366/4/2452
f 2368/7/2454 2367/5/5 2366/4/2452
f 6/8/8 2367/5/5 2368/7/2454
f 4103/6/2453 2369/9/2455 2366/4/2452
f 2368/7/2454 2366/4/2452 2369/9/2455
f 2369/9/2455 4103/6/2453 2370/10/2456
f 4103/6/2453 2371/11/2457 2370/10/2456
f 2371/11/2457 4110/12/2458 2370/10/2456
f 2372/13/2459 6/8/8 2368/7/2454
f 11/14/14 6/8/8 2372/13/2459
f 2373/15/2460 2368/7/2454 2369/9/2455
f 2373/15/2460 2369/9/2455 2370/10/2456
f 2368/7/2454 2373/15/2460 2372/13/2459
f 2374/16/2461 11/14/14 2372/13/2459
f 2375/17/17 11/14/14 2374/16/2461
f 2373/15/2460 2376/18/2462 2372/13/2459
f 2374/16/2461 2372/13/2459 2376/18/2462
f 2377/19/2463 2375/17/17 2374/16/2461
f 2378/20/20 2375/17/17 2377/19/2463
f 2379/21/2464 2373/15/2460 2370/10/2456
f 2376/18/2462 2373/15/2460 2379/21/2464
f 2380/22/2465 2374/16/2461 2376/18/2462
f 2374/16/2461 2380/22/2465 2377/19/2463
f 2381/23/2466 2376/18/2462 2379/21/2464
f 2380/22/2465 2376/18/2462 2381/23/2466
f 2379/21/2464 2370/10/2456 2382/24/2467
f 2381/23/2466 2379/21/2464 2382/24/2467
f 2370/10/2456 2383/25/2468 2382/24/2467
f 4110/12/2458 2383/25/2468 2370/10/2456
f 2383/25/2468 4110/12/2458 2384/26/2469
f 2382/24/2467 2383/25/2468 2384/26/2469
f 4110/12/2458 4112/27/2470 2384/26/2469
f 2385/28/2471 2384/26/2469 4112/27/2470
f 2386/29/2472 2385/28/2471 4112/27/2470
f 2385/28/2471 2386/29/2472 2387/30/2473
f 2388/31/2474 2382/24/2467 2384/26/2469
f 2384/26/2469 2385/28/2471 2388/31/2474
f 2389/32/2475 2381/23/2466 2382/24/2467
f 2389/32/2475 2382/24/2467 2388/31/2474
f 2390/33/2476 2380/22/2465 2381/23/2466
f 2381/23/2466 2389/32/2475 2391/34/2477
f 2390/33/2476 2381/23/2466 2391/34/2477
f 2392/35/2478 2380/22/2465 2390/33/2476
f 2380/22/2465 2392/35/2478 2377/19/2463
f 2393/36/2479 2389/32/2475 2388/31/2474
f 2391/34/2477 2389/32/2475 2393/36/2479
f 2394/37/2480 2390/33/2476 2391/34/2477
f 2394/37/2480 2392/35/2478 2390/33/2476
f 2377/19/2463 2392/35/2478 2395/38/2481
f 2395/38/2481 2378/20/20 2377/19/2463
f 2392/35/2478 2394/37/2480 2396/39/2482
f 2395/38/2481 2392/35/2478 2396/39/2482
f 2397/40/2483 2394/37/2480 2391/34/2477
f 2394/37/2480 2397/40/2483 2396/39/2482
f 2378/20/20 2395/38/2481 2398/41/2484
f 35/42/42 2378/20/20 2398/41/2484
f 2398/41/2484 2399/43/2485 35/42/42
f 2399/43/2485 37/44/44 35/42/42
f 37/44/44 2399/43/2485 2400/45/45
f 2398/41/2484 2395/38/2481 2401/46/2486
f 2395/38/2481 2396/39/2482 2401/46/2486
f 2398/41/2484 2401/46/2486 2399/43/2485
f 2397/40/2483 2391/34/2477 2402/47/2487
f 2402/47/2487 2391/34/2477 2393/36/2479
f 2397/40/2483 2403/48/2488 2396/39/2482
f 2396/39/2482 2403/48/2488 2401/46/2486
f 2399/43/2485 2404/49/2489 2400/45/45
f 2400/45/45 2404/49/2489 42/50/50
f 2405/51/2490 2397/40/2483 2402/47/2487
f 2397/40/2483 2405/51/2490 2403/48/2488
f 2402/47/2487 2393/36/2479 2406/52/2491
f 2405/51/2490 2402/47/2487 2407/53/2492
f 2402/47/2487 2406/52/2491 2407/53/2492
f 2405/51/2490 2408/54/2493 2403/48/2488
f 2405/51/2490 2407/53/2492 2408/54/2493
f 2403/48/2488 2409/55/2494 2401/46/2486
f 2403/48/2488 2408/54/2493 2409/55/2494
f 2401/46/2486 2410/56/2495 2399/43/2485
f 2410/56/2495 2401/46/2486 2409/55/2494
f 2404/49/2489 2399/43/2485 2411/57/2496
f 2399/43/2485 2410/56/2495 2411/57/2496
f 2411/57/2496 2410/56/2495 2412/58/2497
f 2410/56/2495 2409/55/2494 2413/59/2498
f 2410/56/2495 2413/59/2498 2412/58/2497
f 2408/54/2493 2414/60/2499 2409/55/2494
f 2409/55/2494 2414/60/2499 2413/59/2498
f 2415/61/2500 2404/49/2489 2411/57/2496
f 2404/49/2489 2415/61/2500 42/50/50
f 2415/61/2500 2411/57/2496 2416/62/2501
f 2416/62/2501 2411/57/2496 2412/58/2497
f 42/50/50 2415/61/2500 2417/63/2502
f 2415/61/2500 2416/62/2501 2417/63/2502
f 2418/64/64 42/50/50 2417/63/2502
f 2408/54/2493 2419/65/2503 2414/60/2499
f 2407/53/2492 2419/65/2503 2408/54/2493
f 2417/63/2502 2420/66/2504 2418/64/64
f 2420/66/2504 58/67/67 2418/64/64
f 58/67/67 2420/66/2504 2421/68/68
f 2420/66/2504 2422/69/2505 2421/68/68
f 2420/66/2504 2417/63/2502 2422/69/2505
f 2421/68/68 2422/69/2505 60/70/70
f 2417/63/2502 2423/71/2506 2422/69/2505
f 2422/69/2505 2423/71/2506 60/70/70
f 2416/62/2501 2423/71/2506 2417/63/2502
f 2423/71/2506 62/72/72 60/70/70
f 2423/71/2506 2416/62/2501 62/72/72
f 2416/62/2501 2424/73/73 62/72/72
f 2416/62/2501 2412/58/2497 2424/73/73
f 2412/58/2497 63/74/74 2424/73/73
f 63/74/74 2412/58/2497 2425/75/75
f 2412/58/2497 2426/76/2507 2425/75/75
f 2412/58/2497 2413/59/2498 2426/76/2507
f 2426/76/2507 2427/77/2508 2425/75/75
f 2413/59/2498 2427/77/2508 2426/76/2507
f 2427/77/2508 66/78/78 2425/75/75
f 2413/59/2498 2414/60/2499 2427/77/2508
f 2427/77/2508 2428/79/2509 66/78/78
f 2414/60/2499 2428/79/2509 2427/77/2508
f 2428/79/2509 2429/80/80 66/78/78
f 2419/65/2503 2428/79/2509 2414/60/2499
f 2428/79/2509 2419/65/2503 2429/80/80
f 2419/65/2503 68/81/81 2429/80/80
f 2419/65/2503 2407/53/2492 68/81/81
f 2407/53/2492 69/82/82 68/81/81
f 69/82/82 2407/53/2492 2406/52/2491
f 70/83/83 69/82/82 2406/52/2491
f 2406/52/2491 2430/84/2510 70/83/83
f 2430/84/2510 2431/85/85 70/83/83
f 2406/52/2491 2432/86/2511 2430/84/2510
f 2393/36/2479 2432/86/2511 2406/52/2491
f 2393/36/2479 2388/31/2474 2432/86/2511
f 2431/85/85 2430/84/2510 2433/87/2512
f 2430/84/2510 2432/86/2511 2433/87/2512
f 74/88/88 2431/85/85 2433/87/2512
f 74/88/88 2433/87/2512 75/89/89
f 2388/31/2474 2434/90/2513 2432/86/2511
f 2432/86/2511 2434/90/2513 2433/87/2512
f 2385/28/2471 2434/90/2513 2388/31/2474
f 2433/87/2512 2434/90/2513 2435/91/2514
f 2434/90/2513 2385/28/2471 2435/91/2514
f 2433/87/2512 2435/91/2514 75/89/89
f 2435/91/2514 2385/28/2471 2387/30/2473
f 75/89/89 2435/91/2514 2387/30/2473
f 354/92/92 75/89/89 2387/30/2473
f 3098/94/2515 2437/93/2516 2436/95/2517
f 2437/93/2516 2438/96/2518 2436/95/2517
f 2436/95/2517 2438/96/2518 2439/97/2519
f 2440/98/2520 2436/95/2517 2439/97/2519
f 2438/96/2518 2437/93/2516 3159/99/2521
f 2441/100/2522 2440/98/2520 2439/97/2519
f 2442/101/2523 2438/96/2518 3159/99/2521
f 2439/97/2519 2438/96/2518 2442/101/2523
f 3159/99/2521 2443/102/2524 2442/101/2523
f 2443/102/2524 2444/103/2525 2442/101/2523
f 2442/101/2523 2444/103/2525 2439/97/2519
f 2444/103/2525 2443/102/2524 2768/104/2526
f 2445/105/2527 2441/100/2522 2439/97/2519
f 2446/106/2528 2441/100/2522 2445/105/2527
f 2447/107/2529 2444/103/2525 2768/104/2526
f 2768/104/2526 2769/108/2530 2447/107/2529
f 2444/103/2525 2448/109/2531 2439/97/2519
f 2445/105/2527 2439/97/2519 2448/109/2531
f 2449/110/2532 2446/106/2528 2445/105/2527
f 2450/111/2533 2446/106/2528 2449/110/2532
f 2444/103/2525 2447/107/2529 2451/112/2534
f 2448/109/2531 2444/103/2525 2451/112/2534
f 2448/109/2531 2451/112/2534 2452/113/2535
f 2453/114/2536 2448/109/2531 2452/113/2535
f 2453/114/2536 2445/105/2527 2448/109/2531
f 2449/110/2532 2445/105/2527 2453/114/2536
f 2769/108/2530 2454/115/2537 2447/107/2529
f 2451/112/2534 2447/107/2529 2454/115/2537
f 2455/116/2538 2450/111/2533 2449/110/2532
f 2532/117/2539 2450/111/2533 2455/116/2538
f 2456/118/2540 2449/110/2532 2453/114/2536
f 2456/118/2540 2453/114/2536 2452/113/2535
f 2455/116/2538 2449/110/2532 2456/118/2540
f 2457/119/2541 2454/115/2537 2769/108/2530
f 3994/120/2542 2457/119/2541 2769/108/2530
f 2457/119/2541 3994/120/2542 3997/121/2543
f 2458/122/2544 2451/112/2534 2454/115/2537
f 2451/112/2534 2458/122/2544 2452/113/2535
f 2454/115/2537 2457/119/2541 2459/123/2545
f 2458/122/2544 2454/115/2537 2459/123/2545
f 2460/124/2546 2532/117/2539 2455/116/2538
f 2532/117/2539 2460/124/2546 3864/125/2547
f 2461/126/2548 2532/117/2539 3864/125/2547
f 3864/125/2547 2460/124/2546 3868/127/2549
f 2460/124/2546 2455/116/2538 2462/128/2550
f 2462/128/2550 2455/116/2538 2456/118/2540
f 2460/124/2546 2463/129/2551 3868/127/2549
f 2463/129/2551 2460/124/2546 2462/128/2550
f 3868/127/2549 2463/129/2551 2464/130/2552
f 2465/131/2553 2463/129/2551 2462/128/2550
f 2463/129/2551 2465/131/2553 2464/130/2552
f 2462/128/2550 2456/118/2540 2466/132/2554
f 2466/132/2554 2465/131/2553 2462/128/2550
f 2464/130/2552 2465/131/2553 2467/133/2555
f 2468/134/2556 2464/130/2552 2467/133/2555
f 3876/135/2557 2468/134/2556 2467/133/2555
f 2456/118/2540 2469/136/2558 2466/132/2554
f 2469/136/2558 2456/118/2540 2452/113/2535
f 2466/132/2554 2469/136/2558 2470/137/2559
f 2470/137/2559 2469/136/2558 2452/113/2535
f 2465/131/2553 2466/132/2554 2471/138/2560
f 2471/138/2560 2466/132/2554 2470/137/2559
f 2467/133/2555 2465/131/2553 2472/139/2561
f 2472/139/2561 2465/131/2553 2471/138/2560
f 2473/140/2562 3876/135/2557 2467/133/2555
f 2473/140/2562 2467/133/2555 2472/139/2561
f 3876/135/2557 2473/140/2562 2474/141/2563
f 2473/140/2562 2472/139/2561 2474/141/2563
f 2475/142/2564 3876/135/2557 2474/141/2563
f 3880/143/2565 2475/142/2564 2474/141/2563
f 2472/139/2561 2471/138/2560 2476/144/2566
f 2471/138/2560 2470/137/2559 2476/144/2566
f 2472/139/2561 2477/145/2567 2474/141/2563
f 2477/145/2567 3880/143/2565 2474/141/2563
f 2477/145/2567 2472/139/2561 2476/144/2566
f 3880/143/2565 2477/145/2567 2478/146/2568
f 2478/146/2568 2477/145/2567 2476/144/2566
f 3882/147/2569 3880/143/2565 2478/146/2568
f 3882/147/2569 2478/146/2568 2479/148/2570
f 3885/149/2571 3882/147/2569 2479/148/2570
f 3885/149/2571 2479/148/2570 2480/150/2572
f 2481/151/2573 2478/146/2568 2476/144/2566
f 2479/148/2570 2478/146/2568 2481/151/2573
f 2470/137/2559 2482/152/2574 2476/144/2566
f 2476/144/2566 2482/152/2574 2481/151/2573
f 2479/148/2570 2483/153/2575 2480/150/2572
f 2480/150/2572 2483/153/2575 3894/154/2576
f 2484/155/2577 2479/148/2570 2481/151/2573
f 2483/153/2575 2479/148/2570 2484/155/2577
f 2482/152/2574 2470/137/2559 2485/156/2578
f 2485/156/2578 2470/137/2559 2452/113/2535
f 2481/151/2573 2486/157/2579 2484/155/2577
f 2482/152/2574 2486/157/2579 2481/151/2573
f 2485/156/2578 2452/113/2535 2487/158/2580
f 2458/122/2544 2487/158/2580 2452/113/2535
f 2487/158/2580 2458/122/2544 2488/159/2581
f 2488/159/2581 2485/156/2578 2487/158/2580
f 2458/122/2544 2459/123/2545 2488/159/2581
f 2489/160/2582 2482/152/2574 2485/156/2578
f 2489/160/2582 2485/156/2578 2488/159/2581
f 2488/159/2581 2459/123/2545 2490/161/2583
f 2459/123/2545 2457/119/2541 2490/161/2583
f 2486/157/2579 2482/152/2574 2491/162/2584
f 2482/152/2574 2489/160/2582 2491/162/2584
f 2486/157/2579 2491/162/2584 2492/163/2585
f 2486/157/2579 2493/164/2586 2484/155/2577
f 2493/164/2586 2486/157/2579 2492/163/2585
f 2484/155/2577 2493/164/2586 2494/165/2587
f 2494/165/2587 2483/153/2575 2484/155/2577
f 2483/153/2575 2494/165/2587 2495/166/2588
f 2493/164/2586 2496/167/2589 2494/165/2587
f 2496/167/2589 2493/164/2586 2492/163/2585
f 2494/165/2587 2496/167/2589 2495/166/2588
f 2488/159/2581 2490/161/2583 2497/168/2590
f 2497/168/2590 2489/160/2582 2488/159/2581
f 2457/119/2541 2498/169/2591 2490/161/2583
f 2498/169/2591 2457/119/2541 3997/121/2543
f 2491/162/2584 2489/160/2582 2499/170/2592
f 2492/163/2585 2491/162/2584 2499/170/2592
f 2490/161/2583 2500/171/2593 2497/168/2590
f 2500/171/2593 2490/161/2583 2498/169/2591
f 2498/169/2591 3997/121/2543 2501/172/2594
f 2501/172/2594 2500/171/2593 2498/169/2591
f 3997/121/2543 2502/173/2595 2501/172/2594
f 2501/172/2594 2502/173/2595 3087/174/2596
f 2489/160/2582 2497/168/2590 2503/175/2597
f 2497/168/2590 2500/171/2593 2503/175/2597
f 2489/160/2582 2503/175/2597 2499/170/2592
f 2504/176/2598 2501/172/2594 3087/174/2596
f 2500/171/2593 2501/172/2594 2504/176/2598
f 2503/175/2597 2500/171/2593 2504/176/2598
f 2504/176/2598 3087/174/2596 2505/177/2599
f 2503/175/2597 2504/176/2598 2506/178/2600
f 2506/178/2600 2504/176/2598 2505/177/2599
f 2499/170/2592 2503/175/2597 2506/178/2600
f 2506/178/2600 2505/177/2599 2507/179/2601
f 2505/177/2599 3086/180/2602 2507/179/2601
f 2508/181/2603 2499/170/2592 2506/178/2600
f 2507/179/2601 2508/181/2603 2506/178/2600
f 2509/182/2604 2507/179/2601 3086/180/2602
f 2510/183/2605 2509/182/2604 3086/180/2602
f 2509/182/2604 2510/183/2605 2511/184/2606
f 2499/170/2592 2508/181/2603 2512/185/2607
f 2512/185/2607 2492/163/2585 2499/170/2592
f 2513/186/2608 2508/181/2603 2507/179/2601
f 2509/182/2604 2513/186/2608 2507/179/2601
f 2508/181/2603 2513/186/2608 2512/185/2607
f 2514/187/2609 2509/182/2604 2511/184/2606
f 2513/186/2608 2509/182/2604 2514/187/2609
f 2514/187/2609 2511/184/2606 3088/188/2610
f 2492/163/2585 2512/185/2607 2515/189/2611
f 2512/185/2607 2513/186/2608 2515/189/2611
f 2516/190/2612 2514/187/2609 3088/188/2610
f 2516/190/2612 3088/188/2610 2517/191/2613
f 2518/192/2614 2513/186/2608 2514/187/2609
f 2513/186/2608 2518/192/2614 2515/189/2611
f 2518/192/2614 2514/187/2609 2516/190/2612
f 2519/193/2615 2492/163/2585 2515/189/2611
f 2519/193/2615 2496/167/2589 2492/163/2585
f 2520/194/2616 2496/167/2589 2519/193/2615
f 2496/167/2589 2520/194/2616 2495/166/2588
f 2521/195/2617 2519/193/2615 2515/189/2611
f 2521/195/2617 2520/194/2616 2519/193/2615
f 2515/189/2611 2518/192/2614 2522/196/2618
f 2522/196/2618 2521/195/2617 2515/189/2611
f 2523/197/2619 2518/192/2614 2516/190/2612
f 2518/192/2614 2523/197/2619 2522/196/2618
f 2523/197/2619 2516/190/2612 2524/198/2620
f 2523/197/2619 2524/198/2620 2522/196/2618
f 2525/199/2621 2516/190/2612 2517/191/2613
f 2516/190/2612 2525/199/2621 2524/198/2620
f 2526/200/2622 2525/199/2621 2517/191/2613
f 2525/199/2621 2526/200/2622 2524/198/2620
f 3092/201/2623 2526/200/2622 2517/191/2613
f 2526/200/2622 3092/201/2623 3094/202/2624
f 3094/202/2624 3098/203/2515 2526/200/2622
f 3098/203/2515 2436/204/2517 2526/200/2622
f 2524/198/2620 2527/205/2625 2522/196/2618
f 2526/200/2622 2527/205/2625 2524/198/2620
f 2527/205/2625 2526/200/2622 2436/204/2517
f 2521/195/2617 2522/196/2618 2527/205/2625
f 2440/206/2520 2527/205/2625 2436/204/2517
f 2528/207/2626 2521/195/2617 2527/205/2625
f 2528/207/2626 2527/205/2625 2440/206/2520
f 2520/194/2616 2521/195/2617 2528/207/2626
f 2441/208/2522 2528/207/2626 2440/206/2520
f 2529/209/2627 2520/194/2616 2528/207/2626
f 2529/209/2627 2528/207/2626 2441/208/2522
f 2446/210/2528 2529/209/2627 2441/208/2522
f 2495/166/2588 2520/194/2616 2529/209/2627
f 2530/211/2628 2529/209/2627 2446/210/2528
f 2530/211/2628 2495/166/2588 2529/209/2627
f 2450/212/2533 2530/211/2628 2446/210/2528
f 2450/212/2533 2531/213/2629 2530/211/2628
f 2450/212/2533 2532/214/2539 2531/213/2629
f 2533/215/2630 2495/166/2588 2530/211/2628
f 2531/213/2629 2534/216/2631 2530/211/2628
f 2534/216/2631 2533/215/2630 2530/211/2628
f 2535/217/2632 2495/166/2588 2533/215/2630
f 2535/217/2632 2483/153/2575 2495/166/2588
f 2483/153/2575 2535/217/2632 3894/154/2576
f 2536/218/2633 2535/217/2632 2533/215/2630
f 3894/154/2576 2535/217/2632 2536/218/2633
f 2536/218/2633 2533/215/2630 2534/216/2631
f 3899/219/2634 3894/154/2576 2536/218/2633
f 2537/220/2635 2536/218/2633 2534/216/2631
f 3899/219/2634 2536/218/2633 2537/220/2635
f 2537/220/2635 2534/216/2631 2531/213/2629
f 3901/221/2636 3899/219/2634 2537/220/2635
f 2538/222/2637 2537/220/2635 2531/213/2629
f 3901/221/2636 2537/220/2635 2538/222/2637
f 2532/214/2539 2538/222/2637 2531/213/2629
f 3902/223/2638 3901/221/2636 2538/222/2637
f 2538/222/2637 2532/214/2539 3902/223/2638
f 2532/214/2539 2461/224/2548 3902/223/2638
f 2540/225/2639 2653/227/2640 2539/226/2641
f 2653/227/2640 2541/228/2642 2539/226/2641
f 2539/226/2641 2541/228/2642 2714/230/2643
f 2541/228/2642 2653/227/2640 2542/229/2644
f 2541/228/2642 2543/233/2645 2714/230/2643
f 2722/234/2646 2714/230/2643 2543/233/2645
f 2544/231/2647 2541/228/2642 2542/229/2644
f 2543/233/2645 2541/228/2642 2544/231/2647
f 2544/231/2647 2542/229/2644 2545/232/2648
f 2546/237/2649 2722/234/2646 2543/233/2645
f 2722/234/2646 2546/237/2649 2547/238/2650
f 2548/235/2651 2544/231/2647 2545/232/2648
f 2548/235/2651 2545/232/2648 2549/236/2652
f 2550/239/2653 2543/233/2645 2544/231/2647
f 2546/237/2649 2543/233/2645 2550/239/2653
f 2544/231/2647 2548/235/2651 2550/239/2653
f 2546/237/2649 2551/243/2654 2547/238/2650
f 2552/242/2655 2546/237/2649 2550/239/2653
f 2551/243/2654 2546/237/2649 2552/242/2655
f 2548/235/2651 2553/241/2656 2550/239/2653
f 2552/242/2655 2550/239/2653 2553/241/2656
f 2554/240/2657 2548/235/2651 2549/236/2652
f 2553/241/2656 2548/235/2651 2554/240/2657
f 2547/238/2650 2551/243/2654 2555/244/2658
f 2556/245/2659 2547/238/2650 2555/244/2658
f 2557/246/2660 2551/243/2654 2552/242/2655
f 2555/244/2658 2551/243/2654 2557/246/2660
f 2555/244/2658 2558/247/2661 2556/245/2659
f 2558/247/2661 2555/244/2658 2557/246/2660
f 2558/247/2661 3966/248/2662 2556/245/2659
f 3966/248/2662 2558/247/2661 2559/249/2663
f 2557/246/2660 2559/249/2663 2558/247/2661
f 3969/250/2664 3966/248/2662 2559/249/2663
f 2560/251/2665 2557/246/2660 2552/242/2655
f 2560/251/2665 2552/242/2655 2553/241/2656
f 2559/249/2663 2561/252/2666 3969/250/2664
f 2561/252/2666 2562/253/2667 3969/250/2664
f 2562/253/2667 2561/252/2666 2563/254/2668
f 2557/246/2660 2564/255/2669 2559/249/2663
f 2557/246/2660 2560/251/2665 2564/255/2669
f 2561/252/2666 2559/249/2663 2564/255/2669
f 2565/256/2670 2564/255/2669 2560/251/2665
f 2560/251/2665 2553/241/2656 2566/257/2671
f 2566/257/2671 2565/256/2670 2560/251/2665
f 2553/241/2656 2567/258/2672 2566/257/2671
f 2567/258/2672 2553/241/2656 2554/240/2657
f 2568/259/2673 2566/257/2671 2567/258/2672
f 2565/256/2670 2566/257/2671 2568/259/2673
f 2569/260/2674 2567/258/2672 2554/240/2657
f 2569/260/2674 2568/259/2673 2567/258/2672
f 2570/261/2675 2569/260/2674 2554/240/2657
f 2570/261/2675 2554/240/2657 2549/236/2652
f 2571/262/2676 2570/261/2675 2549/236/2652
f 2572/263/2677 2570/261/2675 2571/262/2676
f 2573/264/2678 2572/263/2677 2571/262/2676
f 2573/264/2678 2574/265/2679 2572/263/2677
f 2575/266/2680 2569/260/2674 2570/261/2675
f 2572/263/2677 2575/266/2680 2570/261/2675
f 2574/265/2679 2576/267/2681 2572/263/2677
f 2576/267/2681 2575/266/2680 2572/263/2677
f 2575/266/2680 2577/268/2682 2569/260/2674
f 2577/268/2682 2568/259/2673 2569/260/2674
f 2578/269/2683 2576/267/2681 2574/265/2679
f 2579/270/2684 2578/269/2683 2574/265/2679
f 2576/267/2681 2580/271/2685 2575/266/2680
f 2580/271/2685 2577/268/2682 2575/266/2680
f 2578/269/2683 2581/272/2686 2576/267/2681
f 2581/272/2686 2580/271/2685 2576/267/2681
f 2582/273/2687 2578/269/2683 2579/270/2684
f 2626/274/2688 2582/273/2687 2579/270/2684
f 2583/275/2689 2581/272/2686 2578/269/2683
f 2582/273/2687 2583/275/2689 2578/269/2683
f 2584/276/2690 2582/273/2687 2626/274/2688
f 2585/277/2691 2584/276/2690 2626/274/2688
f 2584/276/2690 2585/277/2691 4337/278/2692
f 2586/279/2693 2584/276/2690 4337/278/2692
f 2584/276/2690 2587/280/2694 2582/273/2687
f 2587/280/2694 2584/276/2690 2586/279/2693
f 2587/280/2694 2583/275/2689 2582/273/2687
f 2588/281/2695 2587/280/2694 2586/279/2693
f 2589/282/2696 2587/280/2694 2588/281/2695
f 2587/280/2694 2589/282/2696 2583/275/2689
f 4328/283/2697 2589/282/2696 2588/281/2695
f 2583/275/2689 2590/284/2698 2581/272/2686
f 2589/282/2696 2590/284/2698 2583/275/2689
f 2581/272/2686 2591/287/2699 2580/271/2685
f 2590/284/2698 2591/287/2699 2581/272/2686
f 2592/285/2700 2589/282/2696 4328/283/2697
f 2593/286/2701 2592/285/2700 4328/283/2697
f 2590/284/2698 2589/282/2696 2594/288/2702
f 2589/282/2696 2592/285/2700 2594/288/2702
f 2595/289/2703 2592/285/2700 2593/286/2701
f 4325/290/2704 2595/289/2703 2593/286/2701
f 2591/287/2699 2596/291/2705 2580/271/2685
f 2580/271/2685 2596/291/2705 2577/268/2682
f 2591/287/2699 2590/284/2698 2597/292/2706
f 2590/284/2698 2594/288/2702 2597/292/2706
f 2594/288/2702 2592/285/2700 2598/293/2707
f 2592/285/2700 2595/289/2703 2598/293/2707
f 2595/289/2703 4325/290/2704 2599/294/2708
f 4325/290/2704 2600/295/2709 2599/294/2708
f 2596/291/2705 2601/297/2710 2577/268/2682
f 2577/268/2682 2601/297/2710 2568/259/2673
f 2596/291/2705 2591/287/2699 2602/296/2711
f 2591/287/2699 2597/292/2706 2602/296/2711
f 2596/291/2705 2602/296/2711 2601/297/2710
f 2601/297/2710 2603/298/2712 2568/259/2673
f 2603/298/2712 2565/256/2670 2568/259/2673
f 2594/288/2702 2598/293/2707 2604/299/2713
f 2597/292/2706 2594/288/2702 2604/299/2713
f 2598/293/2707 2595/289/2703 2605/300/2714
f 2595/289/2703 2599/294/2708 2605/300/2714
f 2598/293/2707 2605/300/2714 2606/303/2715
f 2604/299/2713 2598/293/2707 2606/303/2715
f 2605/300/2714 2599/294/2708 2607/304/2716
f 2606/303/2715 2605/300/2714 2607/304/2716
f 2602/296/2711 2608/401/2717 2601/297/2710
f 2601/297/2710 2608/401/2717 2603/298/2712
f 2599/294/2708 2609/301/2718 2607/304/2716
f 2609/301/2718 2599/294/2708 2600/295/2709
f 4319/302/2719 2609/301/2718 2600/295/2709
f 2610/305/2720 2609/301/2718 4319/302/2719
f 2611/306/2721 2610/305/2720 4319/302/2719
f 2607/304/2716 2609/301/2718 2612/307/2722
f 2609/301/2718 2610/305/2720 2612/307/2722
f 2610/305/2720 2611/306/2721 2613/308/2723
f 2611/306/2721 4316/309/2724 2613/308/2723
f 4316/309/2724 4313/310/2725 2613/308/2723
f 2614/311/2726 2610/305/2720 2613/308/2723
f 4313/310/2725 2615/312/2727 2613/308/2723
f 2615/312/2727 2614/311/2726 2613/308/2723
f 2615/312/2727 4313/310/2725 2616/313/2728
f 2614/311/2726 2615/312/2727 2616/313/2728
f 4313/310/2725 4312/314/2729 2616/313/2728
f 4312/314/2729 2617/315/2730 2616/313/2728
f 2617/315/2730 2618/316/2731 2616/313/2728
f 2618/316/2731 2614/311/2726 2616/313/2728
f 2618/316/2731 2617/315/2730 2619/317/2732
f 2610/305/2720 2614/311/2726 2620/318/2733
f 2612/307/2722 2610/305/2720 2620/318/2733
f 2621/319/2734 2618/316/2731 2619/317/2732
f 2621/319/2734 2619/317/2732 4289/320/2735
f 2614/311/2726 2618/316/2731 2622/321/2736
f 2620/318/2733 2614/311/2726 2622/321/2736
f 2623/322/2737 2621/319/2734 4289/320/2735
f 2623/322/2737 4289/320/2735 4337/323/2692
f 2585/324/2691 2623/322/2737 4337/323/2692
f 2618/316/2731 2621/319/2734 2624/325/2738
f 2621/319/2734 2623/322/2737 2624/325/2738
f 2622/321/2736 2618/316/2731 2624/325/2738
f 2623/322/2737 2585/324/2691 2625/326/2739
f 2623/322/2737 2625/326/2739 2624/325/2738
f 2585/324/2691 2626/327/2688 2625/326/2739
f 2622/321/2736 2624/325/2738 2627/328/2740
f 2624/325/2738 2625/326/2739 2627/328/2740
f 2625/326/2739 2626/327/2688 2628/329/2741
f 2625/326/2739 2628/329/2741 2627/328/2740
f 2626/327/2688 2579/330/2684 2628/329/2741
f 2620/318/2733 2622/321/2736 2629/331/2742
f 2629/331/2742 2622/321/2736 2627/328/2740
f 2627/328/2740 2628/329/2741 2630/334/2743
f 2629/331/2742 2627/328/2740 2630/334/2743
f 2628/329/2741 2579/330/2684 2631/332/2744
f 2628/329/2741 2631/332/2744 2630/334/2743
f 2579/330/2684 2574/333/2679 2631/332/2744
f 2632/335/2745 2620/318/2733 2629/331/2742
f 2612/307/2722 2620/318/2733 2632/335/2745
f 2633/338/2746 2629/331/2742 2630/334/2743
f 2632/335/2745 2629/331/2742 2633/338/2746
f 2630/334/2743 2631/332/2744 2634/339/2747
f 2633/338/2746 2630/334/2743 2634/339/2747
f 2631/332/2744 2574/333/2679 2635/336/2748
f 2631/332/2744 2635/336/2748 2634/339/2747
f 2574/333/2679 2573/337/2678 2635/336/2748
f 2636/340/2749 2612/307/2722 2632/335/2745
f 2612/307/2722 2636/340/2749 2607/304/2716
f 2637/344/2750 2632/335/2745 2633/338/2746
f 2636/340/2749 2632/335/2745 2637/344/2750
f 2638/345/2751 2633/338/2746 2634/339/2747
f 2637/344/2750 2633/338/2746 2638/345/2751
f 2634/339/2747 2635/336/2748 2639/343/2752
f 2638/345/2751 2634/339/2747 2639/343/2752
f 2635/336/2748 2573/337/2678 2640/341/2753
f 2635/336/2748 2640/341/2753 2639/343/2752
f 2573/337/2678 2571/342/2676 2640/341/2753
f 2636/340/2749 2641/346/2754 2607/304/2716
f 2641/346/2754 2606/303/2715 2607/304/2716
f 2642/354/2755 2636/340/2749 2637/344/2750
f 2636/340/2749 2642/354/2755 2641/346/2754
f 2643/355/2756 2637/344/2750 2638/345/2751
f 2642/354/2755 2637/344/2750 2643/355/2756
f 2644/353/2757 2638/345/2751 2639/343/2752
f 2643/355/2756 2638/345/2751 2644/353/2757
f 2639/343/2752 2640/341/2753 2645/350/2758
f 2639/343/2752 2645/350/2758 2644/353/2757
f 2640/341/2753 2571/342/2676 2646/347/2759
f 2640/341/2753 2646/347/2759 2645/350/2758
f 2571/342/2676 2549/348/2652 2646/347/2759
f 2549/348/2652 2545/349/2648 2646/347/2759
f 2545/349/2648 2647/351/2760 2646/347/2759
f 2646/347/2759 2647/351/2760 2645/350/2758
f 2545/349/2648 2542/352/2644 2647/351/2760
f 2642/354/2755 2648/359/2761 2641/346/2754
f 2606/303/2715 2641/346/2754 2648/359/2761
f 2649/361/2762 2642/354/2755 2643/355/2756
f 2648/359/2761 2642/354/2755 2649/361/2762
f 2650/362/2763 2643/355/2756 2644/353/2757
f 2649/361/2762 2643/355/2756 2650/362/2763
f 2645/350/2758 2651/360/2764 2644/353/2757
f 2644/353/2757 2651/360/2764 2650/362/2763
f 2542/352/2644 2652/356/2765 2647/351/2760
f 2542/352/2644 2653/357/2640 2652/356/2765
f 2647/351/2760 2654/358/2766 2645/350/2758
f 2645/350/2758 2654/358/2766 2651/360/2764
f 2647/351/2760 2652/356/2765 2654/358/2766
f 2655/366/2767 2606/303/2715 2648/359/2761
f 2604/299/2713 2606/303/2715 2655/366/2767
f 2656/370/2768 2648/359/2761 2649/361/2762
f 2656/370/2768 2655/366/2767 2648/359/2761
f 2657/371/2769 2604/299/2713 2655/366/2767
f 2657/371/2769 2655/366/2767 2656/370/2768
f 2597/292/2706 2604/299/2713 2657/371/2769
f 2653/357/2640 2658/363/2770 2652/356/2765
f 2658/363/2770 2653/357/2640 2540/364/2639
f 2707/365/2771 2658/363/2770 2540/364/2639
f 2652/356/2765 2659/367/2772 2654/358/2766
f 2652/356/2765 2658/363/2770 2659/367/2772
f 2660/368/2773 2658/363/2770 2707/365/2771
f 2658/363/2770 2660/368/2773 2659/367/2772
f 2703/369/2774 2660/368/2773 2707/365/2771
f 2661/380/2775 2597/292/2706 2657/371/2769
f 2602/296/2711 2597/292/2706 2661/380/2775
f 2662/372/2776 2654/358/2766 2659/367/2772
f 2654/358/2766 2662/372/2776 2651/360/2764
f 2663/373/2777 2660/368/2773 2703/369/2774
f 2702/374/2778 2663/373/2777 2703/369/2774
f 2702/374/2778 4114/375/2779 2663/373/2777
f 4114/375/2779 4116/376/2780 2663/373/2777
f 2659/367/2772 2660/368/2773 2664/377/2781
f 2660/368/2773 2663/373/2777 2664/377/2781
f 2664/377/2781 2662/372/2776 2659/367/2772
f 4116/376/2780 2665/378/2782 2663/373/2777
f 2664/377/2781 2663/373/2777 2665/378/2782
f 2664/377/2781 2665/378/2782 2662/372/2776
f 4116/376/2780 4120/379/2783 2665/378/2782
f 2602/296/2711 2661/380/2775 2666/387/2784
f 2608/401/2717 2602/296/2711 2666/387/2784
f 4120/379/2783 2667/381/2785 2665/378/2782
f 2667/381/2785 4120/379/2783 2668/382/2786
f 2669/383/2787 2667/381/2785 2668/382/2786
f 2668/382/2786 4128/384/2788 2669/383/2787
f 2665/378/2782 2670/385/2789 2662/372/2776
f 2665/378/2782 2667/381/2785 2670/385/2789
f 2670/385/2789 2671/388/2790 2662/372/2776
f 2671/388/2790 2651/360/2764 2662/372/2776
f 2651/360/2764 2671/388/2790 2650/362/2763
f 2667/381/2785 2672/389/2791 2670/385/2789
f 2672/389/2791 2667/381/2785 2669/383/2787
f 2670/385/2789 2672/389/2791 2671/388/2790
f 2650/362/2763 2671/388/2790 2673/390/2792
f 2673/390/2792 2649/361/2762 2650/362/2763
f 2656/370/2768 2649/361/2762 2673/390/2792
f 2671/388/2790 2674/392/2793 2673/390/2792
f 2672/389/2791 2674/392/2793 2671/388/2790
f 2675/391/2794 2656/370/2768 2673/390/2792
f 2673/390/2792 2674/392/2793 2675/391/2794
f 2676/394/2795 2674/392/2793 2672/389/2791
f 2674/392/2793 2676/394/2795 2675/391/2794
f 2677/386/2796 2656/370/2768 2675/391/2794
f 2677/386/2796 2657/371/2769 2656/370/2768
f 2661/380/2775 2657/371/2769 2677/386/2796
f 2666/387/2784 2661/380/2775 2677/386/2796
f 2678/393/2797 2677/386/2796 2675/391/2794
f 2666/387/2784 2677/386/2796 2678/393/2797
f 2675/391/2794 2676/394/2795 2678/393/2797
f 2679/399/2798 2666/387/2784 2678/393/2797
f 2608/401/2717 2666/387/2784 2679/399/2798
f 2680/395/2799 2676/394/2795 2672/389/2791
f 2680/395/2799 2672/389/2791 2669/383/2787
f 2680/395/2799 2669/383/2787 2681/396/2800
f 2676/394/2795 2682/398/2801 2678/393/2797
f 2678/393/2797 2682/398/2801 2679/399/2798
f 2680/395/2799 2683/397/2802 2676/394/2795
f 2683/397/2802 2680/395/2799 2681/396/2800
f 2683/397/2802 2682/398/2801 2676/394/2795
f 2683/397/2802 2684/400/2803 2682/398/2801
f 2684/400/2803 2683/397/2802 2681/396/2800
f 2685/402/2804 2608/401/2717 2679/399/2798
f 2608/401/2717 2685/402/2804 2603/298/2712
f 2682/398/2801 2686/403/2805 2679/399/2798
f 2684/400/2803 2686/403/2805 2682/398/2801
f 2603/298/2712 2685/402/2804 2687/404/2806
f 2603/298/2712 2687/404/2806 2565/256/2670
f 2685/402/2804 2679/399/2798 2688/405/2807
f 2679/399/2798 2686/403/2805 2688/405/2807
f 2685/402/2804 2689/406/2808 2687/404/2806
f 2689/406/2808 2685/402/2804 2688/405/2807
f 2689/406/2808 2690/407/2809 2687/404/2806
f 2690/407/2809 2689/406/2808 2688/405/2807
f 2687/404/2806 2691/408/2810 2565/256/2670
f 2690/407/2809 2691/408/2810 2687/404/2806
f 2565/256/2670 2691/408/2810 2692/409/2811
f 2691/408/2810 2690/407/2809 2692/409/2811
f 2564/255/2669 2565/256/2670 2692/409/2811
f 2686/403/2805 2693/410/2812 2688/405/2807
f 2693/410/2812 2690/407/2809 2688/405/2807
f 2693/410/2812 2686/403/2805 2694/411/2813
f 2690/407/2809 2693/410/2812 2694/411/2813
f 2686/403/2805 2684/400/2803 2694/411/2813
f 2695/412/2814 2564/255/2669 2692/409/2811
f 2684/400/2803 2695/412/2814 2694/411/2813
f 2695/412/2814 2561/252/2666 2564/255/2669
f 2690/407/2809 2696/413/2815 2692/409/2811
f 2696/413/2815 2690/407/2809 2694/411/2813
f 2695/412/2814 2696/413/2815 2694/411/2813
f 2696/413/2815 2695/412/2814 2692/409/2811
f 2684/400/2803 2697/414/2816 2695/412/2814
f 2697/414/2816 2561/252/2666 2695/412/2814
f 2561/252/2666 2697/414/2816 2563/254/2668
f 2697/414/2816 2684/400/2803 2681/396/2800
f 2563/254/2668 2697/414/2816 2681/396/2800
f 3983/415/2817 2563/254/2668 2681/396/2800
f 3983/415/2817 2681/396/2800 2698/416/2818
f 2699/417/2819 3983/415/2817 2698/416/2818
f 2698/416/2818 2681/396/2800 2669/383/2787
f 2699/417/2819 2698/416/2818 4128/384/2788
f 4128/384/2788 2700/418/2820 2669/383/2787
f 2700/418/2820 2698/416/2818 2669/383/2787
f 2698/416/2818 2700/418/2820 4128/384/2788
f 353/421/399 354/420/92 2387/419/2473
f 2701/422/2821 353/421/399 2387/419/2473
f 2701/422/2821 2387/419/2473 2386/423/2472
f 2702/424/2778 2701/422/2821 2386/423/2472
f 2702/424/2778 2703/425/2774 2701/422/2821
f 2701/422/2821 2704/426/2822 353/421/399
f 2703/425/2774 2704/426/2822 2701/422/2821
f 2704/426/2822 2705/427/402 353/421/399
f 2705/427/402 2704/426/2822 358/428/403
f 2704/426/2822 2703/425/2774 2706/429/2823
f 2704/426/2822 2706/429/2823 358/428/403
f 2703/425/2774 2707/430/2771 2706/429/2823
f 2706/429/2823 2707/430/2771 2708/431/2824
f 358/428/403 2706/429/2823 362/432/406
f 2706/429/2823 2708/431/2824 362/432/406
f 2707/430/2771 2540/433/2639 2708/431/2824
f 362/432/406 2708/431/2824 2709/434/2825
f 2710/435/408 362/432/406 2709/434/2825
f 2710/435/408 2709/434/2825 2711/436/2826
f 2709/434/2825 2708/431/2824 2711/436/2826
f 2712/437/410 2710/435/408 2711/436/2826
f 2540/433/2639 2713/438/2827 2708/431/2824
f 2539/439/2641 2713/438/2827 2540/433/2639
f 2713/438/2827 2539/439/2641 2714/440/2643
f 2708/431/2824 2715/441/2828 2711/436/2826
f 2713/438/2827 2715/441/2828 2708/431/2824
f 2712/437/410 2711/436/2826 2716/442/2829
f 370/443/414 2712/437/410 2716/442/2829
f 2715/441/2828 2717/444/2830 2711/436/2826
f 2715/441/2828 2713/438/2827 2717/444/2830
f 2717/444/2830 2716/442/2829 2711/436/2826
f 2718/445/2831 2713/438/2827 2714/440/2643
f 2713/438/2827 2718/445/2831 2717/444/2830
f 370/443/414 2716/442/2829 2719/446/2832
f 2720/447/418 370/443/414 2719/446/2832
f 2721/448/2833 2718/445/2831 2714/440/2643
f 2722/449/2646 2721/448/2833 2714/440/2643
f 2717/444/2830 2718/445/2831 2723/450/2834
f 2718/445/2831 2721/448/2833 2723/450/2834
f 2716/442/2829 2717/444/2830 2724/451/2835
f 2719/446/2832 2716/442/2829 2724/451/2835
f 2724/451/2835 2717/444/2830 2723/450/2834
f 2719/446/2832 2725/452/2836 2720/447/418
f 2725/452/2836 378/453/423 2720/447/418
f 378/453/423 2725/452/2836 379/454/424
f 2721/448/2833 2722/449/2646 2726/455/2837
f 2726/455/2837 2722/449/2646 2547/456/2650
f 2727/457/2838 2726/455/2837 2547/456/2650
f 2724/451/2835 2728/458/2839 2719/446/2832
f 2728/458/2839 2725/452/2836 2719/446/2832
f 2725/452/2836 2729/459/2840 379/454/424
f 379/454/424 2729/459/2840 383/460/429
f 2729/459/2840 2725/452/2836 2730/461/2841
f 2725/452/2836 2728/458/2839 2730/461/2841
f 2729/459/2840 2731/462/2842 383/460/429
f 2729/459/2840 2730/461/2841 2731/462/2842
f 383/460/429 2731/462/2842 2732/463/432
f 2733/464/2843 2728/458/2839 2724/451/2835
f 2733/464/2843 2724/451/2835 2723/450/2834
f 2730/461/2841 2728/458/2839 2734/465/2844
f 2728/458/2839 2733/464/2843 2734/465/2844
f 2733/464/2843 2723/450/2834 2735/466/2845
f 2734/465/2844 2733/464/2843 2735/466/2845
f 2736/467/2846 2730/461/2841 2734/465/2844
f 2730/461/2841 2736/467/2846 2731/462/2842
f 2735/466/2845 2723/450/2834 2737/468/2847
f 2723/450/2834 2721/448/2833 2737/468/2847
f 2737/468/2847 2721/448/2833 2726/455/2837
f 2738/469/2848 2737/468/2847 2726/455/2837
f 2737/468/2847 2738/469/2848 2735/466/2845
f 2734/465/2844 2735/466/2845 2739/470/2849
f 2739/470/2849 2736/467/2846 2734/465/2844
f 2740/471/2850 2738/469/2848 2726/455/2837
f 2740/471/2850 2726/455/2837 2727/457/2838
f 3967/472/2851 2740/471/2850 2727/457/2838
f 3976/473/2852 2740/471/2850 3967/472/2851
f 3976/473/2852 2741/474/2853 2740/471/2850
f 2741/474/2853 2738/469/2848 2740/471/2850
f 2741/474/2853 3976/473/2852 3986/475/2854
f 2738/469/2848 2742/476/2855 2735/466/2845
f 2735/466/2845 2742/476/2855 2739/470/2849
f 2742/476/2855 2738/469/2848 2743/477/2856
f 2738/469/2848 2741/474/2853 2743/477/2856
f 2743/477/2856 2739/470/2849 2742/476/2855
f 2744/478/2857 2741/474/2853 3986/475/2854
f 2743/477/2856 2741/474/2853 2744/478/2857
f 3986/475/2854 2745/479/2858 2744/478/2857
f 2739/470/2849 2743/477/2856 2746/480/2859
f 2746/480/2859 2743/477/2856 2744/478/2857
f 2736/467/2846 2739/470/2849 2747/482/2860
f 2747/482/2860 2739/470/2849 2746/480/2859
f 2745/479/2858 2748/481/2861 2744/478/2857
f 2746/480/2859 2744/478/2857 2748/481/2861
f 2749/483/2862 2736/467/2846 2747/482/2860
f 2731/462/2842 2736/467/2846 2749/483/2862
f 2750/484/2863 2747/482/2860 2746/480/2859
f 2749/483/2862 2747/482/2860 2750/484/2863
f 2751/485/2864 2731/462/2842 2749/483/2862
f 2731/462/2842 2751/485/2864 2732/463/432
f 2749/483/2862 2752/486/2865 2751/485/2864
f 2752/486/2865 2749/483/2862 2750/484/2863
f 2751/485/2864 2753/487/2866 2732/463/432
f 2752/486/2865 2753/487/2866 2751/485/2864
f 2753/487/2866 409/488/457 2732/463/432
f 409/488/457 2753/487/2866 2754/489/2867
f 411/490/459 409/488/457 2754/489/2867
f 2755/491/2868 2753/487/2866 2752/486/2865
f 2750/484/2863 2755/491/2868 2752/486/2865
f 2753/487/2866 2755/491/2868 2754/489/2867
f 2756/492/2869 2750/484/2863 2746/480/2859
f 2756/492/2869 2746/480/2859 2748/481/2861
f 2755/491/2868 2750/484/2863 2757/493/2870
f 2750/484/2863 2756/492/2869 2757/493/2870
f 2756/492/2869 2748/481/2861 2757/493/2870
f 2755/491/2868 2757/493/2870 2754/489/2867
f 2748/481/2861 2758/494/2871 2757/493/2870
f 2757/493/2870 2758/494/2871 2754/489/2867
f 2758/494/2871 2748/481/2861 2745/479/2858
f 3991/495/2872 2758/494/2871 2745/479/2858
f 411/490/459 2754/489/2867 2759/496/2873
f 417/497/466 411/490/459 2759/496/2873
f 417/497/466 2759/496/2873 418/498/467
f 2758/494/2871 2760/499/2874 2754/489/2867
f 2760/499/2874 2758/494/2871 3991/495/2872
f 2760/499/2874 2759/496/2873 2754/489/2867
f 2759/496/2873 2761/500/2875 418/498/467
f 421/501/470 418/498/467 2761/500/2875
f 2760/499/2874 2762/502/2876 2759/496/2873
f 2762/502/2876 2761/500/2875 2759/496/2873
f 2763/503/2877 2762/502/2876 2760/499/2874
f 2762/502/2876 2855/504/2878 2761/500/2875
f 2764/505/2879 421/501/470 2761/500/2875
f 2855/504/2878 2764/505/2879 2761/500/2875
f 421/501/470 2764/505/2879 2765/506/475
f 2766/507/2880 2763/503/2877 2760/499/2874
f 2766/507/2880 2760/499/2874 3991/495/2872
f 2927/508/2881 2763/503/2877 2766/507/2880
f 2767/509/2882 2766/507/2880 3991/495/2872
f 2767/509/2882 2927/508/2881 2766/507/2880
f 2927/508/2881 2767/509/2882 2443/510/2524
f 3992/511/2883 2767/509/2882 3991/495/2872
f 2767/509/2882 2768/512/2526 2443/510/2524
f 2767/509/2882 3992/511/2883 2768/512/2526
f 3992/511/2883 2769/513/2530 2768/512/2526
f 2764/505/2879 2855/504/2878 2770/514/2884
f 2855/504/2878 2771/515/2885 2770/514/2884
f 2764/505/2879 2772/516/2886 2765/506/475
f 2772/516/2886 2764/505/2879 2770/514/2884
f 434/517/483 2765/506/475 2772/516/2886
f 2773/518/2887 2772/516/2886 2770/514/2884
f 2773/518/2887 434/517/483 2772/516/2886
f 2771/515/2885 2774/519/2888 2770/514/2884
f 2774/519/2888 2773/518/2887 2770/514/2884
f 2771/515/2885 2775/520/2889 2774/519/2888
f 2776/521/2890 2775/520/2889 2771/515/2885
f 2776/521/2890 2916/522/2891 2775/520/2889
f 434/517/483 2773/518/2887 2777/523/2892
f 440/524/490 434/517/483 2777/523/2892
f 2778/525/491 440/524/490 2777/523/2892
f 2774/519/2888 2779/526/2893 2773/518/2887
f 2779/526/2893 2777/523/2892 2773/518/2887
f 2775/520/2889 2779/526/2893 2774/519/2888
f 2780/527/2894 2778/525/491 2777/523/2892
f 2777/523/2892 2779/526/2893 2780/527/2894
f 2778/525/491 2780/527/2894 2781/528/494
f 2780/527/2894 2782/529/2895 2781/528/494
f 2782/529/2895 444/530/496 2781/528/494
f 445/531/497 444/530/496 2782/529/2895
f 2783/532/498 445/531/497 2782/529/2895
f 2779/526/2893 2784/533/2896 2780/527/2894
f 2779/526/2893 2775/520/2889 2784/533/2896
f 2785/536/2897 2782/529/2895 2780/527/2894
f 2784/533/2896 2785/536/2897 2780/527/2894
f 2786/540/2898 2783/532/498 2782/529/2895
f 2783/532/498 2786/540/2898 2787/541/2899
f 2788/542/508 2783/532/498 2787/541/2899
f 2787/541/2899 2789/543/509 2788/542/508
f 455/544/510 2789/543/509 2787/541/2899
f 2790/539/2900 2786/540/2898 2782/529/2895
f 2785/536/2897 2790/539/2900 2782/529/2895
f 2786/540/2898 2790/539/2900 2787/541/2899
f 2791/538/2901 2785/536/2897 2784/533/2896
f 2785/536/2897 2791/538/2901 2790/539/2900
f 2775/520/2889 2792/537/2902 2784/533/2896
f 2792/537/2902 2791/538/2901 2784/533/2896
f 455/544/510 2787/541/2899 2793/546/2903
f 458/547/513 455/544/510 2793/546/2903
f 458/547/513 2793/546/2903 2794/548/2904
f 2795/549/515 458/547/513 2794/548/2904
f 2794/548/2904 460/550/516 2795/549/515
f 460/550/516 2794/548/2904 461/551/517
f 2790/539/2900 2796/552/2905 2787/541/2899
f 2787/541/2899 2796/552/2905 2793/546/2903
f 2775/520/2889 2797/534/2906 2792/537/2902
f 2916/522/2891 2797/534/2906 2775/520/2889
f 2916/522/2891 2798/535/2907 2797/534/2906
f 2797/534/2906 2799/545/2908 2792/537/2902
f 2792/537/2902 2799/545/2908 2791/538/2901
f 2791/538/2901 2800/553/2909 2790/539/2900
f 2790/539/2900 2800/553/2909 2796/552/2905
f 2798/535/2907 2801/554/2910 2797/534/2906
f 2797/534/2906 2801/554/2910 2799/545/2908
f 2799/545/2908 2802/555/2911 2791/538/2901
f 2791/538/2901 2802/555/2911 2800/553/2909
f 2801/554/2910 2803/556/2912 2799/545/2908
f 2799/545/2908 2803/556/2912 2802/555/2911
f 2801/554/2910 2798/535/2907 2804/557/2913
f 2801/554/2910 2805/558/2914 2803/556/2912
f 2805/558/2914 2801/554/2910 2804/557/2913
f 2806/559/2915 2804/557/2913 2798/535/2907
f 2806/559/2915 2798/535/2907 2807/560/2916
f 2802/555/2911 2808/561/2917 2800/553/2909
f 2803/556/2912 2809/562/2918 2802/555/2911
f 2802/555/2911 2809/562/2918 2808/561/2917
f 2805/558/2914 2810/563/2919 2803/556/2912
f 2803/556/2912 2810/563/2919 2809/562/2918
f 2811/564/2920 2805/558/2914 2804/557/2913
f 2805/558/2914 2811/564/2920 2810/563/2919
f 2812/565/2921 2804/557/2913 2806/559/2915
f 2812/565/2921 2811/564/2920 2804/557/2913
f 2806/559/2915 2807/560/2916 3155/566/2922
f 3155/566/2922 2812/565/2921 2806/559/2915
f 2813/567/2923 3155/566/2922 2807/560/2916
f 2813/567/2923 2807/560/2916 2924/568/2924
f 2814/569/2925 2812/565/2921 3155/566/2922
f 2815/570/2926 2814/569/2925 3155/566/2922
f 2814/569/2925 2815/570/2926 2816/571/2927
f 2814/569/2925 2817/572/2928 2812/565/2921
f 2817/572/2928 2811/564/2920 2812/565/2921
f 2817/572/2928 2814/569/2925 2816/571/2927
f 2811/564/2920 2818/573/2929 2810/563/2919
f 2818/573/2929 2811/564/2920 2817/572/2928
f 2819/574/2930 2817/572/2928 2816/571/2927
f 2819/574/2930 2818/573/2929 2817/572/2928
f 3147/575/2931 2819/574/2930 2816/571/2927
f 2810/563/2919 2818/573/2929 2820/576/2932
f 2810/563/2919 2820/576/2932 2809/562/2918
f 2821/577/2933 2818/573/2929 2819/574/2930
f 2818/573/2929 2821/577/2933 2820/576/2932
f 2819/574/2930 3147/575/2931 2822/578/2934
f 2822/578/2934 2821/577/2933 2819/574/2930
f 3147/575/2931 2823/579/2935 2822/578/2934
f 2822/578/2934 2823/579/2935 2824/580/2936
f 2823/579/2935 2825/581/2937 2824/580/2936
f 2826/582/2938 2821/577/2933 2822/578/2934
f 2824/580/2936 2826/582/2938 2822/578/2934
f 2824/580/2936 2825/581/2937 2827/583/2939
f 2826/582/2938 2824/580/2936 2827/583/2939
f 2825/581/2937 2828/584/2940 2827/583/2939
f 2820/576/2932 2821/577/2933 2829/585/2941
f 2821/577/2933 2826/582/2938 2829/585/2941
f 2820/576/2932 2830/586/2942 2809/562/2918
f 2820/576/2932 2829/585/2941 2830/586/2942
f 3551/587/2943 2827/583/2939 2828/584/2940
f 3530/588/2944 3551/587/2943 2828/584/2940
f 2827/583/2939 3551/587/2943 2831/589/2945
f 2831/589/2945 2826/582/2938 2827/583/2939
f 3551/587/2943 3552/590/2946 2831/589/2945
f 2831/589/2945 3552/590/2946 3557/591/2947
f 2826/582/2938 2831/589/2945 2832/592/2948
f 2832/592/2948 2831/589/2945 3557/591/2947
f 2829/585/2941 2826/582/2938 2832/592/2948
f 2832/592/2948 3557/591/2947 2833/593/2949
f 2829/585/2941 2832/592/2948 2834/594/2950
f 2834/594/2950 2832/592/2948 2833/593/2949
f 2830/586/2942 2829/585/2941 2834/594/2950
f 2833/593/2949 2835/595/2951 2834/594/2950
f 2830/586/2942 2836/596/2952 2809/562/2918
f 2836/596/2952 2830/586/2942 2834/594/2950
f 2809/562/2918 2836/596/2952 2808/561/2917
f 2835/595/2951 2837/597/2953 2834/594/2950
f 2837/597/2953 2836/596/2952 2834/594/2950
f 2808/561/2917 2836/596/2952 2838/598/2954
f 2836/596/2952 2837/597/2953 2838/598/2954
f 2837/597/2953 2835/595/2951 2839/599/2955
f 2837/597/2953 2839/599/2955 2838/598/2954
f 2835/595/2951 2840/600/2956 2839/599/2955
f 2808/561/2917 2838/598/2954 2841/601/2957
f 2800/553/2909 2808/561/2917 2841/601/2957
f 2800/553/2909 2841/601/2957 2796/552/2905
f 2841/601/2957 2838/598/2954 2842/602/2958
f 2841/601/2957 2842/602/2958 2796/552/2905
f 2838/598/2954 2839/599/2955 2842/602/2958
f 2839/599/2955 2840/600/2956 2843/603/2959
f 2840/600/2956 3564/604/2960 2843/603/2959
f 2842/602/2958 2844/605/2961 2796/552/2905
f 2796/552/2905 2844/605/2961 2793/546/2903
f 2844/605/2961 2845/606/2962 2793/546/2903
f 2845/606/2962 2844/605/2961 2842/602/2958
f 2845/606/2962 2794/548/2904 2793/546/2903
f 2842/602/2958 2839/599/2955 2846/607/2963
f 2846/607/2963 2845/606/2962 2842/602/2958
f 2839/599/2955 2843/603/2959 2846/607/2963
f 2846/607/2963 2847/608/2964 2845/606/2962
f 2846/607/2963 2843/603/2959 2847/608/2964
f 2847/608/2964 2794/548/2904 2845/606/2962
f 2843/603/2959 3564/604/2960 2848/609/2965
f 2843/603/2959 2848/609/2965 2847/608/2964
f 3564/604/2960 3565/610/2966 2848/609/2965
f 2848/609/2965 3565/610/2966 3568/611/2967
f 2847/608/2964 2849/612/2968 2794/548/2904
f 2847/608/2964 2848/609/2965 2849/612/2968
f 2850/613/2969 2848/609/2965 3568/611/2967
f 2848/609/2965 2850/613/2969 2849/612/2968
f 2850/613/2969 3568/611/2967 2851/614/2970
f 2849/612/2968 2850/613/2969 2851/614/2970
f 3568/611/2967 3603/615/2971 2851/614/2970
f 3603/615/2971 2852/616/2972 2851/614/2970
f 2849/612/2968 2853/617/2973 2794/548/2904
f 2853/617/2973 2849/612/2968 2851/614/2970
f 2794/548/2904 2853/617/2973 461/551/517
f 2853/617/2973 2851/614/2970 461/551/517
f 2851/614/2970 518/618/584 461/551/517
f 2852/616/2972 2854/619/2974 2851/614/2970
f 2851/614/2970 2854/619/2974 518/618/584
f 520/620/586 2854/619/2974 2852/616/2972
f 2854/619/2974 521/621/587 518/618/584
f 520/620/586 521/621/587 2854/619/2974
f 2856/624/2975 2855/623/2878 2762/622/2876
f 2857/625/2976 2856/624/2975 2762/622/2876
f 2857/625/2976 2762/622/2876 2763/626/2877
f 2856/624/2975 2857/625/2976 2858/627/2977
f 2910/628/2978 2856/624/2975 2858/627/2977
f 2858/627/2977 2859/629/2979 2910/628/2978
f 2859/629/2979 2905/630/2980 2910/628/2978
f 2905/630/2980 2859/629/2979 2860/631/2981
f 2901/632/2982 2905/630/2980 2860/631/2981
f 2860/631/2981 2861/633/2983 2901/632/2982
f 2861/633/2983 2900/634/2984 2901/632/2982
f 2900/634/2984 2861/633/2983 2862/635/2985
f 2863/636/2986 2900/634/2984 2862/635/2985
f 2862/635/2985 2864/637/2987 2863/636/2986
f 2864/637/2987 2893/638/2988 2863/636/2986
f 2864/637/2987 2865/639/2989 2893/638/2988
f 2865/639/2989 2866/640/2990 2893/638/2988
f 2866/640/2990 2865/639/2989 4235/641/2991
f 2865/639/2989 2867/642/2992 4235/641/2991
f 2868/643/2993 2867/642/2992 2865/639/2989
f 2865/639/2989 2864/637/2987 2869/644/2994
f 2869/644/2994 2864/637/2987 2862/635/2985
f 2870/645/2995 2868/643/2993 2865/639/2989
f 2870/645/2995 2865/639/2989 2869/644/2994
f 2868/643/2993 2870/645/2995 2871/646/2996
f 4212/647/2997 2868/643/2993 2871/646/2996
f 2869/644/2994 2872/648/2998 2870/645/2995
f 2872/648/2998 2871/646/2996 2870/645/2995
f 2871/646/2996 2873/649/2999 4212/647/2997
f 2873/649/2999 2874/650/3000 4212/647/2997
f 2871/646/2996 2872/648/2998 2875/651/3001
f 2873/649/2999 2871/646/2996 2875/651/3001
f 2874/650/3000 2873/649/2999 2876/652/3002
f 4209/653/3003 2874/650/3000 2876/652/3002
f 4209/653/3003 2876/652/3002 2877/654/3004
f 2876/652/3002 2873/649/2999 2878/655/3005
f 2878/655/3005 2873/649/2999 2875/651/3001
f 2876/652/3002 2879/656/3006 2877/654/3004
f 2879/656/3006 2876/652/3002 2878/655/3005
f 2879/656/3006 2880/657/3007 2877/654/3004
f 2880/657/3007 4206/658/3008 2877/654/3004
f 4206/658/3008 2880/657/3007 4205/659/3009
f 2879/656/3006 2878/655/3005 2881/660/3010
f 2880/657/3007 2879/656/3006 2881/660/3010
f 2880/657/3007 2882/661/3011 4205/659/3009
f 2883/662/3012 4205/659/3009 2882/661/3011
f 2875/651/3001 2884/663/3013 2878/655/3005
f 2884/663/3013 2881/660/3010 2878/655/3005
f 2880/657/3007 2881/660/3010 2885/664/3014
f 2882/661/3011 2880/657/3007 2885/664/3014
f 2882/661/3011 2885/664/3014 2886/665/3015
f 2887/666/3016 2883/662/3012 2882/661/3011
f 2887/666/3016 2882/661/3011 2886/665/3015
f 2883/662/3012 2887/666/3016 5000/667/3017
f 2887/666/3016 2886/665/3015 5000/667/3017
f 5000/667/3017 2886/665/3015 2888/668/3018
f 2885/664/3014 2881/660/3010 2889/669/3019
f 2881/660/3010 2884/663/3013 2889/669/3019
f 2886/665/3015 2885/664/3014 2889/669/3019
f 2886/665/3015 2890/670/3020 2888/668/3018
f 4235/671/2991 2888/668/3018 2890/670/3020
f 2866/672/2990 4235/671/2991 2890/670/3020
f 2891/673/3021 2886/665/3015 2889/669/3019
f 2890/670/3020 2886/665/3015 2891/673/3021
f 2866/672/2990 2890/670/3020 2892/674/3022
f 2892/674/3022 2890/670/3020 2891/673/3021
f 2893/675/2988 2866/672/2990 2892/674/3022
f 2889/669/3019 2884/663/3013 2894/676/3023
f 2891/673/3021 2889/669/3019 2894/676/3023
f 2891/673/3021 2895/677/3024 2892/674/3022
f 2895/677/3024 2891/673/3021 2894/676/3023
f 2893/675/2988 2892/674/3022 2896/678/3025
f 2895/677/3024 2896/678/3025 2892/674/3022
f 2863/679/2986 2893/675/2988 2896/678/3025
f 2884/663/3013 2897/680/3026 2894/676/3023
f 2897/680/3026 2884/663/3013 2875/651/3001
f 2894/676/3023 2898/681/3027 2895/677/3024
f 2894/676/3023 2897/680/3026 2898/681/3027
f 2896/678/3025 2899/682/3028 2863/679/2986
f 2899/682/3028 2900/683/2984 2863/679/2986
f 2901/684/2982 2900/683/2984 2899/682/3028
f 2895/677/3024 2902/685/3029 2896/678/3025
f 2898/681/3027 2902/685/3029 2895/677/3024
f 2902/685/3029 2899/682/3028 2896/678/3025
f 2903/686/3030 2897/680/3026 2875/651/3001
f 2875/651/3001 2872/648/2998 2903/686/3030
f 2899/682/3028 2904/687/3031 2901/684/2982
f 2904/687/3031 2905/688/2980 2901/684/2982
f 2897/680/3026 2906/689/3032 2898/681/3027
f 2897/680/3026 2903/686/3030 2906/689/3032
f 2902/685/3029 2907/690/3033 2899/682/3028
f 2907/690/3033 2904/687/3031 2899/682/3028
f 2898/681/3027 2908/691/3034 2902/685/3029
f 2908/691/3034 2907/690/3033 2902/685/3029
f 2898/681/3027 2906/689/3032 2908/691/3034
f 2905/688/2980 2904/687/3031 2909/692/3035
f 2910/693/2978 2905/688/2980 2909/692/3035
f 2910/693/2978 2909/692/3035 2856/694/2975
f 2904/687/3031 2907/690/3033 2911/695/3036
f 2909/692/3035 2904/687/3031 2911/695/3036
f 2907/690/3033 2908/691/3034 2911/695/3036
f 2909/692/3035 2912/696/3037 2856/694/2975
f 2909/692/3035 2911/695/3036 2912/696/3037
f 2856/694/2975 2912/696/3037 2855/697/2878
f 2912/696/3037 2771/698/2885 2855/697/2878
f 2771/698/2885 2912/696/3037 2913/699/3038
f 2911/695/3036 2913/699/3038 2912/696/3037
f 2776/700/2890 2771/698/2885 2913/699/3038
f 2908/691/3034 2914/701/3039 2911/695/3036
f 2911/695/3036 2914/701/3039 2913/699/3038
f 2913/699/3038 2915/702/3040 2776/700/2890
f 2914/701/3039 2915/702/3040 2913/699/3038
f 2915/702/3040 2916/703/2891 2776/700/2890
f 2798/704/2907 2916/703/2891 2915/702/3040
f 2908/691/3034 2917/705/3041 2914/701/3039
f 2906/689/3032 2917/705/3041 2908/691/3034
f 2918/706/3042 2798/704/2907 2915/702/3040
f 2807/707/2916 2798/704/2907 2918/706/3042
f 2914/701/3039 2919/708/3043 2915/702/3040
f 2917/705/3041 2919/708/3043 2914/701/3039
f 2919/708/3043 2918/706/3042 2915/702/3040
f 2919/708/3043 2920/709/3044 2918/706/3042
f 2919/708/3043 2917/705/3041 2920/709/3044
f 2906/689/3032 2921/710/3045 2917/705/3041
f 2903/686/3030 2921/710/3045 2906/689/3032
f 2922/711/3046 2807/707/2916 2918/706/3042
f 2920/709/3044 2922/711/3046 2918/706/3042
f 2922/711/3046 2923/712/3047 2807/707/2916
f 2923/712/3047 2924/713/2924 2807/707/2916
f 2925/714/3048 2923/712/3047 2922/711/3046
f 2920/709/3044 2925/714/3048 2922/711/3046
f 2924/713/2924 2923/712/3047 2926/715/3049
f 2926/715/3049 2923/712/3047 2925/714/3048
f 2927/716/2881 2924/713/2924 2926/715/3049
f 2927/716/2881 2926/715/3049 2763/626/2877
f 2917/705/3041 2928/717/3050 2920/709/3044
f 2921/710/3045 2928/717/3050 2917/705/3041
f 2929/718/3051 2925/714/3048 2920/709/3044
f 2928/717/3050 2929/718/3051 2920/709/3044
f 2926/715/3049 2930/719/3052 2763/626/2877
f 2930/719/3052 2857/625/2976 2763/626/2877
f 2931/720/3053 2926/715/3049 2925/714/3048
f 2930/719/3052 2926/715/3049 2931/720/3053
f 2925/714/3048 2929/718/3051 2931/720/3053
f 2857/625/2976 2930/719/3052 2932/721/3054
f 2932/721/3054 2930/719/3052 2931/720/3053
f 2858/627/2977 2857/625/2976 2932/721/3054
f 2921/710/3045 2933/722/3055 2928/717/3050
f 2933/722/3055 2929/718/3051 2928/717/3050
f 2929/718/3051 2934/723/3056 2931/720/3053
f 2931/720/3053 2934/723/3056 2932/721/3054
f 2934/723/3056 2929/718/3051 2933/722/3055
f 2932/721/3054 2935/724/3057 2858/627/2977
f 2934/723/3056 2935/724/3057 2932/721/3054
f 2935/724/3057 2859/629/2979 2858/627/2977
f 2936/725/3058 2933/722/3055 2921/710/3045
f 2903/686/3030 2936/725/3058 2921/710/3045
f 2937/726/3059 2934/723/3056 2933/722/3055
f 2935/724/3057 2934/723/3056 2937/726/3059
f 2933/722/3055 2936/725/3058 2937/726/3059
f 2859/629/2979 2935/724/3057 2938/727/3060
f 2938/727/3060 2935/724/3057 2937/726/3059
f 2860/631/2981 2859/629/2979 2938/727/3060
f 2903/686/3030 2939/728/3061 2936/725/3058
f 2872/648/2998 2939/728/3061 2903/686/3030
f 2872/648/2998 2869/644/2994 2939/728/3061
f 2936/725/3058 2940/729/3062 2937/726/3059
f 2939/728/3061 2940/729/3062 2936/725/3058
f 2869/644/2994 2941/730/3063 2939/728/3061
f 2941/730/3063 2869/644/2994 2862/635/2985
f 2937/726/3059 2942/731/3064 2938/727/3060
f 2937/726/3059 2940/729/3062 2942/731/3064
f 2943/732/3065 2860/631/2981 2938/727/3060
f 2861/633/2983 2860/631/2981 2943/732/3065
f 2939/728/3061 2944/733/3066 2940/729/3062
f 2939/728/3061 2941/730/3063 2944/733/3066
f 2941/730/3063 2862/635/2985 2945/734/3067
f 2862/635/2985 2861/633/2983 2945/734/3067
f 2946/735/3068 2941/730/3063 2945/734/3067
f 2941/730/3063 2946/735/3068 2944/733/3066
f 2861/633/2983 2947/736/3069 2945/734/3067
f 2946/735/3068 2945/734/3067 2947/736/3069
f 2947/736/3069 2861/633/2983 2943/732/3065
f 2948/737/3070 2946/735/3068 2947/736/3069
f 2946/735/3068 2948/737/3070 2944/733/3066
f 2948/737/3070 2947/736/3069 2943/732/3065
f 2949/738/3071 2943/732/3065 2938/727/3060
f 2942/731/3064 2949/738/3071 2938/727/3060
f 2949/738/3071 2948/737/3070 2943/732/3065
f 2948/737/3070 2949/738/3071 2942/731/3064
f 2944/733/3066 2950/739/3072 2940/729/3062
f 2940/729/3062 2950/739/3072 2942/731/3064
f 2950/739/3072 2948/737/3070 2942/731/3064
f 2948/737/3070 2950/739/3072 2944/733/3066
f 2951/2904/3073 3622/2905/3074 4675/2906/3075
f 2952/2907/3076 2951/2904/3073 4675/2906/3075
f 2952/2907/3076 4675/2906/3075 2953/2908/3077
f 2953/2908/3077 4679/2909/3078 2952/2907/3076
f 3618/2910/3079 2951/2904/3073 2952/2907/3076
f 4679/2909/3078 2954/2911/3080 2952/2907/3076
f 4679/2909/3078 2955/2912/3081 2954/2911/3080
f 2956/2913/3082 3618/2910/3079 2952/2907/3076
f 2956/2913/3082 2952/2907/3076 2954/2911/3080
f 2954/2911/3080 2955/2912/3081 2957/2914/3083
f 2957/2914/3083 2955/2912/3081 4683/2915/3084
f 2957/2914/3083 4683/2915/3084 4685/2916/3085
f 3618/2910/3079 2956/2913/3082 2958/2917/3086
f 3615/2918/3087 3618/2910/3079 2958/2917/3086
f 2958/2917/3086 2959/2919/3088 3615/2918/3087
f 2958/2917/3086 2956/2913/3082 2959/2919/3088
f 2959/2919/3088 2960/2920/3089 3615/2918/3087
f 3604/2921/3090 2960/2920/3089 2959/2919/3088
f 3607/2922/3091 3604/2921/3090 2959/2919/3088
f 2961/2923/3092 2956/2913/3082 2954/2911/3080
f 2956/2913/3082 2961/2923/3092 2959/2919/3088
f 2959/2919/3088 2961/2923/3092 3607/2922/3091
f 2954/2911/3080 2957/2914/3083 2961/2923/3092
f 2961/2923/3092 2962/2924/3093 3607/2922/3091
f 2957/2914/3083 2962/2924/3093 2961/2923/3092
f 3607/2922/3091 2962/2924/3093 3610/2925/3094
f 2963/2926/3095 2957/2914/3083 4685/2916/3085
f 2962/2924/3093 2957/2914/3083 2963/2926/3095
f 4685/2916/3085 4686/2927/3096 2963/2926/3095
f 4686/2927/3096 4687/2928/3097 2963/2926/3095
f 2962/2924/3093 2964/2929/3098 3610/2925/3094
f 2964/2929/3098 2962/2924/3093 2963/2926/3095
f 3610/2925/3094 2964/2929/3098 2965/2930/3099
f 2963/2926/3095 4687/2928/3097 2966/2931/3100
f 2964/2929/3098 2963/2926/3095 2966/2931/3100
f 4687/2928/3097 2967/2932/3101 2966/2931/3100
f 2967/2932/3101 4689/2933/3102 2966/2931/3100
f 2964/2929/3098 2968/2934/3103 2965/2930/3099
f 2964/2929/3098 2966/2931/3100 2968/2934/3103
f 4689/2933/3102 2969/2935/3104 2966/2931/3100
f 2969/2935/3104 2968/2934/3103 2966/2931/3100
f 2965/2930/3099 2968/2934/3103 2970/2936/3105
f 2970/2936/3105 2968/2934/3103 2969/2935/3104
f 5022/2937/3106 2965/2930/3099 2970/2936/3105
f 5022/2937/3106 2970/2936/3105 5024/2938/3107
f 2969/2935/3104 4689/2933/3102 2971/2939/3108
f 2971/2939/3108 2970/2936/3105 2969/2935/3104
f 4689/2933/3102 4692/2940/3109 2971/2939/3108
f 2970/2936/3105 2972/2941/3110 5024/2938/3107
f 2972/2941/3110 2970/2936/3105 2971/2939/3108
f 5024/2938/3107 2972/2941/3110 2973/2942/3111
f 2971/2939/3108 4692/2940/3109 2974/2943/3112
f 2974/2943/3112 2972/2941/3110 2971/2939/3108
f 4692/2940/3109 4696/2944/3113 2974/2943/3112
f 2974/2943/3112 4696/2944/3113 2975/2945/3114
f 2975/2945/3114 2972/2941/3110 2974/2943/3112
f 4696/2944/3113 4700/2946/3115 2975/2945/3114
f 2972/2941/3110 2976/2947/3116 2973/2942/3111
f 2976/2947/3116 2972/2941/3110 2975/2945/3114
f 2977/2948/3117 2973/2942/3111 2976/2947/3116
f 2975/2945/3114 4700/2946/3115 2978/2949/3118
f 2978/2949/3118 2976/2947/3116 2975/2945/3114
f 4700/2946/3115 4701/2950/3119 2978/2949/3118
f 4701/2950/3119 2979/2951/3120 2978/2949/3118
f 2980/2952/3121 2977/2948/3117 2976/2947/3116
f 2980/2952/3121 2976/2947/3116 2978/2949/3118
f 2977/2948/3117 2980/2952/3121 5029/2953/3122
f 2978/2949/3118 2979/2951/3120 2981/2954/3123
f 2981/2954/3123 2980/2952/3121 2978/2949/3118
f 2979/2951/3120 2982/2955/3124 2981/2954/3123
f 2982/2955/3124 2983/2956/3125 2981/2954/3123
f 2980/2952/3121 2984/2957/3126 5029/2953/3122
f 2980/2952/3121 2981/2954/3123 2984/2957/3126
f 2983/2956/3125 2985/2958/3127 2981/2954/3123
f 2981/2954/3123 2985/2958/3127 2984/2957/3126
f 5029/2953/3122 2984/2957/3126 2986/2959/3128
f 2986/2959/3128 2984/2957/3126 2985/2958/3127
f 5029/2953/3122 2986/2959/3128 5030/2960/1498
f 2986/2959/3128 1400/2961/1497 5030/2960/1498
f 1400/2961/1497 2986/2959/3128 2987/2962/1495
f 2985/2958/3127 2983/2956/3125 2988/2963/3129
f 2988/2963/3129 2986/2959/3128 2985/2958/3127
f 2986/2959/3128 2988/2963/3129 2987/2962/1495
f 2983/2956/3125 2989/2964/3130 2988/2963/3129
f 2347/2965/1494 2987/2962/1495 2988/2963/3129
f 2989/2964/3130 2347/2965/1494 2988/2963/3129
f 2991/741/687 1029/740/686 2990/742/3131
f 2992/743/3132 2991/741/687 2990/742/3131
f 2990/742/3131 2993/744/3133 2992/743/3132
f 2994/745/691 2991/741/687 2992/743/3132
f 2993/744/3133 2995/746/3134 2992/743/3132
f 2993/744/3133 3321/747/3135 2995/746/3134
f 2996/748/3136 2994/745/691 2992/743/3132
f 2992/743/3132 2995/746/3134 2996/748/3136
f 620/749/695 2994/745/691 2996/748/3136
f 2997/750/3137 620/749/695 2996/748/3136
f 2998/751/697 620/749/695 2997/750/3137
f 2995/746/3134 2999/752/3138 2996/748/3136
f 2997/750/3137 2996/748/3136 2999/752/3138
f 3321/747/3135 3000/753/3139 2995/746/3134
f 2999/752/3138 2995/746/3134 3000/753/3139
f 3000/753/3139 3321/747/3135 3001/754/3140
f 3321/747/3135 3002/755/3141 3001/754/3140
f 3002/755/3141 3003/756/3142 3001/754/3140
f 3004/757/3143 2999/752/3138 3000/753/3139
f 3004/757/3143 3000/753/3139 3001/754/3140
f 3005/758/3144 2997/750/3137 2999/752/3138
f 3005/758/3144 2999/752/3138 3004/757/3143
f 3006/759/3145 2998/751/697 2997/750/3137
f 3005/758/3144 3007/760/3146 2997/750/3137
f 3007/760/3146 3006/759/3145 2997/750/3137
f 3006/759/3145 3008/761/3147 2998/751/697
f 3008/761/3147 630/762/708 2998/751/697
f 3007/760/3146 3009/763/3148 3006/759/3145
f 3009/763/3148 3008/761/3147 3006/759/3145
f 3008/761/3147 3010/764/3149 630/762/708
f 3010/764/3149 633/765/711 630/762/708
f 3009/763/3148 3011/766/3150 3008/761/3147
f 3011/766/3150 3010/764/3149 3008/761/3147
f 633/765/711 3010/764/3149 3012/767/3151
f 636/768/714 633/765/711 3012/767/3151
f 637/769/715 636/768/714 3012/767/3151
f 3012/767/3151 3010/764/3149 3013/770/3152
f 3010/764/3149 3011/766/3150 3013/770/3152
f 3014/771/3153 637/769/715 3012/767/3151
f 3012/767/3151 3013/770/3152 3014/771/3153
f 3014/771/3153 3015/772/3154 637/769/715
f 3015/772/3154 3016/773/719 637/769/715
f 3015/772/3154 3017/774/3155 3016/773/719
f 3017/774/3155 3018/775/721 3016/773/719
f 3018/775/721 3017/774/3155 3019/776/3156
f 643/777/723 3018/775/721 3019/776/3156
f 3020/778/3157 3017/774/3155 3015/772/3154
f 3017/774/3155 3020/778/3157 3019/776/3156
f 3021/779/3158 3015/772/3154 3014/771/3153
f 3021/779/3158 3020/778/3157 3015/772/3154
f 3013/770/3152 3022/780/3159 3014/771/3153
f 3022/780/3159 3021/779/3158 3014/771/3153
f 3022/780/3159 3013/770/3152 3023/781/3160
f 3013/770/3152 3011/766/3150 3024/782/3161
f 3013/770/3152 3024/782/3161 3023/781/3160
f 3011/766/3150 3025/783/3162 3024/782/3161
f 3025/783/3162 3011/766/3150 3009/763/3148
f 3019/776/3156 3026/784/3163 643/777/723
f 3026/784/3163 651/785/731 643/777/723
f 652/786/732 651/785/731 3026/784/3163
f 3027/787/3164 652/786/732 3026/784/3163
f 3028/788/734 652/786/732 3027/787/3164
f 3026/784/3163 3019/776/3156 3029/789/3165
f 3027/787/3164 3026/784/3163 3029/789/3165
f 3030/790/3166 3028/788/734 3027/787/3164
f 3028/788/734 3030/790/3166 656/791/737
f 3024/782/3161 3031/792/3167 3023/781/3160
f 3024/782/3161 3025/783/3162 3031/792/3167
f 3032/793/3168 3025/783/3162 3009/763/3148
f 3032/793/3168 3009/763/3148 3007/760/3146
f 3019/776/3156 3033/794/3169 3029/789/3165
f 3020/778/3157 3033/794/3169 3019/776/3156
f 3034/795/3170 3027/787/3164 3029/789/3165
f 3030/790/3166 3027/787/3164 3034/795/3170
f 3035/796/3171 3034/795/3170 3029/789/3165
f 3036/797/3172 3035/796/3171 3029/789/3165
f 3029/789/3165 3033/794/3169 3036/797/3172
f 3033/794/3169 3020/778/3157 3037/798/3173
f 3033/794/3169 3037/798/3173 3036/797/3172
f 3038/799/3174 3030/790/3166 3034/795/3170
f 3034/795/3170 3035/796/3171 3038/799/3174
f 3025/783/3162 3032/793/3168 3039/800/3175
f 3025/783/3162 3039/800/3175 3031/792/3167
f 3020/778/3157 3040/801/3176 3037/798/3173
f 3020/778/3157 3021/779/3158 3040/801/3176
f 3021/779/3158 3041/802/3177 3040/801/3176
f 3021/779/3158 3022/780/3159 3041/802/3177
f 3042/803/3178 3036/797/3172 3037/798/3173
f 3036/797/3172 3042/803/3178 3035/796/3171
f 3040/801/3176 3043/804/3179 3037/798/3173
f 3040/801/3176 3041/802/3177 3043/804/3179
f 3044/805/3180 3042/803/3178 3037/798/3173
f 3043/804/3179 3044/805/3180 3037/798/3173
f 3042/803/3178 3044/805/3180 3045/806/3181
f 3042/803/3178 3045/806/3181 3035/796/3171
f 3022/780/3159 3046/807/3182 3041/802/3177
f 3022/780/3159 3023/781/3160 3046/807/3182
f 3044/805/3180 3043/804/3179 3047/808/3183
f 3044/805/3180 3047/808/3183 3045/806/3181
f 3046/807/3182 3048/809/3184 3041/802/3177
f 3041/802/3177 3049/810/3185 3043/804/3179
f 3048/809/3184 3049/810/3185 3041/802/3177
f 3043/804/3179 3049/810/3185 3050/811/3186
f 3043/804/3179 3050/811/3186 3047/808/3183
f 3023/781/3160 3051/812/3187 3046/807/3182
f 3046/807/3182 3051/812/3187 3048/809/3184
f 3049/810/3185 3048/809/3184 3052/813/3188
f 3049/810/3185 3052/813/3188 3050/811/3186
f 3051/812/3187 3053/814/3189 3048/809/3184
f 3048/809/3184 3053/814/3189 3052/813/3188
f 3054/815/3190 3051/812/3187 3023/781/3160
f 3055/816/3191 3053/814/3189 3051/812/3187
f 3054/815/3190 3055/816/3191 3051/812/3187
f 3052/813/3188 3053/814/3189 3056/817/3192
f 3053/814/3189 3055/816/3191 3056/817/3192
f 3052/813/3188 3056/817/3192 3057/818/3193
f 3050/811/3186 3052/813/3188 3057/818/3193
f 3056/817/3192 3055/816/3191 3058/819/3194
f 3056/817/3192 3058/819/3194 3057/818/3193
f 3059/820/3195 3054/815/3190 3023/781/3160
f 3031/792/3167 3059/820/3195 3023/781/3160
f 3060/821/3196 3055/816/3191 3054/815/3190
f 3055/816/3191 3060/821/3196 3058/819/3194
f 3061/822/3197 3054/815/3190 3059/820/3195
f 3061/822/3197 3060/821/3196 3054/815/3190
f 3059/820/3195 3031/792/3167 3062/823/3198
f 3062/823/3198 3061/822/3197 3059/820/3195
f 3061/822/3197 3063/824/3199 3060/821/3196
f 3061/822/3197 3062/823/3198 3063/824/3199
f 3062/823/3198 3064/825/3200 3063/824/3199
f 3031/792/3167 3065/826/3201 3062/823/3198
f 3062/823/3198 3065/826/3201 3064/825/3200
f 3031/792/3167 3039/800/3175 3065/826/3201
f 3057/818/3193 3066/933/3202 3050/811/3186
f 3058/819/3194 3067/929/3203 3057/818/3193
f 3066/933/3202 3057/818/3193 3067/929/3203
f 3066/933/3202 3068/937/3204 3050/811/3186
f 3050/811/3186 3068/937/3204 3047/808/3183
f 3069/938/3205 3066/933/3202 3067/929/3203
f 3066/933/3202 3069/938/3205 3068/937/3204
f 3070/923/3206 3058/819/3194 3060/821/3196
f 3063/824/3199 3071/921/3207 3060/821/3196
f 3071/921/3207 3070/923/3206 3060/821/3196
f 3058/819/3194 3070/923/3206 3072/927/3208
f 3067/929/3203 3058/819/3194 3072/927/3208
f 3073/922/3209 3070/923/3206 3071/921/3207
f 3070/923/3206 3073/922/3209 3072/927/3208
f 3074/920/3210 3071/921/3207 3063/824/3199
f 3074/920/3210 3073/922/3209 3071/921/3207
f 3075/917/3211 3074/920/3210 3063/824/3199
f 3064/825/3200 3075/917/3211 3063/824/3199
f 3067/929/3203 3072/927/3208 3076/930/3212
f 3073/922/3209 3077/926/3213 3072/927/3208
f 3072/927/3208 3077/926/3213 3076/930/3212
f 3078/918/3214 3073/922/3209 3074/920/3210
f 3073/922/3209 3078/918/3214 3077/926/3213
f 3079/915/3215 3074/920/3210 3075/917/3211
f 3079/915/3215 3078/918/3214 3074/920/3210
f 3080/913/3216 3075/917/3211 3064/825/3200
f 3080/913/3216 3079/915/3215 3075/917/3211
f 3076/930/3212 3081/934/3217 3067/929/3203
f 3081/934/3217 3069/938/3205 3067/929/3203
f 3076/930/3212 3077/926/3213 3082/928/3218
f 3083/931/3219 3081/934/3217 3076/930/3212
f 3082/928/3218 3083/931/3219 3076/930/3212
f 3069/938/3205 3081/934/3217 3084/939/3220
f 3081/934/3217 3083/931/3219 3084/939/3220
f 3077/926/3213 3085/924/3221 3082/928/3218
f 3078/918/3214 3085/924/3221 3077/926/3213
f 3082/928/3218 3085/924/3221 2505/925/2599
f 3083/931/3219 3082/928/3218 2505/925/2599
f 3085/924/3221 3086/919/2602 2505/925/2599
f 3085/924/3221 3078/918/3214 3086/919/2602
f 3078/918/3214 2510/916/2605 3086/919/2602
f 3078/918/3214 3079/915/3215 2510/916/2605
f 3079/915/3215 2511/914/2606 2510/916/2605
f 3079/915/3215 3080/913/3216 2511/914/2606
f 3087/932/2596 3083/931/3219 2505/925/2599
f 3080/913/3216 3088/912/2610 2511/914/2606
f 3089/935/3222 3083/931/3219 3087/932/2596
f 3083/931/3219 3089/935/3222 3084/939/3220
f 2502/936/2595 3089/935/3222 3087/932/2596
f 3088/912/2610 3080/913/3216 3090/896/3223
f 2517/911/2613 3088/912/2610 3090/896/3223
f 3090/896/3223 3080/913/3216 3064/825/3200
f 3091/901/3224 2517/911/2613 3090/896/3223
f 3092/910/2623 2517/911/2613 3091/901/3224
f 3093/895/3225 3092/910/2623 3091/901/3224
f 3094/909/2624 3092/910/2623 3093/895/3225
f 3095/888/3226 3091/901/3224 3090/896/3223
f 3091/901/3224 3095/888/3226 3093/895/3225
f 3090/896/3223 3064/825/3200 3096/881/3227
f 3096/881/3227 3095/888/3226 3090/896/3223
f 3097/900/3228 3094/909/2624 3093/895/3225
f 3098/907/2515 3094/909/2624 3097/900/3228
f 3064/825/3200 3099/828/3229 3096/881/3227
f 3065/826/3201 3099/828/3229 3064/825/3200
f 3065/826/3201 3100/827/3230 3099/828/3229
f 3039/800/3175 3100/827/3230 3065/826/3201
f 3099/828/3229 3101/839/3231 3096/881/3227
f 3100/827/3230 3101/839/3231 3099/828/3229
f 3100/827/3230 3039/800/3175 3102/829/3232
f 3032/793/3168 3102/829/3232 3039/800/3175
f 3101/839/3231 3100/827/3230 3103/837/3233
f 3103/837/3233 3100/827/3230 3102/829/3232
f 3102/829/3232 3032/793/3168 3104/830/3234
f 3104/830/3234 3032/793/3168 3007/760/3146
f 3104/830/3234 3007/760/3146 3005/758/3144
f 3105/831/3235 3104/830/3234 3005/758/3144
f 3105/831/3235 3005/758/3144 3004/757/3143
f 3106/832/3236 3102/829/3232 3104/830/3234
f 3104/830/3234 3105/831/3235 3106/832/3236
f 3105/831/3235 3004/757/3143 3107/833/3237
f 3107/833/3237 3004/757/3143 3001/754/3140
f 3103/837/3233 3102/829/3232 3108/836/3238
f 3102/829/3232 3106/832/3236 3108/836/3238
f 3105/831/3235 3109/834/3239 3106/832/3236
f 3109/834/3239 3105/831/3235 3107/833/3237
f 3106/832/3236 3109/834/3239 3110/835/3240
f 3110/835/3240 3109/834/3239 3107/833/3237
f 3108/836/3238 3106/832/3236 3110/835/3240
f 3111/838/3241 3107/833/3237 3001/754/3140
f 3111/838/3241 3110/835/3240 3107/833/3237
f 3112/840/3242 3111/838/3241 3001/754/3140
f 3003/756/3142 3112/840/3242 3001/754/3140
f 3112/840/3242 3003/756/3142 3113/841/3243
f 3003/756/3142 3412/842/3244 3113/841/3243
f 3412/842/3244 3114/843/3245 3113/841/3243
f 3112/840/3242 3115/844/3246 3111/838/3241
f 3112/840/3242 3113/841/3243 3115/844/3246
f 3114/843/3245 3116/845/3247 3113/841/3243
f 3113/841/3243 3116/845/3247 3115/844/3246
f 3116/845/3247 3114/843/3245 3422/846/3248
f 3116/845/3247 3422/846/3248 3117/847/3249
f 3118/848/3250 3116/845/3247 3117/847/3249
f 3116/845/3247 3118/848/3250 3115/844/3246
f 3118/848/3250 3117/847/3249 3119/849/3251
f 3119/849/3251 3120/850/3252 3118/848/3250
f 3110/835/3240 3111/838/3241 3121/851/3253
f 3115/844/3246 3121/851/3253 3111/838/3241
f 3115/844/3246 3118/848/3250 3122/852/3254
f 3120/850/3252 3122/852/3254 3118/848/3250
f 3121/851/3253 3115/844/3246 3122/852/3254
f 3123/853/3255 3110/835/3240 3121/851/3253
f 3108/836/3238 3110/835/3240 3123/853/3255
f 3124/854/3256 3122/852/3254 3120/850/3252
f 3125/855/3257 3124/854/3256 3120/850/3252
f 3124/854/3256 3125/855/3257 3126/856/3258
f 3121/851/3253 3122/852/3254 3127/857/3259
f 3122/852/3254 3124/854/3256 3127/857/3259
f 3121/851/3253 3127/857/3259 3123/853/3255
f 3128/858/3260 3108/836/3238 3123/853/3255
f 3103/837/3233 3108/836/3238 3128/858/3260
f 3129/859/3261 3124/854/3256 3126/856/3258
f 3127/857/3259 3124/854/3256 3129/859/3261
f 3130/860/3262 3129/859/3261 3126/856/3258
f 3131/861/3263 3130/860/3262 3126/856/3258
f 3131/861/3263 3529/862/3264 3130/860/3262
f 3127/857/3259 3132/863/3265 3123/853/3255
f 3132/863/3265 3127/857/3259 3129/859/3261
f 3128/858/3260 3123/853/3255 3132/863/3265
f 3133/864/3266 3103/837/3233 3128/858/3260
f 3133/864/3266 3101/839/3231 3103/837/3233
f 3134/865/3267 3132/863/3265 3129/859/3261
f 3130/860/3262 3134/865/3267 3129/859/3261
f 3135/866/3268 3128/858/3260 3132/863/3265
f 3128/858/3260 3135/866/3268 3133/864/3266
f 3132/863/3265 3134/865/3267 3135/866/3268
f 3133/864/3266 3136/867/3269 3101/839/3231
f 3135/866/3268 3136/867/3269 3133/864/3266
f 3134/865/3267 3137/868/3270 3135/866/3268
f 3135/866/3268 3137/868/3270 3136/867/3269
f 3136/867/3269 3138/876/3271 3101/839/3231
f 3101/839/3231 3138/876/3271 3096/881/3227
f 3137/868/3270 3134/865/3267 3139/869/3272
f 3134/865/3267 3130/860/3262 3139/869/3272
f 3137/868/3270 3140/875/3273 3136/867/3269
f 3136/867/3269 3140/875/3273 3138/876/3271
f 3140/875/3273 3137/868/3270 3139/869/3272
f 3138/876/3271 3141/882/3274 3096/881/3227
f 3140/875/3273 3141/882/3274 3138/876/3271
f 3141/882/3274 3095/888/3226 3096/881/3227
f 3142/877/3275 3140/875/3273 3139/869/3272
f 3141/882/3274 3140/875/3273 3142/877/3275
f 3143/873/3276 3139/869/3272 3130/860/3262
f 3139/869/3272 3143/873/3276 3142/877/3275
f 3095/888/3226 3141/882/3274 3144/887/3277
f 3095/888/3226 3144/887/3277 3093/895/3225
f 3145/870/3278 3143/873/3276 3130/860/3262
f 3529/862/3264 3145/870/3278 3130/860/3262
f 3529/862/3264 3530/871/2944 3145/870/3278
f 3530/871/2944 2828/872/2940 3145/870/3278
f 3143/873/3276 3145/870/3278 2828/872/2940
f 2825/874/2937 3143/873/3276 2828/872/2940
f 3146/878/3279 3143/873/3276 2825/874/2937
f 3143/873/3276 3146/878/3279 3142/877/3275
f 2823/879/2935 3146/878/3279 2825/874/2937
f 3146/878/3279 2823/879/2935 3147/880/2931
f 3148/884/3280 3141/882/3274 3142/877/3275
f 3141/882/3274 3148/884/3280 3144/887/3277
f 3142/877/3275 3146/878/3279 3149/883/3281
f 3149/883/3281 3146/878/3279 3147/880/2931
f 3148/884/3280 3142/877/3275 3149/883/3281
f 3150/885/3282 3149/883/3281 3147/880/2931
f 3148/884/3280 3149/883/3281 3150/885/3282
f 3144/887/3277 3148/884/3280 3150/885/3282
f 2816/886/2927 3150/885/3282 3147/880/2931
f 3144/887/3277 3150/885/3282 3151/894/3283
f 3144/887/3277 3151/894/3283 3093/895/3225
f 3151/894/3283 3097/900/3228 3093/895/3225
f 3151/894/3283 3152/891/3284 3097/900/3228
f 3152/891/3284 3153/908/3285 3097/900/3228
f 3153/908/3285 3098/907/2515 3097/900/3228
f 3154/889/3286 3150/885/3282 2816/886/2927
f 3150/885/3282 3154/889/3286 3151/894/3283
f 3151/894/3283 3154/889/3286 3152/891/3284
f 2815/890/2926 3154/889/3286 2816/886/2927
f 3152/891/3284 3154/889/3286 2815/890/2926
f 3155/892/2922 3152/891/3284 2815/890/2926
f 3155/892/2922 2813/893/2923 3152/891/3284
f 3098/907/2515 3153/908/3285 3156/899/3287
f 3153/908/3285 3152/891/3284 3156/899/3287
f 2437/906/2516 3098/907/2515 3156/899/3287
f 2813/893/2923 3157/897/3288 3152/891/3284
f 3152/891/3284 3157/897/3288 3156/899/3287
f 2813/893/2923 2924/898/2924 3157/897/3288
f 3157/897/3288 2924/898/2924 3156/899/3287
f 3156/899/3287 3158/902/3289 2437/906/2516
f 2924/898/2924 3158/902/3289 3156/899/3287
f 3158/902/3289 3159/905/2521 2437/906/2516
f 3158/902/3289 2924/898/2924 2927/903/2881
f 3159/905/2521 3158/902/3289 2443/904/2524
f 3158/902/3289 2927/903/2881 2443/904/2524
f 956/2966/1032 954/2967/1029 3281/2968/3290
f 3160/2969/3291 956/2966/1032 3281/2968/3290
f 3281/2968/3290 3282/2970/3292 3160/2969/3291
f 960/2971/1037 956/2966/1032 3160/2969/3291
f 3282/2970/3292 3161/2972/3293 3160/2969/3291
f 3161/2972/3293 3282/2970/3292 3284/2973/3294
f 3162/2974/3295 3161/2972/3293 3284/2973/3294
f 3163/2975/3296 960/2971/1037 3160/2969/3291
f 3160/2969/3291 3161/2972/3293 3163/2975/3296
f 965/2976/1042 960/2971/1037 3163/2975/3296
f 3164/2977/3297 3161/2972/3293 3162/2974/3295
f 3161/2972/3293 3164/2977/3297 3163/2975/3296
f 3165/2978/3298 3164/2977/3297 3162/2974/3295
f 3166/2979/3299 965/2976/1042 3163/2975/3296
f 3163/2975/3296 3164/2977/3297 3166/2979/3299
f 965/2976/1042 3166/2979/3299 3333/2980/1045
f 3166/2979/3299 3329/2981/3300 3333/2980/1045
f 3323/2982/3301 3329/2981/3300 3166/2979/3299
f 3167/2983/3302 3164/2977/3297 3165/2978/3298
f 3164/2977/3297 3167/2983/3302 3166/2979/3299
f 3167/2983/3302 3323/2982/3301 3166/2979/3299
f 3168/2984/3303 3167/2983/3302 3165/2978/3298
f 3323/2982/3301 3167/2983/3302 3168/2984/3303
f 3169/2985/3304 3323/2982/3301 3168/2984/3303
f 3171/2711/3305 3622/2710/3074 3170/2712/3306
f 3172/2713/3307 3171/2711/3305 3170/2712/3306
f 3170/2712/3306 3173/2714/3308 3172/2713/3307
f 3173/2714/3308 3174/2716/3309 3172/2713/3307
f 3174/2716/3309 3173/2714/3308 3175/2717/3310
f 3171/2711/3305 3172/2713/3307 3176/2715/3311
f 3172/2713/3307 3174/2716/3309 3177/2719/3312
f 3176/2715/3311 3172/2713/3307 3177/2719/3312
f 3178/2687/3313 3171/2711/3305 3176/2715/3311
f 3171/2711/3305 3178/2687/3313 4674/2684/3314
f 3176/2715/3311 3177/2719/3312 3179/2718/3315
f 3176/2715/3311 3179/2718/3315 3178/2687/3313
f 3180/2720/3316 3174/2716/3309 3175/2717/3310
f 3181/2721/3317 3177/2719/3312 3174/2716/3309
f 3180/2720/3316 3181/2721/3317 3174/2716/3309
f 3180/2720/3316 3175/2717/3310 3182/2722/3318
f 3175/2717/3310 3631/2723/3319 3182/2722/3318
f 3177/2719/3312 3181/2721/3317 3183/2724/3320
f 3177/2719/3312 3183/2724/3320 3179/2718/3315
f 3181/2721/3317 3180/2720/3316 3184/2725/3321
f 3181/2721/3317 3184/2725/3321 3183/2724/3320
f 3180/2720/3316 3182/2722/3318 3184/2725/3321
f 3182/2722/3318 3631/2723/3319 3185/2763/3322
f 3631/2723/3319 3278/2813/3323 3185/2763/3322
f 3185/2763/3322 3278/2813/3323 3186/2811/3324
f 3183/2724/3320 3187/2726/3325 3179/2718/3315
f 3183/2724/3320 3184/2725/3321 3187/2726/3325
f 3184/2725/3321 3182/2722/3318 3188/2736/3326
f 3182/2722/3318 3185/2763/3322 3188/2736/3326
f 3189/2773/3327 3185/2763/3322 3186/2811/3324
f 3186/2811/3324 3190/2808/3328 3189/2773/3327
f 3189/2773/3327 3190/2808/3328 3275/2806/3329
f 3184/2725/3321 3191/2735/3330 3187/2726/3325
f 3191/2735/3330 3184/2725/3321 3188/2736/3326
f 3185/2763/3322 3189/2773/3327 3192/2761/3331
f 3188/2736/3326 3185/2763/3322 3192/2761/3331
f 3189/2773/3327 3275/2806/3329 3193/2798/3332
f 3275/2806/3329 3274/2805/3333 3193/2798/3332
f 3193/2798/3332 3274/2805/3333 3271/2799/3334
f 3189/2773/3327 3193/2798/3332 3194/2766/3335
f 3192/2761/3331 3189/2773/3327 3194/2766/3335
f 3193/2798/3332 3271/2799/3334 3195/2797/3336
f 3194/2766/3335 3193/2798/3332 3195/2797/3336
f 3195/2797/3336 3196/2768/3337 3194/2766/3335
f 3195/2797/3336 3271/2799/3334 3269/2796/3338
f 3195/2797/3336 3269/2796/3338 3196/2768/3337
f 3269/2796/3338 3197/2795/3339 3196/2768/3337
f 3196/2768/3337 3197/2795/3339 3198/2792/3340
f 3199/2789/3341 3196/2768/3337 3198/2792/3340
f 3198/2792/3340 3200/2790/3342 3199/2789/3341
f 3199/2789/3341 3200/2790/3342 3267/2787/3343
f 3201/2786/3344 3199/2789/3341 3267/2787/3343
f 3201/2786/3344 3267/2787/3343 3202/2783/3345
f 3196/2768/3337 3199/2789/3341 3203/2769/3346
f 3201/2786/3344 3203/2769/3346 3199/2789/3341
f 3203/2769/3346 3201/2786/3344 3204/2771/3347
f 3205/2785/3348 3201/2786/3344 3202/2783/3345
f 3201/2786/3344 3205/2785/3348 3204/2771/3347
f 3205/2785/3348 3202/2783/3345 3266/2781/3349
f 3205/2785/3348 3266/2781/3349 3204/2771/3347
f 3266/2781/3349 3206/2778/3350 3204/2771/3347
f 3204/2771/3347 3206/2778/3350 3207/2774/3351
f 3208/2772/2352 3204/2771/3347 3207/2774/3351
f 3265/2775/2355 3208/2772/2352 3207/2774/3351
f 3204/2771/3347 3208/2772/2352 3209/2770/2350
f 3203/2769/3346 3204/2771/3347 3209/2770/2350
f 3203/2769/3346 3209/2770/2350 3210/2765/2345
f 3211/2767/3352 3196/2768/3337 3203/2769/3346
f 3211/2767/3352 3203/2769/3346 3210/2765/2345
f 3196/2768/3337 3211/2767/3352 3194/2766/3335
f 3212/2764/3353 3211/2767/3352 3210/2765/2345
f 3212/2764/3353 3194/2766/3335 3211/2767/3352
f 3213/2762/2342 3212/2764/3353 3210/2765/2345
f 3192/2761/3331 3194/2766/3335 3212/2764/3353
f 3213/2762/2342 3192/2761/3331 3212/2764/3353
f 3192/2761/3331 3213/2762/2342 2252/2760/2340
f 3188/2736/3326 3192/2761/3331 2252/2760/2340
f 3188/2736/3326 2252/2760/2340 3214/2758/3354
f 2252/2760/2340 2251/2759/2339 3214/2758/3354
f 3214/2758/3354 2251/2759/2339 2249/2757/2337
f 3214/2758/3354 3191/2735/3330 3188/2736/3326
f 3215/2756/3355 3214/2758/3354 2249/2757/2337
f 3215/2756/3355 2249/2757/2337 2246/2754/2334
f 3191/2735/3330 3214/2758/3354 3216/2741/3356
f 3214/2758/3354 3215/2756/3355 3216/2741/3356
f 3217/2755/3357 3215/2756/3355 2246/2754/2334
f 3216/2741/3356 3215/2756/3355 3217/2755/3357
f 3217/2755/3357 2246/2754/2334 3218/2740/3358
f 2246/2754/2334 2245/2753/2333 3218/2740/3358
f 2245/2753/2333 2244/2752/2332 3218/2740/3358
f 3191/2735/3330 3216/2741/3356 3219/2734/3359
f 3187/2726/3325 3191/2735/3330 3219/2734/3359
f 3217/2755/3357 3220/2739/3360 3216/2741/3356
f 3220/2739/3360 3217/2755/3357 3218/2740/3358
f 3220/2739/3360 3219/2734/3359 3216/2741/3356
f 2244/2752/2332 3221/2749/3361 3218/2740/3358
f 2244/2752/2332 3222/2751/2331 3221/2749/3361
f 3222/2751/2331 3223/2750/2330 3221/2749/3361
f 3221/2749/3361 3223/2750/2330 3224/2748/2328
f 3225/2747/3362 3221/2749/3361 3224/2748/2328
f 3218/2740/3358 3221/2749/3361 3225/2747/3362
f 3225/2747/3362 3224/2748/2328 3226/2746/2326
f 3227/2737/3363 3220/2739/3360 3218/2740/3358
f 3227/2737/3363 3218/2740/3358 3225/2747/3362
f 3228/2742/3364 3225/2747/3362 3226/2746/2326
f 3225/2747/3362 3228/2742/3364 3227/2737/3363
f 3226/2746/2326 2241/2745/2325 3228/2742/3364
f 2241/2745/2325 2240/2744/2324 3228/2742/3364
f 3228/2742/3364 2240/2744/2324 2317/2743/2323
f 3229/2738/3365 3228/2742/3364 2317/2743/2323
f 3228/2742/3364 3229/2738/3365 3227/2737/3363
f 3227/2737/3363 3229/2738/3365 3230/2733/3366
f 3231/2732/3367 3220/2739/3360 3227/2737/3363
f 3231/2732/3367 3227/2737/3363 3230/2733/3366
f 3219/2734/3359 3220/2739/3360 3231/2732/3367
f 3231/2732/3367 3230/2733/3366 4629/2731/3368
f 3232/2729/3369 3219/2734/3359 3231/2732/3367
f 3187/2726/3325 3219/2734/3359 3232/2729/3369
f 3233/2730/3370 3231/2732/3367 4629/2731/3368
f 3233/2730/3370 3232/2729/3369 3231/2732/3367
f 3233/2730/3370 4629/2731/3368 3234/2677/3371
f 3235/2727/3372 3187/2726/3325 3232/2729/3369
f 3187/2726/3325 3235/2727/3372 3179/2718/3315
f 3232/2729/3369 3233/2730/3370 3236/2728/3373
f 3235/2727/3372 3232/2729/3369 3236/2728/3373
f 3236/2728/3373 3233/2730/3370 3234/2677/3371
f 3179/2718/3315 3235/2727/3372 3237/2682/3374
f 3235/2727/3372 3236/2728/3373 3237/2682/3374
f 3237/2682/3374 3236/2728/3373 3234/2677/3371
f 3179/2718/3315 3237/2682/3374 3178/2687/3313
f 3238/2675/3375 3237/2682/3374 3234/2677/3371
f 3239/2676/3376 3238/2675/3375 3234/2677/3371
f 3239/2676/3376 4624/2665/3377 3238/2675/3375
f 3240/2681/3378 3178/2687/3313 3237/2682/3374
f 3238/2675/3375 3240/2681/3378 3237/2682/3374
f 3178/2687/3313 3240/2681/3378 4674/2684/3314
f 4674/2684/3314 3240/2681/3378 3241/2683/3379
f 4677/2685/3380 4674/2684/3314 3241/2683/3379
f 3241/2683/3379 3242/2674/3381 4677/2685/3380
f 3242/2674/3381 4681/2686/3382 4677/2685/3380
f 3243/2680/3383 4681/2686/3382 3242/2674/3381
f 3241/2683/3379 3240/2681/3378 3244/2678/3384
f 3244/2678/3384 3240/2681/3378 3238/2675/3375
f 3242/2674/3381 3241/2683/3379 3244/2678/3384
f 4624/2665/3377 3245/2672/3385 3238/2675/3375
f 3245/2672/3385 3244/2678/3384 3238/2675/3375
f 3245/2672/3385 4624/2665/3377 3246/2664/3386
f 4624/2665/3377 4619/2660/3387 3246/2664/3386
f 3247/2673/3388 3244/2678/3384 3245/2672/3385
f 3247/2673/3388 3242/2674/3381 3244/2678/3384
f 3246/2664/3386 3247/2673/3388 3245/2672/3385
f 3248/2679/3389 3243/2680/3383 3242/2674/3381
f 4688/2689/3390 3243/2680/3383 3248/2679/3389
f 3242/2674/3381 3247/2673/3388 3249/2671/3391
f 3249/2671/3391 3247/2673/3388 3246/2664/3386
f 3248/2679/3389 3242/2674/3381 3249/2671/3391
f 3249/2671/3391 3250/2662/3392 3248/2679/3389
f 3251/2688/3393 4688/2689/3390 3248/2679/3389
f 3250/2662/3392 3251/2688/3393 3248/2679/3389
f 3252/2691/3394 4688/2689/3390 3251/2688/3393
f 3249/2671/3391 3246/2664/3386 3253/2661/3395
f 3246/2664/3386 4619/2660/3387 3253/2661/3395
f 3249/2671/3391 3253/2661/3395 3250/2662/3392
f 3254/2690/3396 3252/2691/3394 3251/2688/3393
f 3254/2690/3396 3251/2688/3393 3250/2662/3392
f 3254/2690/3396 3255/2693/3397 3252/2691/3394
f 3253/2661/3395 4619/2660/3387 3256/2658/2253
f 3250/2662/3392 3253/2661/3395 3256/2658/2253
f 4619/2660/3387 4620/2659/2254 3256/2658/2253
f 3257/2663/2258 3250/2662/3392 3256/2658/2253
f 3258/2666/3398 3250/2662/3392 3257/2663/2258
f 3258/2666/3398 3254/2690/3396 3250/2662/3392
f 2175/2667/2262 3258/2666/3398 3257/2663/2258
f 3259/2668/3399 3258/2666/3398 2175/2667/2262
f 3260/2669/2264 3259/2668/3399 2175/2667/2262
f 3259/2668/3399 3260/2669/2264 3261/2670/2265
f 4705/2888/3400 3259/2668/3399 3261/2670/2265
f 3259/2668/3399 4705/2888/3400 4703/2891/3401
f 3259/2668/3399 4703/2891/3401 3262/2892/3402
f 3262/2892/3402 3263/2694/3403 3259/2668/3399
f 3258/2666/3398 3264/2692/3404 3254/2690/3396
f 3258/2666/3398 3259/2668/3399 3264/2692/3404
f 3263/2694/3403 3264/2692/3404 3259/2668/3399
f 3254/2690/3396 3264/2692/3404 3255/2693/3397
f 3264/2692/3404 3263/2694/3403 3255/2693/3397
f 3646/2986/1110 3265/2987/2355 3207/2988/3351
f 3645/2989/3405 3646/2986/1110 3207/2988/3351
f 3207/2988/3351 3206/2990/3350 3645/2989/3405
f 3206/2990/3350 3648/2991/3406 3645/2989/3405
f 3650/2992/3407 3648/2991/3406 3206/2990/3350
f 3266/2993/3349 3650/2992/3407 3206/2990/3350
f 3652/2994/3408 3650/2992/3407 3266/2993/3349
f 3202/2995/3345 3652/2994/3408 3266/2993/3349
f 3654/2996/3409 3652/2994/3408 3202/2995/3345
f 3267/2997/3343 3654/2996/3409 3202/2995/3345
f 3655/2998/3410 3654/2996/3409 3267/2997/3343
f 3200/2999/3342 3655/2998/3410 3267/2997/3343
f 3656/3000/3411 3655/2998/3410 3200/2999/3342
f 3198/3001/3340 3656/3000/3411 3200/2999/3342
f 3198/3001/3340 3658/3002/3412 3656/3000/3411
f 3268/3003/3413 3658/3002/3412 3198/3001/3340
f 3197/3004/3339 3268/3003/3413 3198/3001/3340
f 3268/3003/3413 3197/3004/3339 3269/3005/3338
f 3270/3006/3414 3268/3003/3413 3269/3005/3338
f 3269/3005/3338 3271/3007/3334 3270/3006/3414
f 3270/3006/3414 3272/3008/3415 3268/3003/3413
f 3271/3007/3334 3272/3008/3415 3270/3006/3414
f 3272/3008/3415 3660/3009/3416 3268/3003/3413
f 3662/3010/3417 3660/3009/3416 3272/3008/3415
f 3271/3007/3334 3273/3011/3418 3272/3008/3415
f 3273/3011/3418 3662/3010/3417 3272/3008/3415
f 3271/3007/3334 3274/3012/3333 3273/3011/3418
f 3663/3013/3419 3662/3010/3417 3273/3011/3418
f 3273/3011/3418 3274/3012/3333 3663/3013/3419
f 3274/3012/3333 3275/3014/3329 3663/3013/3419
f 3275/3014/3329 3276/3015/3420 3663/3013/3419
f 3275/3014/3329 3190/3016/3328 3276/3015/3420
f 3190/3016/3328 3664/3017/3421 3276/3015/3420
f 3665/3018/3422 3664/3017/3421 3190/3016/3328
f 3186/3019/3324 3665/3018/3422 3190/3016/3328
f 3277/3020/3423 3665/3018/3422 3186/3019/3324
f 3278/3021/3323 3277/3020/3423 3186/3019/3324
f 3631/3022/3319 3277/3020/3423 3278/3021/3323
f 3631/3022/3319 3498/3023/3424 3277/3020/3423
f 3279/1137/1027 952/1136/1026 3346/1135/3425
f 3280/1138/3426 3279/1137/1027 3346/1135/3425
f 954/1139/1029 3279/1137/1027 3280/1138/3426
f 3281/1141/3290 954/1139/1029 3280/1138/3426
f 3346/1135/3425 3348/1140/3427 3280/1138/3426
f 3282/1145/3292 3281/1141/3290 3280/1138/3426
f 3348/1140/3427 3283/1143/3428 3280/1138/3426
f 3283/1143/3428 3282/1145/3292 3280/1138/3426
f 3283/1143/3428 3348/1140/3427 3351/1144/3429
f 3282/1145/3292 3283/1143/3428 3284/1150/3294
f 3285/1148/3430 3283/1143/3428 3351/1144/3429
f 3283/1143/3428 3285/1148/3430 3284/1150/3294
f 3351/1144/3429 3286/1149/3431 3285/1148/3430
f 3287/1169/3432 3284/1150/3294 3285/1148/3430
f 3286/1149/3431 3288/1170/3433 3285/1148/3430
f 3288/1170/3433 3287/1169/3432 3285/1148/3430
f 3284/1150/3294 3287/1169/3432 3289/1165/3434
f 3162/1157/3295 3284/1150/3294 3289/1165/3434
f 3165/1164/3298 3162/1157/3295 3289/1165/3434
f 3288/1170/3433 3286/1149/3431 3290/1172/3435
f 3286/1149/3431 3371/1173/3436 3290/1172/3435
f 3371/1173/3436 3291/1174/3437 3290/1172/3435
f 3292/1171/3438 3287/1169/3432 3288/1170/3433
f 3290/1172/3435 3292/1171/3438 3288/1170/3433
f 3289/1165/3434 3287/1169/3432 3292/1171/3438
f 3291/1174/3437 3293/1175/3439 3290/1172/3435
f 3290/1172/3435 3293/1175/3439 3292/1171/3438
f 3294/1176/3440 3293/1175/3439 3291/1174/3437
f 3294/1176/3440 3295/1177/3441 3293/1175/3439
f 3293/1175/3439 3295/1177/3441 3296/1178/3442
f 3293/1175/3439 3296/1178/3442 3292/1171/3438
f 3295/1177/3441 3400/1179/3443 3296/1178/3442
f 3297/1183/3444 3165/1164/3298 3289/1165/3434
f 3165/1164/3298 3297/1183/3444 3168/1166/3303
f 3298/1180/3445 3289/1165/3434 3292/1171/3438
f 3292/1171/3438 3296/1178/3442 3298/1180/3445
f 3289/1165/3434 3298/1180/3445 3297/1183/3444
f 3400/1179/3443 3299/1181/3446 3296/1178/3442
f 3299/1181/3446 3400/1179/3443 3402/1182/3447
f 3297/1183/3444 3300/1192/3448 3168/1166/3303
f 3168/1166/3303 3300/1192/3448 3169/1216/3304
f 3298/1180/3445 3301/1191/3449 3297/1183/3444
f 3297/1183/3444 3301/1191/3449 3300/1192/3448
f 3296/1178/3442 3302/1184/3450 3298/1180/3445
f 3299/1181/3446 3302/1184/3450 3296/1178/3442
f 3303/1185/3451 3302/1184/3450 3299/1181/3446
f 3304/1186/3452 3299/1181/3446 3402/1182/3447
f 3304/1186/3452 3303/1185/3451 3299/1181/3446
f 3305/1187/3453 3304/1186/3452 3402/1182/3447
f 3302/1184/3450 3306/1190/3454 3298/1180/3445
f 3306/1190/3454 3301/1191/3449 3298/1180/3445
f 3302/1184/3450 3303/1185/3451 3306/1190/3454
f 3307/1188/3455 3304/1186/3452 3305/1187/3453
f 3303/1185/3451 3304/1186/3452 3307/1188/3455
f 3407/1189/3456 3307/1188/3455 3305/1187/3453
f 3306/1190/3454 3308/1200/3457 3301/1191/3449
f 3303/1185/3451 3308/1200/3457 3306/1190/3454
f 3301/1191/3449 3309/1206/3458 3300/1192/3448
f 3308/1200/3457 3309/1206/3458 3301/1191/3449
f 3307/1188/3455 3407/1189/3456 3310/1193/3459
f 3407/1189/3456 3311/1194/3460 3310/1193/3459
f 3310/1193/3459 3311/1194/3460 3312/1195/3461
f 3311/1194/3460 3313/1196/3462 3312/1195/3461
f 3313/1196/3462 3412/1197/3244 3312/1195/3461
f 3412/1197/3244 3003/1198/3142 3312/1195/3461
f 3312/1195/3461 3003/1198/3142 3002/1199/3141
f 3314/1201/3463 3303/1185/3451 3307/1188/3455
f 3307/1188/3455 3310/1193/3459 3314/1201/3463
f 3300/1192/3448 3309/1206/3458 3315/1210/3464
f 3300/1192/3448 3315/1210/3464 3169/1216/3304
f 3316/1209/3465 3309/1206/3458 3308/1200/3457
f 3309/1206/3458 3316/1209/3465 3315/1210/3464
f 3308/1200/3457 3303/1185/3451 3317/1205/3466
f 3317/1205/3466 3316/1209/3465 3308/1200/3457
f 3303/1185/3451 3314/1201/3463 3317/1205/3466
f 3316/1209/3465 3317/1205/3466 3318/1208/3467
f 3317/1205/3466 3314/1201/3463 3318/1208/3467
f 3315/1210/3464 3316/1209/3465 3318/1208/3467
f 3310/1193/3459 3319/1204/3468 3314/1201/3463
f 3319/1204/3468 3310/1193/3459 3312/1195/3461
f 3318/1208/3467 3314/1201/3463 3319/1204/3468
f 3320/1202/3469 3312/1195/3461 3002/1199/3141
f 3320/1202/3469 3319/1204/3468 3312/1195/3461
f 3002/1199/3141 3321/1203/3135 3320/1202/3469
f 3169/1216/3304 3315/1210/3464 3322/1217/3470
f 3169/1216/3304 3322/1217/3470 3323/1162/3301
f 3324/1215/3471 3315/1210/3464 3318/1208/3467
f 3315/1210/3464 3324/1215/3471 3322/1217/3470
f 3325/1211/3472 3318/1208/3467 3319/1204/3468
f 3318/1208/3467 3325/1211/3472 3324/1215/3471
f 3319/1204/3468 3320/1202/3469 3326/1207/3473
f 3321/1203/3135 3326/1207/3473 3320/1202/3469
f 3325/1211/3472 3319/1204/3468 3326/1207/3473
f 3325/1211/3472 3327/1218/3474 3324/1215/3471
f 3324/1215/3471 3327/1218/3474 3322/1217/3470
f 3323/1162/3301 3322/1217/3470 3328/1160/3475
f 3329/1158/3300 3323/1162/3301 3328/1160/3475
f 3321/1203/3135 3330/1212/3476 3326/1207/3473
f 3330/1212/3476 3321/1203/3135 2993/1213/3133
f 3325/1211/3472 3326/1207/3473 3331/1214/3477
f 3327/1218/3474 3325/1211/3472 3331/1214/3477
f 3330/1212/3476 3331/1214/3477 3326/1207/3473
f 3327/1218/3474 3332/1219/3478 3322/1217/3470
f 3322/1217/3470 3332/1219/3478 3328/1160/3475
f 3332/1219/3478 3327/1218/3474 3331/1214/3477
f 3329/1158/3300 3328/1160/3475 971/1159/1049
f 3333/1155/1045 3329/1158/3300 971/1159/1049
f 971/1159/1049 3328/1160/3475 3334/1161/1051
f 3328/1160/3475 3335/1167/3479 3334/1161/1051
f 3332/1219/3478 3335/1167/3479 3328/1160/3475
f 3336/1168/1058 3334/1161/1051 3335/1167/3479
f 3337/1220/3480 3330/1212/3476 2993/1213/3133
f 3331/1214/3477 3330/1212/3476 3337/1220/3480
f 3338/1221/3481 3332/1219/3478 3331/1214/3477
f 3335/1167/3479 3332/1219/3478 3338/1221/3481
f 3338/1221/3481 3331/1214/3477 3337/1220/3480
f 3339/1226/3482 3336/1168/1058 3335/1167/3479
f 3339/1226/3482 3335/1167/3479 3338/1221/3481
f 3336/1168/1058 3339/1226/3482 1030/1225/1108
f 3337/1220/3480 2993/1213/3133 3340/1222/3483
f 3337/1220/3480 3340/1222/3483 3338/1221/3481
f 3340/1222/3483 3339/1226/3482 3338/1221/3481
f 3339/1226/3482 3340/1222/3483 1030/1225/1108
f 2993/1213/3133 2990/1223/3131 3340/1222/3483
f 1030/1225/1108 3340/1222/3483 1029/1224/686
f 3340/1222/3483 2990/1223/3131 1029/1224/686
f 3342/1228/1111 3647/1230/3484 3341/1232/1115
f 3647/1230/3484 3343/1237/3485 3341/1232/1115
f 3341/1232/1115 3343/1237/3485 1037/1238/1121
f 3343/1237/3485 3647/1230/3484 3344/1240/3486
f 3647/1230/3484 4170/1239/3487 3344/1240/3486
f 3343/1237/3485 3344/1240/3486 4173/1241/3488
f 3343/1237/3485 3345/1243/3489 1037/1238/1121
f 3345/1243/3489 3343/1237/3485 4173/1241/3488
f 1037/1238/1121 3345/1243/3489 952/1244/1026
f 4173/1241/3488 4174/1245/3490 3345/1243/3489
f 3345/1243/3489 3346/1246/3425 952/1244/1026
f 4174/1245/3490 3347/1247/3491 3345/1243/3489
f 3345/1243/3489 3347/1247/3491 3346/1246/3425
f 4174/1245/3490 4177/1248/3492 3347/1247/3491
f 3347/1247/3491 3348/1249/3427 3346/1246/3425
f 4177/1248/3492 3349/1250/3493 3347/1247/3491
f 3347/1247/3491 3349/1250/3493 3348/1249/3427
f 3349/1250/3493 3350/1251/3494 3348/1249/3427
f 3349/1250/3493 4177/1248/3492 4166/1252/3495
f 3350/1251/3494 3351/1253/3429 3348/1249/3427
f 3352/1254/3496 3349/1250/3493 4166/1252/3495
f 4166/1252/3495 3353/1255/3497 3352/1254/3496
f 3354/1242/3498 3352/1254/3496 3353/1255/3497
f 3651/1235/3499 3352/1254/3496 3354/1242/3498
f 4170/1239/3487 3651/1235/3499 3354/1242/3498
f 3651/1235/3499 3653/1257/3500 3352/1254/3496
f 3355/1256/3501 3349/1250/3493 3352/1254/3496
f 3653/1257/3500 3355/1256/3501 3352/1254/3496
f 3349/1250/3493 3355/1256/3501 3350/1251/3494
f 3355/1256/3501 3653/1257/3500 3356/1259/3502
f 3355/1256/3501 3356/1259/3502 3350/1251/3494
f 3653/1257/3500 3357/1260/3503 3356/1259/3502
f 3356/1259/3502 3357/1260/3503 3657/1263/3504
f 3358/1265/3505 3356/1259/3502 3657/1263/3504
f 3350/1251/3494 3356/1259/3502 3358/1265/3505
f 3657/1263/3504 3359/1266/3506 3358/1265/3505
f 3359/1266/3506 3360/1270/3507 3358/1265/3505
f 3659/1268/3508 3360/1270/3507 3359/1266/3506
f 3361/1271/3509 3350/1251/3494 3358/1265/3505
f 3358/1265/3505 3360/1270/3507 3361/1271/3509
f 3659/1268/3508 3362/1275/3510 3360/1270/3507
f 3659/1268/3508 3661/1272/3511 3362/1275/3510
f 3362/1275/3510 3661/1272/3511 3363/1276/3512
f 3350/1251/3494 3361/1271/3509 3364/1280/3513
f 3351/1253/3429 3350/1251/3494 3364/1280/3513
f 3360/1270/3507 3365/1281/3514 3361/1271/3509
f 3360/1270/3507 3362/1275/3510 3365/1281/3514
f 3363/1276/3512 3366/1282/3515 3362/1275/3510
f 3363/1276/3512 3367/1277/3516 3366/1282/3515
f 3365/1281/3514 3368/1285/3517 3361/1271/3509
f 3368/1285/3517 3364/1280/3513 3361/1271/3509
f 3362/1275/3510 3369/1286/3518 3365/1281/3514
f 3368/1285/3517 3365/1281/3514 3369/1286/3518
f 3362/1275/3510 3366/1282/3515 3369/1286/3518
f 3351/1253/3429 3364/1280/3513 3370/1287/3519
f 3286/1288/3431 3351/1253/3429 3370/1287/3519
f 3371/1289/3436 3286/1288/3431 3370/1287/3519
f 3368/1285/3517 3372/1290/3520 3364/1280/3513
f 3372/1290/3520 3368/1285/3517 3369/1286/3518
f 3372/1290/3520 3370/1287/3519 3364/1280/3513
f 3373/1291/3521 3371/1289/3436 3370/1287/3519
f 3371/1289/3436 3373/1291/3521 3291/1292/3437
f 3369/1286/3518 3374/1293/3522 3372/1290/3520
f 3366/1282/3515 3374/1293/3522 3369/1286/3518
f 3370/1287/3519 3372/1290/3520 3375/1294/3523
f 3373/1291/3521 3370/1287/3519 3375/1294/3523
f 3374/1293/3522 3375/1294/3523 3372/1290/3520
f 3373/1291/3521 3375/1294/3523 3376/1295/3524
f 3375/1294/3523 3374/1293/3522 3376/1295/3524
f 3374/1293/3522 3366/1282/3515 3377/1296/3525
f 3374/1293/3522 3377/1296/3525 3376/1295/3524
f 3373/1291/3521 3378/1297/3526 3291/1292/3437
f 3378/1297/3526 3373/1291/3521 3376/1295/3524
f 3366/1282/3515 3379/1298/3527 3377/1296/3525
f 3379/1298/3527 3366/1282/3515 3367/1277/3516
f 3666/1283/3528 3379/1298/3527 3367/1277/3516
f 3380/1299/3529 3377/1296/3525 3379/1298/3527
f 3381/1300/3530 3380/1299/3529 3379/1298/3527
f 3379/1298/3527 3666/1283/3528 3381/1300/3530
f 3382/1301/3531 3377/1296/3525 3380/1299/3529
f 3376/1295/3524 3377/1296/3525 3382/1301/3531
f 3666/1283/3528 3383/1303/3532 3381/1300/3530
f 3378/1297/3526 3376/1295/3524 3384/1302/3533
f 3384/1302/3533 3376/1295/3524 3382/1301/3531
f 3291/1292/3437 3378/1297/3526 3385/1305/3534
f 3386/1306/3535 3378/1297/3526 3384/1302/3533
f 3378/1297/3526 3386/1306/3535 3385/1305/3534
f 3387/1307/3536 3291/1292/3437 3385/1305/3534
f 3294/1308/3440 3291/1292/3437 3387/1307/3536
f 3385/1305/3534 3388/1309/3537 3387/1307/3536
f 3386/1306/3535 3388/1309/3537 3385/1305/3534
f 3388/1309/3537 3386/1306/3535 3389/1310/3538
f 3388/1309/3537 3390/1311/3539 3387/1307/3536
f 3390/1311/3539 3294/1308/3440 3387/1307/3536
f 3390/1311/3539 3388/1309/3537 3389/1310/3538
f 3391/1312/3540 3386/1306/3535 3384/1302/3533
f 3386/1306/3535 3391/1312/3540 3389/1310/3538
f 3392/1315/3541 3384/1302/3533 3382/1301/3531
f 3392/1315/3541 3391/1312/3540 3384/1302/3533
f 3393/1313/3542 3294/1308/3440 3390/1311/3539
f 3294/1308/3440 3393/1313/3542 3295/1314/3441
f 3391/1312/3540 3394/1316/3543 3389/1310/3538
f 3394/1316/3543 3391/1312/3540 3392/1315/3541
f 3395/1323/3544 3392/1315/3541 3382/1301/3531
f 3395/1323/3544 3382/1301/3531 3380/1299/3529
f 3392/1315/3541 3395/1323/3544 3396/1324/3545
f 3395/1323/3544 3380/1299/3529 3396/1324/3545
f 3397/1325/3546 3392/1315/3541 3396/1324/3545
f 3397/1325/3546 3394/1316/3543 3392/1315/3541
f 3398/1317/3547 3390/1311/3539 3389/1310/3538
f 3398/1317/3547 3393/1313/3542 3390/1311/3539
f 3393/1313/3542 3399/1318/3548 3295/1314/3441
f 3295/1314/3441 3399/1318/3548 3400/1319/3443
f 3399/1318/3548 3401/1320/3549 3400/1319/3443
f 3400/1319/3443 3401/1320/3549 3402/1321/3447
f 3399/1318/3548 3393/1313/3542 3403/1322/3550
f 3401/1320/3549 3399/1318/3548 3403/1322/3550
f 3380/1299/3529 3404/1330/3551 3396/1324/3545
f 3396/1324/3545 3404/1330/3551 3397/1325/3546
f 3405/1326/3552 3393/1313/3542 3398/1317/3547
f 3393/1313/3542 3405/1326/3552 3403/1322/3550
f 3402/1321/3447 3401/1320/3549 3406/1327/3553
f 3305/1328/3453 3402/1321/3447 3406/1327/3553
f 3407/1329/3456 3305/1328/3453 3406/1327/3553
f 3408/1331/3554 3406/1327/3553 3401/1320/3549
f 3409/1332/3555 3407/1329/3456 3406/1327/3553
f 3409/1332/3555 3406/1327/3553 3408/1331/3554
f 3409/1332/3555 3410/1333/3556 3407/1329/3456
f 3410/1333/3556 3311/1334/3460 3407/1329/3456
f 3311/1334/3460 3410/1333/3556 3411/1335/3557
f 3313/1336/3462 3311/1334/3460 3411/1335/3557
f 3313/1336/3462 3411/1335/3557 3412/1337/3244
f 3410/1333/3556 3409/1332/3555 3413/1338/3558
f 3413/1338/3558 3409/1332/3555 3408/1331/3554
f 3414/1339/3559 3408/1331/3554 3401/1320/3549
f 3414/1339/3559 3401/1320/3549 3403/1322/3550
f 3414/1339/3559 3415/1340/3560 3408/1331/3554
f 3415/1340/3560 3413/1338/3558 3408/1331/3554
f 3416/1341/3561 3410/1333/3556 3413/1338/3558
f 3411/1335/3557 3410/1333/3556 3416/1341/3561
f 3403/1322/3550 3417/1342/3562 3414/1339/3559
f 3417/1342/3562 3415/1340/3560 3414/1339/3559
f 3413/1338/3558 3415/1340/3560 3418/1343/3563
f 3416/1341/3561 3413/1338/3558 3418/1343/3563
f 3419/1344/3564 3418/1343/3563 3415/1340/3560
f 3417/1342/3562 3419/1344/3564 3415/1340/3560
f 3411/1335/3557 3420/1345/3565 3412/1337/3244
f 3114/1346/3245 3412/1337/3244 3420/1345/3565
f 3421/1347/3566 3114/1346/3245 3420/1345/3565
f 3114/1346/3245 3421/1347/3566 3422/1348/3248
f 3420/1345/3565 3411/1335/3557 3423/1349/3567
f 3420/1345/3565 3423/1349/3567 3421/1347/3566
f 3421/1347/3566 3424/1350/3568 3422/1348/3248
f 3422/1348/3248 3424/1350/3568 3117/1351/3249
f 3425/1352/3569 3411/1335/3557 3416/1341/3561
f 3411/1335/3557 3425/1352/3569 3423/1349/3567
f 3418/1343/3563 3426/1353/3570 3416/1341/3561
f 3426/1353/3570 3418/1343/3563 3419/1344/3564
f 3416/1341/3561 3427/1354/3571 3425/1352/3569
f 3425/1352/3569 3427/1354/3571 3423/1349/3567
f 3426/1353/3570 3427/1354/3571 3416/1341/3561
f 3423/1349/3567 3428/1355/3572 3421/1347/3566
f 3424/1350/3568 3421/1347/3566 3428/1355/3572
f 3427/1354/3571 3429/1356/3573 3423/1349/3567
f 3428/1355/3572 3423/1349/3567 3429/1356/3573
f 3424/1350/3568 3430/1357/3574 3117/1351/3249
f 3117/1351/3249 3430/1357/3574 3119/1358/3251
f 3430/1357/3574 3431/1359/3575 3119/1358/3251
f 3432/1360/3576 3430/1357/3574 3424/1350/3568
f 3431/1359/3575 3430/1357/3574 3432/1360/3576
f 3433/1361/3577 3424/1350/3568 3428/1355/3572
f 3433/1361/3577 3432/1360/3576 3424/1350/3568
f 3428/1355/3572 3434/1362/3578 3433/1361/3577
f 3433/1361/3577 3434/1362/3578 3432/1360/3576
f 3434/1362/3578 3428/1355/3572 3429/1356/3573
f 3429/1356/3573 3427/1354/3571 3435/1363/3579
f 3427/1354/3571 3426/1353/3570 3435/1363/3579
f 3436/1364/3580 3435/1363/3579 3426/1353/3570
f 3429/1356/3573 3435/1363/3579 3437/1365/3581
f 3434/1362/3578 3429/1356/3573 3437/1365/3581
f 3435/1363/3579 3436/1364/3580 3437/1365/3581
f 3434/1362/3578 3438/1366/3582 3432/1360/3576
f 3438/1366/3582 3431/1359/3575 3432/1360/3576
f 3439/1367/3583 3438/1366/3582 3434/1362/3578
f 3437/1365/3581 3439/1367/3583 3434/1362/3578
f 3438/1366/3582 3439/1367/3583 3431/1359/3575
f 3439/1367/3583 3437/1365/3581 3440/1368/3584
f 3441/1369/3585 3436/1364/3580 3426/1353/3570
f 3441/1369/3585 3442/1370/3586 3436/1364/3580
f 3441/1369/3585 3426/1353/3570 3419/1344/3564
f 3442/1370/3586 3441/1369/3585 3419/1344/3564
f 3439/1367/3583 3443/1371/3587 3431/1359/3575
f 3439/1367/3583 3440/1368/3584 3443/1371/3587
f 3437/1365/3581 3444/1372/3588 3440/1368/3584
f 3436/1364/3580 3444/1372/3588 3437/1365/3581
f 3444/1372/3588 3436/1364/3580 3445/1373/3589
f 3444/1372/3588 3445/1373/3589 3440/1368/3584
f 3446/1374/3590 3442/1370/3586 3419/1344/3564
f 3446/1374/3590 3419/1344/3564 3417/1342/3562
f 3442/1370/3586 3447/1375/3591 3436/1364/3580
f 3436/1364/3580 3447/1375/3591 3445/1373/3589
f 3442/1370/3586 3448/1376/3592 3447/1375/3591
f 3449/1377/3593 3446/1374/3590 3417/1342/3562
f 3446/1374/3590 3450/1378/3594 3442/1370/3586
f 3450/1378/3594 3446/1374/3590 3449/1377/3593
f 3442/1370/3586 3451/1379/3595 3448/1376/3592
f 3450/1378/3594 3451/1379/3595 3442/1370/3586
f 3417/1342/3562 3452/1380/3596 3449/1377/3593
f 3417/1342/3562 3403/1322/3550 3452/1380/3596
f 3403/1322/3550 3405/1326/3552 3452/1380/3596
f 3452/1380/3596 3453/1381/3597 3449/1377/3593
f 3453/1381/3597 3452/1380/3596 3405/1326/3552
f 3454/1382/3598 3450/1378/3594 3449/1377/3593
f 3453/1381/3597 3454/1382/3598 3449/1377/3593
f 3455/1383/3599 3453/1381/3597 3405/1326/3552
f 3455/1383/3599 3405/1326/3552 3398/1317/3547
f 3454/1382/3598 3456/1384/3600 3450/1378/3594
f 3456/1384/3600 3451/1379/3595 3450/1378/3594
f 3453/1381/3597 3457/1385/3601 3454/1382/3598
f 3457/1385/3601 3453/1381/3597 3455/1383/3599
f 3457/1385/3601 3456/1384/3600 3454/1382/3598
f 3455/1383/3599 3398/1317/3547 3458/1386/3602
f 3458/1386/3602 3457/1385/3601 3455/1383/3599
f 3398/1317/3547 3389/1310/3538 3458/1386/3602
f 3389/1310/3538 3459/1387/3603 3458/1386/3602
f 3394/1316/3543 3459/1387/3603 3389/1310/3538
f 3394/1316/3543 3460/1388/3604 3459/1387/3603
f 3460/1388/3604 3394/1316/3543 3397/1325/3546
f 3461/1389/3605 3451/1379/3595 3456/1384/3600
f 3462/1390/3606 3456/1384/3600 3457/1385/3601
f 3462/1390/3606 3461/1389/3605 3456/1384/3600
f 3463/1391/3607 3457/1385/3601 3458/1386/3602
f 3463/1391/3607 3462/1390/3606 3457/1385/3601
f 3464/1392/3608 3463/1391/3607 3458/1386/3602
f 3459/1387/3603 3464/1392/3608 3458/1386/3602
f 3463/1391/3607 3464/1392/3608 3465/1393/3609
f 3463/1391/3607 3465/1393/3609 3462/1390/3606
f 3464/1392/3608 3459/1387/3603 3466/1394/3610
f 3464/1392/3608 3466/1394/3610 3465/1393/3609
f 3460/1388/3604 3467/1395/3611 3459/1387/3603
f 3459/1387/3603 3467/1395/3611 3466/1394/3610
f 3451/1379/3595 3461/1389/3605 3468/1396/3612
f 3451/1379/3595 3468/1396/3612 3448/1376/3592
f 3467/1395/3611 3460/1388/3604 4154/1397/3613
f 3469/1398/3614 3467/1395/3611 4154/1397/3613
f 3466/1394/3610 3467/1395/3611 3469/1398/3614
f 3470/1399/3615 3466/1394/3610 3469/1398/3614
f 3470/1399/3615 4149/1400/3616 3466/1394/3610
f 4149/1400/3616 3465/1393/3609 3466/1394/3610
f 4154/1397/3613 3460/1388/3604 4157/1401/3617
f 4149/1400/3616 4147/1402/3618 3465/1393/3609
f 3460/1388/3604 3471/1403/3619 4157/1401/3617
f 3471/1403/3619 3460/1388/3604 3397/1325/3546
f 4157/1401/3617 3471/1403/3619 3472/1404/3620
f 4147/1402/3618 3473/1405/3621 3465/1393/3609
f 3465/1393/3609 3473/1405/3621 3462/1390/3606
f 4147/1402/3618 4144/1406/3622 3473/1405/3621
f 3473/1405/3621 3474/1407/3623 3462/1390/3606
f 4144/1406/3622 3474/1407/3623 3473/1405/3621
f 3474/1407/3623 3461/1389/3605 3462/1390/3606
f 3475/1408/3624 3474/1407/3623 4144/1406/3622
f 3474/1407/3623 3475/1408/3624 3461/1389/3605
f 4145/1409/3625 3475/1408/3624 4144/1406/3622
f 3471/1403/3619 3397/1325/3546 3476/1410/3626
f 3404/1330/3551 3476/1410/3626 3397/1325/3546
f 3471/1403/3619 3477/1411/3627 3472/1404/3620
f 3477/1411/3627 3471/1403/3619 3476/1410/3626
f 3472/1404/3620 3477/1411/3627 3478/1412/3628
f 3477/1411/3627 3476/1410/3626 3478/1412/3628
f 4164/1413/3629 3472/1404/3620 3478/1412/3628
f 3476/1410/3626 3404/1330/3551 3479/1414/3630
f 3479/1414/3630 3404/1330/3551 3380/1299/3529
f 3475/1408/3624 3480/1415/3631 3461/1389/3605
f 3461/1389/3605 3480/1415/3631 3468/1396/3612
f 3481/1416/3632 3475/1408/3624 4145/1409/3625
f 3482/1417/3633 3481/1416/3632 4145/1409/3625
f 3480/1415/3631 3475/1408/3624 3483/1418/3634
f 3480/1415/3631 3483/1418/3634 3468/1396/3612
f 3475/1408/3624 3481/1416/3632 3483/1418/3634
f 3484/1419/3635 3481/1416/3632 3482/1417/3633
f 4164/1413/3629 3478/1412/3628 3484/1419/3635
f 4165/1420/3636 3484/1419/3635 3482/1417/3633
f 4165/1420/3636 4164/1413/3629 3484/1419/3635
f 3481/1416/3632 3484/1419/3635 3485/1421/3637
f 3484/1419/3635 3478/1412/3628 3485/1421/3637
f 3483/1418/3634 3481/1416/3632 3485/1421/3637
f 3483/1418/3634 3486/1422/3638 3468/1396/3612
f 3448/1376/3592 3468/1396/3612 3486/1422/3638
f 3478/1412/3628 3487/1423/3639 3485/1421/3637
f 3476/1410/3626 3487/1423/3639 3478/1412/3628
f 3487/1423/3639 3476/1410/3626 3479/1414/3630
f 3487/1423/3639 3479/1414/3630 3485/1421/3637
f 3483/1418/3634 3485/1421/3637 3488/1424/3640
f 3479/1414/3630 3488/1424/3640 3485/1421/3637
f 3486/1422/3638 3483/1418/3634 3488/1424/3640
f 3488/1424/3640 3479/1414/3630 3489/1425/3641
f 3489/1425/3641 3479/1414/3630 3380/1299/3529
f 3486/1422/3638 3488/1424/3640 3490/1426/3642
f 3490/1426/3642 3488/1424/3640 3489/1425/3641
f 3489/1425/3641 3380/1299/3529 3491/1427/3643
f 3490/1426/3642 3489/1425/3641 3491/1427/3643
f 3380/1299/3529 3381/1300/3530 3491/1427/3643
f 3492/1428/3644 3486/1422/3638 3490/1426/3642
f 3492/1428/3644 3448/1376/3592 3486/1422/3638
f 3493/1430/3645 3490/1426/3642 3491/1427/3643
f 3493/1430/3645 3492/1428/3644 3490/1426/3642
f 3491/1427/3643 3381/1300/3530 3494/1429/3646
f 3493/1430/3645 3491/1427/3643 3494/1429/3646
f 3381/1300/3530 3383/1303/3532 3494/1429/3646
f 3492/1428/3644 3495/1431/3647 3448/1376/3592
f 3495/1431/3647 3492/1428/3644 3493/1430/3645
f 3496/1434/3648 3493/1430/3645 3494/1429/3646
f 3496/1434/3648 3495/1431/3647 3493/1430/3645
f 3494/1429/3646 3383/1303/3532 3497/1432/3649
f 3497/1432/3649 3383/1303/3532 3498/1304/3424
f 3499/1433/3650 3497/1432/3649 3498/1304/3424
f 3500/1435/3651 3494/1429/3646 3497/1432/3649
f 3496/1434/3648 3494/1429/3646 3500/1435/3651
f 3501/1436/3652 3500/1435/3651 3497/1432/3649
f 3501/1436/3652 3496/1434/3648 3500/1435/3651
f 3499/1433/3650 3501/1436/3652 3497/1432/3649
f 3496/1434/3648 3501/1436/3652 3502/1437/3653
f 3495/1431/3647 3496/1434/3648 3502/1437/3653
f 3495/1431/3647 3503/1438/3654 3448/1376/3592
f 3448/1376/3592 3503/1438/3654 3447/1375/3591
f 3504/1439/3655 3503/1438/3654 3495/1431/3647
f 3447/1375/3591 3503/1438/3654 3504/1439/3655
f 3502/1437/3653 3504/1439/3655 3495/1431/3647
f 3445/1373/3589 3447/1375/3591 3504/1439/3655
f 3505/1440/3656 3502/1437/3653 3501/1436/3652
f 3499/1433/3650 3505/1440/3656 3501/1436/3652
f 3506/1441/3657 3504/1439/3655 3502/1437/3653
f 3504/1439/3655 3506/1441/3657 3445/1373/3589
f 3505/1440/3656 3506/1441/3657 3502/1437/3653
f 3506/1441/3657 3505/1440/3656 3507/1442/3658
f 3506/1441/3657 3508/1443/3659 3445/1373/3589
f 3508/1443/3659 3506/1441/3657 3507/1442/3658
f 3445/1373/3589 3508/1443/3659 3440/1368/3584
f 3440/1368/3584 3508/1443/3659 3509/1444/3660
f 3509/1444/3660 3508/1443/3659 3507/1442/3658
f 3507/1442/3658 3510/1445/3661 3509/1444/3660
f 3511/1446/3662 3440/1368/3584 3509/1444/3660
f 3440/1368/3584 3511/1446/3662 3443/1371/3587
f 3509/1444/3660 3512/1447/3663 3511/1446/3662
f 3510/1445/3661 3512/1447/3663 3509/1444/3660
f 3511/1446/3662 3513/1448/3664 3443/1371/3587
f 3512/1447/3663 3513/1448/3664 3511/1446/3662
f 3513/1448/3664 3514/1449/3665 3443/1371/3587
f 3443/1371/3587 3514/1449/3665 3431/1359/3575
f 3513/1448/3664 3512/1447/3663 3515/1450/3666
f 3514/1449/3665 3513/1448/3664 3515/1450/3666
f 3514/1449/3665 3516/1451/3667 3431/1359/3575
f 3431/1359/3575 3516/1451/3667 3119/1358/3251
f 3119/1358/3251 3516/1451/3667 3120/1452/3252
f 3514/1449/3665 3517/1453/3668 3516/1451/3667
f 3517/1453/3668 3514/1449/3665 3515/1450/3666
f 3512/1447/3663 3518/1454/3669 3515/1450/3666
f 3512/1447/3663 3510/1445/3661 3518/1454/3669
f 3516/1451/3667 3519/1455/3670 3120/1452/3252
f 3517/1453/3668 3519/1455/3670 3516/1451/3667
f 3517/1453/3668 3515/1450/3666 3520/1456/3671
f 3515/1450/3666 3518/1454/3669 3520/1456/3671
f 3519/1455/3670 3521/1457/3672 3120/1452/3252
f 3521/1457/3672 3125/1458/3257 3120/1452/3252
f 3126/1459/3258 3125/1458/3257 3521/1457/3672
f 3517/1453/3668 3522/1460/3673 3519/1455/3670
f 3522/1460/3673 3517/1453/3668 3520/1456/3671
f 3522/1460/3673 3523/1461/3674 3519/1455/3670
f 3521/1457/3672 3519/1455/3670 3524/1462/3675
f 3519/1455/3670 3523/1461/3674 3524/1462/3675
f 3523/1461/3674 3522/1460/3673 3525/1463/3676
f 3522/1460/3673 3520/1456/3671 3525/1463/3676
f 3523/1461/3674 3526/1464/3677 3524/1462/3675
f 3526/1464/3677 3523/1461/3674 3525/1463/3676
f 3527/1465/3678 3126/1459/3258 3521/1457/3672
f 3126/1459/3258 3527/1465/3678 3528/1466/3679
f 3131/1467/3263 3126/1459/3258 3528/1466/3679
f 3131/1467/3263 3528/1466/3679 3529/1468/3264
f 3528/1466/3679 3530/1469/2944 3529/1468/3264
f 3521/1457/3672 3524/1462/3675 3531/1470/3680
f 3527/1465/3678 3521/1457/3672 3531/1470/3680
f 3532/1471/3681 3524/1462/3675 3526/1464/3677
f 3524/1462/3675 3532/1471/3681 3531/1470/3680
f 3526/1464/3677 3533/1472/3682 3532/1471/3681
f 3526/1464/3677 3525/1463/3676 3533/1472/3682
f 3533/1472/3682 3534/1473/3683 3532/1471/3681
f 3534/1473/3683 3531/1470/3680 3532/1471/3681
f 3535/1474/3684 3527/1465/3678 3531/1470/3680
f 3528/1466/3679 3527/1465/3678 3535/1474/3684
f 3525/1463/3676 3536/1475/3685 3533/1472/3682
f 3534/1473/3683 3533/1472/3682 3536/1475/3685
f 3531/1470/3680 3534/1473/3683 3537/1476/3686
f 3535/1474/3684 3531/1470/3680 3537/1476/3686
f 3525/1463/3676 3538/1477/3687 3536/1475/3685
f 3520/1456/3671 3538/1477/3687 3525/1463/3676
f 3538/1477/3687 3520/1456/3671 3539/1478/3688
f 3518/1454/3669 3539/1478/3688 3520/1456/3671
f 3539/1478/3688 3518/1454/3669 3540/1479/3689
f 3541/1480/3690 3538/1477/3687 3539/1478/3688
f 3539/1478/3688 3540/1479/3689 3541/1480/3690
f 3538/1477/3687 3542/1481/3691 3536/1475/3685
f 3542/1481/3691 3538/1477/3687 3541/1480/3690
f 3543/1482/3692 3534/1473/3683 3536/1475/3685
f 3543/1482/3692 3536/1475/3685 3542/1481/3691
f 3537/1476/3686 3534/1473/3683 3544/1483/3693
f 3534/1473/3683 3543/1482/3692 3544/1483/3693
f 3518/1454/3669 3545/1484/3694 3540/1479/3689
f 3510/1445/3661 3545/1484/3694 3518/1454/3669
f 3535/1474/3684 3537/1476/3686 3546/1552/3695
f 3547/1554/3696 3535/1474/3684 3546/1552/3695
f 3547/1554/3696 3528/1466/3679 3535/1474/3684
f 3528/1466/3679 3547/1554/3696 3548/1555/3697
f 3548/1555/3697 3547/1554/3696 3546/1552/3695
f 3530/1469/2944 3528/1466/3679 3548/1555/3697
f 3530/1469/2944 3548/1555/3697 3549/1558/3698
f 3549/1558/3698 3548/1555/3697 3550/1557/3699
f 3551/1559/2943 3530/1469/2944 3549/1558/3698
f 3551/1559/2943 3549/1558/3698 3552/1560/2946
f 3553/1556/3700 3548/1555/3697 3546/1552/3695
f 3548/1555/3697 3553/1556/3700 3550/1557/3699
f 3554/1547/3701 3546/1552/3695 3537/1476/3686
f 3546/1552/3695 3554/1547/3701 3553/1556/3700
f 3549/1558/3698 3555/1562/3702 3552/1560/2946
f 3549/1558/3698 3550/1557/3699 3555/1562/3702
f 3552/1560/2946 3555/1562/3702 3556/1563/3703
f 3557/1564/2947 3552/1560/2946 3556/1563/3703
f 3558/1546/3704 3554/1547/3701 3537/1476/3686
f 3558/1546/3704 3559/1541/3705 3554/1547/3701
f 3558/1546/3704 3537/1476/3686 3544/1483/3693
f 3558/1546/3704 3544/1483/3693 3559/1541/3705
f 3554/1547/3701 3560/1561/3706 3553/1556/3700
f 3550/1557/3699 3553/1556/3700 3560/1561/3706
f 3560/1561/3706 3554/1547/3701 3559/1541/3705
f 3556/1563/3703 3555/1562/3702 3561/1565/3707
f 3550/1557/3699 3561/1565/3707 3555/1562/3702
f 3557/1564/2947 3556/1563/3703 3562/1566/3708
f 2833/1567/2949 3557/1564/2947 3562/1566/3708
f 2835/1568/2951 2833/1567/2949 3562/1566/3708
f 3563/1569/3709 2835/1568/2951 3562/1566/3708
f 3563/1569/3709 3562/1566/3708 3556/1563/3703
f 2840/1570/2956 2835/1568/2951 3563/1569/3709
f 3564/1571/2960 2840/1570/2956 3563/1569/3709
f 3564/1571/2960 3563/1569/3709 3565/1572/2966
f 3566/1573/3710 3563/1569/3709 3556/1563/3703
f 3563/1569/3709 3566/1573/3710 3565/1572/2966
f 3565/1572/2966 3566/1573/3710 3567/1574/3711
f 3565/1572/2966 3567/1574/3711 3568/1575/2967
f 3569/1576/3712 3556/1563/3703 3561/1565/3707
f 3556/1563/3703 3569/1576/3712 3566/1573/3710
f 3570/1577/3713 3561/1565/3707 3550/1557/3699
f 3561/1565/3707 3570/1577/3713 3569/1576/3712
f 3566/1573/3710 3571/1578/3714 3567/1574/3711
f 3569/1576/3712 3571/1578/3714 3566/1573/3710
f 3572/1579/3715 3571/1578/3714 3569/1576/3712
f 3571/1578/3714 3572/1579/3715 3567/1574/3711
f 3573/1580/3716 3570/1577/3713 3550/1557/3699
f 3573/1580/3716 3550/1557/3699 3560/1561/3706
f 3570/1577/3713 3574/1581/3717 3569/1576/3712
f 3574/1581/3717 3572/1579/3715 3569/1576/3712
f 3574/1581/3717 3570/1577/3713 3575/1582/3718
f 3570/1577/3713 3573/1580/3716 3575/1582/3718
f 3560/1561/3706 3576/1583/3719 3573/1580/3716
f 3576/1583/3719 3560/1561/3706 3559/1541/3705
f 3576/1583/3719 3577/1584/3720 3573/1580/3716
f 3573/1580/3716 3577/1584/3720 3575/1582/3718
f 3578/1587/3721 3574/1581/3717 3575/1582/3718
f 3572/1579/3715 3574/1581/3717 3578/1587/3721
f 3576/1583/3719 3559/1541/3705 3579/1585/3722
f 3577/1584/3720 3576/1583/3719 3579/1585/3722
f 3575/1582/3718 3577/1584/3720 3580/1588/3723
f 3575/1582/3718 3580/1588/3723 3578/1587/3721
f 3581/1586/3724 3577/1584/3720 3579/1585/3722
f 3577/1584/3720 3581/1586/3724 3580/1588/3723
f 3579/1585/3722 3559/1541/3705 3582/1535/3725
f 3581/1586/3724 3579/1585/3722 3582/1535/3725
f 3559/1541/3705 3583/1540/3726 3582/1535/3725
f 3544/1483/3693 3583/1540/3726 3559/1541/3705
f 3543/1482/3692 3583/1540/3726 3544/1483/3693
f 3583/1540/3726 3543/1482/3692 3582/1535/3725
f 3543/1482/3692 3584/1532/3727 3582/1535/3725
f 3584/1532/3727 3543/1482/3692 3542/1481/3691
f 3585/1534/3728 3581/1586/3724 3582/1535/3725
f 3582/1535/3725 3584/1532/3727 3585/1534/3728
f 3581/1586/3724 3586/1589/3729 3580/1588/3723
f 3586/1589/3729 3581/1586/3724 3585/1534/3728
f 3580/1588/3723 3587/1590/3730 3578/1587/3721
f 3580/1588/3723 3586/1589/3729 3587/1590/3730
f 3588/1525/3731 3584/1532/3727 3542/1481/3691
f 3584/1532/3727 3588/1525/3731 3585/1534/3728
f 3578/1587/3721 3587/1590/3730 3589/1591/3732
f 3589/1591/3732 3572/1579/3715 3578/1587/3721
f 3590/1533/3733 3586/1589/3729 3585/1534/3728
f 3585/1534/3728 3588/1525/3731 3590/1533/3733
f 3591/1485/3734 3588/1525/3731 3542/1481/3691
f 3591/1485/3734 3542/1481/3691 3541/1480/3690
f 3592/1605/3735 3572/1579/3715 3589/1591/3732
f 3572/1579/3715 3592/1605/3735 3567/1574/3711
f 3588/1525/3731 3593/1520/3736 3590/1533/3733
f 3593/1520/3736 3588/1525/3731 3591/1485/3734
f 3541/1480/3690 3594/1486/3737 3591/1485/3734
f 3540/1479/3689 3594/1486/3737 3541/1480/3690
f 3540/1479/3689 3595/1487/3738 3594/1486/3737
f 3594/1486/3737 3596/1516/3739 3591/1485/3734
f 3596/1516/3739 3593/1520/3736 3591/1485/3734
f 3594/1486/3737 3597/1513/3740 3596/1516/3739
f 3595/1487/3738 3597/1513/3740 3594/1486/3737
f 3596/1516/3739 3598/1517/3741 3593/1520/3736
f 3597/1513/3740 3598/1517/3741 3596/1516/3739
f 3592/1605/3735 3599/1606/3742 3567/1574/3711
f 3600/1604/3743 3592/1605/3735 3589/1591/3732
f 3592/1605/3735 3600/1604/3743 3599/1606/3742
f 3599/1606/3742 3601/1607/3744 3567/1574/3711
f 3567/1574/3711 3601/1607/3744 3568/1575/2967
f 3568/1575/2967 3601/1607/3744 3602/1608/3745
f 3601/1607/3744 3599/1606/3742 3602/1608/3745
f 3603/1609/2971 3568/1575/2967 3602/1608/3745
f 3600/1604/3743 3604/1601/3090 3599/1606/3742
f 3599/1606/3742 3604/1601/3090 3602/1608/3745
f 3603/1609/2971 3602/1608/3745 3605/1610/3746
f 3605/1610/3746 3602/1608/3745 3604/1601/3090
f 2852/1611/2972 3603/1609/2971 3605/1610/3746
f 3606/1602/3747 3600/1604/3743 3589/1591/3732
f 3600/1604/3743 3606/1602/3747 3604/1601/3090
f 3607/1603/3091 3605/1610/3746 3604/1601/3090
f 3606/1602/3747 2960/1598/3089 3604/1601/3090
f 3608/1595/3748 3606/1602/3747 3589/1591/3732
f 2960/1598/3089 3606/1602/3747 3608/1595/3748
f 3587/1590/3730 3608/1595/3748 3589/1591/3732
f 3609/1613/3749 3605/1610/3746 3607/1603/3091
f 2852/1611/2972 3605/1610/3746 3609/1613/3749
f 3610/1612/3094 3609/1613/3749 3607/1603/3091
f 3587/1590/3730 3611/1593/3750 3608/1595/3748
f 3586/1589/3729 3611/1593/3750 3587/1590/3730
f 3612/1596/3751 2960/1598/3089 3608/1595/3748
f 3611/1593/3750 3612/1596/3751 3608/1595/3748
f 3611/1593/3750 3586/1589/3729 3613/1592/3752
f 3612/1596/3751 3611/1593/3750 3613/1592/3752
f 3586/1589/3729 3590/1533/3733 3613/1592/3752
f 2960/1598/3089 3612/1596/3751 3614/1594/3753
f 3614/1594/3753 3612/1596/3751 3613/1592/3752
f 3615/1597/3087 2960/1598/3089 3614/1594/3753
f 3616/1527/3754 3613/1592/3752 3590/1533/3733
f 3614/1594/3753 3613/1592/3752 3616/1527/3754
f 3590/1533/3733 3593/1520/3736 3616/1527/3754
f 3615/1597/3087 3614/1594/3753 3617/1528/3755
f 3617/1528/3755 3614/1594/3753 3616/1527/3754
f 3618/1529/3079 3615/1597/3087 3617/1528/3755
f 2951/1518/3073 3618/1529/3079 3617/1528/3755
f 3593/1520/3736 3619/1526/3756 3616/1527/3754
f 3598/1517/3741 3619/1526/3756 3593/1520/3736
f 3617/1528/3755 3616/1527/3754 3620/1521/3757
f 3616/1527/3754 3619/1526/3756 3620/1521/3757
f 3620/1521/3757 2951/1518/3073 3617/1528/3755
f 3619/1526/3756 3598/1517/3741 3620/1521/3757
f 3620/1521/3757 3621/1515/3758 2951/1518/3073
f 3598/1517/3741 3621/1515/3758 3620/1521/3757
f 3621/1515/3758 3622/1512/3074 2951/1518/3073
f 3621/1515/3758 3598/1517/3741 3623/1514/3759
f 3598/1517/3741 3597/1513/3740 3623/1514/3759
f 3622/1512/3074 3621/1515/3758 3624/1511/3760
f 3624/1511/3760 3621/1515/3758 3623/1514/3759
f 3170/1509/3306 3622/1512/3074 3624/1511/3760
f 3597/1513/3740 3625/1510/3761 3623/1514/3759
f 3623/1514/3759 3625/1510/3761 3624/1511/3760
f 3625/1510/3761 3597/1513/3740 3595/1487/3738
f 3624/1511/3760 3626/1508/3762 3170/1509/3306
f 3625/1510/3761 3626/1508/3762 3624/1511/3760
f 3626/1508/3762 3173/1506/3308 3170/1509/3306
f 3626/1508/3762 3625/1510/3761 3627/1507/3763
f 3627/1507/3763 3625/1510/3761 3595/1487/3738
f 3173/1506/3308 3626/1508/3762 3628/1505/3764
f 3628/1505/3764 3626/1508/3762 3627/1507/3763
f 3175/1504/3310 3173/1506/3308 3628/1505/3764
f 3629/1503/3765 3628/1505/3764 3627/1507/3763
f 3628/1505/3764 3629/1503/3765 3175/1504/3310
f 3595/1487/3738 3629/1503/3765 3627/1507/3763
f 3595/1487/3738 3630/1491/3766 3629/1503/3765
f 3629/1503/3765 3631/1502/3319 3175/1504/3310
f 3629/1503/3765 3632/1501/3767 3631/1502/3319
f 3630/1491/3766 3632/1501/3767 3629/1503/3765
f 3632/1501/3767 3498/1304/3424 3631/1502/3319
f 3632/1501/3767 3499/1433/3650 3498/1304/3424
f 3632/1501/3767 3630/1491/3766 3499/1433/3650
f 3595/1487/3738 3633/1490/3768 3630/1491/3766
f 3633/1490/3768 3595/1487/3738 3540/1479/3689
f 3634/1488/3769 3633/1490/3768 3540/1479/3689
f 3540/1479/3689 3545/1484/3694 3634/1488/3769
f 3545/1484/3694 3635/1489/3770 3634/1488/3769
f 3545/1484/3694 3510/1445/3661 3635/1489/3770
f 3634/1488/3769 3636/1492/3771 3633/1490/3768
f 3634/1488/3769 3635/1489/3770 3636/1492/3771
f 3633/1490/3768 3637/1493/3772 3630/1491/3766
f 3636/1492/3771 3637/1493/3772 3633/1490/3768
f 3637/1493/3772 3638/1494/3773 3630/1491/3766
f 3638/1494/3773 3637/1493/3772 3636/1492/3771
f 3630/1491/3766 3639/1499/3774 3499/1433/3650
f 3638/1494/3773 3639/1499/3774 3630/1491/3766
f 3640/1495/3775 3636/1492/3771 3635/1489/3770
f 3640/1495/3775 3638/1494/3773 3636/1492/3771
f 3510/1445/3661 3641/1496/3776 3635/1489/3770
f 3641/1496/3776 3640/1495/3775 3635/1489/3770
f 3641/1496/3776 3510/1445/3661 3642/1497/3777
f 3642/1497/3777 3640/1495/3775 3641/1496/3776
f 3510/1445/3661 3507/1442/3658 3642/1497/3777
f 3643/1498/3778 3638/1494/3773 3640/1495/3775
f 3640/1495/3775 3642/1497/3777 3643/1498/3778
f 3639/1499/3774 3638/1494/3773 3643/1498/3778
f 3642/1497/3777 3507/1442/3658 3643/1498/3778
f 3639/1499/3774 3644/1500/3779 3499/1433/3650
f 3644/1500/3779 3639/1499/3774 3643/1498/3778
f 3507/1442/3658 3644/1500/3779 3643/1498/3778
f 3644/1500/3779 3505/1440/3656 3499/1433/3650
f 3505/1440/3656 3644/1500/3779 3507/1442/3658
f 3646/3024/1110 3645/3025/3405 3342/3026/1111
f 3645/3025/3405 3647/3027/3484 3342/3026/1111
f 3645/3025/3405 3648/3028/3406 3647/3027/3484
f 3647/3027/3484 3648/3028/3406 3649/3029/3780
f 3647/3027/3484 3649/3029/3780 4170/3030/3487
f 3649/3029/3780 3648/3028/3406 3650/3031/3407
f 4170/3030/3487 3649/3029/3780 3651/3032/3499
f 3649/3029/3780 3650/3031/3407 3651/3032/3499
f 3650/3031/3407 3652/3033/3408 3651/3032/3499
f 3652/3033/3408 3653/3034/3500 3651/3032/3499
f 3652/3033/3408 3654/3035/3409 3653/3034/3500
f 3655/3036/3410 3653/3034/3500 3654/3035/3409
f 3357/3037/3503 3653/3034/3500 3655/3036/3410
f 3655/3036/3410 3656/3038/3411 3357/3037/3503
f 3657/3039/3504 3357/3037/3503 3656/3038/3411
f 3658/3040/3412 3657/3039/3504 3656/3038/3411
f 3359/3041/3506 3657/3039/3504 3658/3040/3412
f 3268/3042/3413 3359/3041/3506 3658/3040/3412
f 3359/3041/3506 3268/3042/3413 3659/3043/3508
f 3268/3042/3413 3660/3044/3416 3659/3043/3508
f 3661/3045/3511 3659/3043/3508 3660/3044/3416
f 3662/3046/3417 3661/3045/3511 3660/3044/3416
f 3663/3047/3419 3661/3045/3511 3662/3046/3417
f 3663/3047/3419 3276/3048/3420 3661/3045/3511
f 3276/3048/3420 3363/3049/3512 3661/3045/3511
f 3367/3050/3516 3363/3049/3512 3276/3048/3420
f 3664/3051/3421 3367/3050/3516 3276/3048/3420
f 3367/3050/3516 3664/3051/3421 3665/3052/3422
f 3665/3052/3422 3666/3053/3528 3367/3050/3516
f 3665/3052/3422 3277/3054/3423 3666/3053/3528
f 3666/3053/3528 3277/3054/3423 3383/3055/3532
f 3277/3054/3423 3498/3056/3424 3383/3055/3532
f 5215/1656/3781 3667/1658/3782 5213/1657/3783
f 3667/1658/3782 3668/1659/3784 5213/1657/3783
f 3668/1659/3784 3667/1658/3782 3669/1660/3785
f 5213/1657/3783 3668/1659/3784 3670/1661/3786
f 3671/1662/3787 3668/1659/3784 3669/1660/3785
f 3669/1660/3785 3672/1663/3788 3671/1662/3787
f 3668/1659/3784 3673/1664/3789 3670/1661/3786
f 3673/1664/3789 3668/1659/3784 3671/1662/3787
f 3672/1663/3788 3674/1665/3790 3671/1662/3787
f 3672/1663/3788 3813/1666/3791 3674/1665/3790
f 3670/1661/3786 3673/1664/3789 3675/1667/3792
f 3676/1668/3793 3670/1661/3786 3675/1667/3792
f 3677/1669/3794 3673/1664/3789 3671/1662/3787
f 3677/1669/3794 3671/1662/3787 3674/1665/3790
f 3813/1666/3791 3678/1670/3795 3674/1665/3790
f 3678/1670/3795 3813/1666/3791 3814/1671/3796
f 3679/1672/3797 3678/1670/3795 3814/1671/3796
f 3680/1673/3798 3675/1667/3792 3673/1664/3789
f 3677/1669/3794 3680/1673/3798 3673/1664/3789
f 3676/1668/3793 3675/1667/3792 3681/1674/3799
f 5204/1675/3800 3676/1668/3793 3681/1674/3799
f 3682/1676/3801 3677/1669/3794 3674/1665/3790
f 3674/1665/3790 3678/1670/3795 3682/1676/3801
f 5204/1675/3800 3681/1674/3799 3683/1677/3802
f 5201/1678/3803 5204/1675/3800 3683/1677/3802
f 3683/1677/3802 3681/1674/3799 3684/1679/3804
f 3681/1674/3799 3675/1667/3792 3685/1680/3805
f 3681/1674/3799 3685/1680/3805 3684/1679/3804
f 3675/1667/3792 3680/1673/3798 3685/1680/3805
f 3684/1679/3804 3685/1680/3805 3803/1681/3806
f 3686/1682/3807 3680/1673/3798 3677/1669/3794
f 3682/1676/3801 3686/1682/3807 3677/1669/3794
f 3685/1680/3805 3680/1673/3798 3687/1683/3808
f 3685/1680/3805 3687/1683/3808 3803/1681/3806
f 3680/1673/3798 3686/1682/3807 3687/1683/3808
f 3687/1683/3808 3688/1684/3809 3803/1681/3806
f 3687/1683/3808 3686/1682/3807 3688/1684/3809
f 3688/1684/3809 3798/1685/3810 3803/1681/3806
f 3689/1686/3811 3686/1682/3807 3682/1676/3801
f 3686/1682/3807 3689/1686/3811 3688/1684/3809
f 3688/1684/3809 3690/1687/3812 3798/1685/3810
f 3688/1684/3809 3689/1686/3811 3690/1687/3812
f 3690/1687/3812 3788/1688/3813 3798/1685/3810
f 3786/1689/3814 3788/1688/3813 3690/1687/3812
f 3691/1690/3815 3689/1686/3811 3682/1676/3801
f 3678/1670/3795 3691/1690/3815 3682/1676/3801
f 3692/1691/3816 3786/1689/3814 3690/1687/3812
f 3693/1692/3817 3786/1689/3814 3692/1691/3816
f 3689/1686/3811 3694/1693/3818 3690/1687/3812
f 3694/1693/3818 3689/1686/3811 3691/1690/3815
f 3692/1691/3816 3690/1687/3812 3694/1693/3818
f 3695/1694/3819 3691/1690/3815 3678/1670/3795
f 3695/1694/3819 3694/1693/3818 3691/1690/3815
f 3679/1672/3797 3695/1694/3819 3678/1670/3795
f 3696/1695/3820 3694/1693/3818 3695/1694/3819
f 3696/1695/3820 3692/1691/3816 3694/1693/3818
f 3692/1691/3816 3696/1695/3820 3697/1696/3821
f 3698/1697/3822 3692/1691/3816 3697/1696/3821
f 3693/1692/3817 3692/1691/3816 3698/1697/3822
f 3699/1698/3823 3696/1695/3820 3695/1694/3819
f 3695/1694/3819 3679/1672/3797 3699/1698/3823
f 3697/1696/3821 3696/1695/3820 3699/1698/3823
f 3700/1699/3824 3693/1692/3817 3698/1697/3822
f 3697/1696/3821 3701/1700/3825 3698/1697/3822
f 3701/1700/3825 3700/1699/3824 3698/1697/3822
f 3700/1699/3824 3702/1701/3826 3693/1692/3817
f 3702/1701/3826 3703/1702/3827 3693/1692/3817
f 3704/1703/3828 3703/1702/3827 3702/1701/3826
f 3701/1700/3825 3705/1704/3829 3700/1699/3824
f 3705/1704/3829 3702/1701/3826 3700/1699/3824
f 3706/1705/3830 3704/1703/3828 3702/1701/3826
f 3949/1706/3831 3704/1703/3828 3706/1705/3830
f 3949/1706/3831 3706/1705/3830 3952/1707/3832
f 3707/1708/3833 3706/1705/3830 3702/1701/3826
f 3706/1705/3830 3707/1708/3833 3952/1707/3832
f 3705/1704/3829 3707/1708/3833 3702/1701/3826
f 3952/1707/3832 3707/1708/3833 3708/1709/3834
f 3954/1710/3835 3952/1707/3832 3708/1709/3834
f 3954/1710/3835 3708/1709/3834 3962/1711/3836
f 3705/1704/3829 3709/1712/3837 3707/1708/3833
f 3709/1712/3837 3708/1709/3834 3707/1708/3833
f 3701/1700/3825 3710/1713/3838 3705/1704/3829
f 3710/1713/3838 3709/1712/3837 3705/1704/3829
f 3708/1709/3834 3711/1714/3839 3962/1711/3836
f 3709/1712/3837 3712/1715/3840 3708/1709/3834
f 3712/1715/3840 3711/1714/3839 3708/1709/3834
f 3962/1711/3836 3711/1714/3839 3713/1716/3841
f 3961/1717/3842 3962/1711/3836 3713/1716/3841
f 3713/1716/3841 3711/1714/3839 3714/1718/3843
f 3711/1714/3839 3712/1715/3840 3714/1718/3843
f 3714/1718/3843 3712/1715/3840 3715/1719/3844
f 3716/1720/3845 3712/1715/3840 3709/1712/3837
f 3712/1715/3840 3716/1720/3845 3715/1719/3844
f 3710/1713/3838 3716/1720/3845 3709/1712/3837
f 3716/1720/3845 3717/1721/3846 3715/1719/3844
f 3716/1720/3845 3710/1713/3838 3717/1721/3846
f 3717/1721/3846 3718/1722/3847 3715/1719/3844
f 3766/1723/3848 3718/1722/3847 3717/1721/3846
f 3719/1724/3849 3766/1723/3848 3717/1721/3846
f 3710/1713/3838 3720/1725/3850 3717/1721/3846
f 3719/1724/3849 3717/1721/3846 3720/1725/3850
f 3721/1726/3851 3719/1724/3849 3720/1725/3850
f 3710/1713/3838 3701/1700/3825 3720/1725/3850
f 3722/1727/3852 3721/1726/3851 3720/1725/3850
f 3701/1700/3825 3723/1728/3853 3720/1725/3850
f 3723/1728/3853 3722/1727/3852 3720/1725/3850
f 3723/1728/3853 3701/1700/3825 3697/1696/3821
f 3722/1727/3852 3723/1728/3853 3724/1729/3854
f 3724/1729/3854 3723/1728/3853 3697/1696/3821
f 3725/1730/3855 3722/1727/3852 3724/1729/3854
f 3725/1730/3855 3724/1729/3854 3726/1731/3856
f 3923/1732/3857 3725/1730/3855 3726/1731/3856
f 3923/1732/3857 3726/1731/3856 3727/1733/3858
f 3728/1734/3859 3923/1732/3857 3727/1733/3858
f 3724/1729/3854 3697/1696/3821 3729/1735/3860
f 3724/1729/3854 3729/1735/3860 3726/1731/3856
f 3697/1696/3821 3730/1736/3861 3729/1735/3860
f 3730/1736/3861 3697/1696/3821 3699/1698/3823
f 3729/1735/3860 3731/1737/3862 3726/1731/3856
f 3729/1735/3860 3730/1736/3861 3731/1737/3862
f 3730/1736/3861 3699/1698/3823 3732/1738/3863
f 3679/1672/3797 3732/1738/3863 3699/1698/3823
f 3727/1733/3858 3726/1731/3856 3733/1739/3864
f 3726/1731/3856 3731/1737/3862 3733/1739/3864
f 3730/1736/3861 3734/1740/3865 3731/1737/3862
f 3734/1740/3865 3730/1736/3861 3732/1738/3863
f 3733/1739/3864 3731/1737/3862 3735/1741/3866
f 3731/1737/3862 3734/1740/3865 3735/1741/3866
f 3734/1740/3865 3732/1738/3863 3736/1742/3867
f 3735/1741/3866 3734/1740/3865 3736/1742/3867
f 3735/1741/3866 3737/1743/3868 3733/1739/3864
f 3737/1743/3868 3727/1733/3858 3733/1739/3864
f 3728/1734/3859 3727/1733/3858 3738/1849/3869
f 3927/1850/3870 3728/1734/3859 3738/1849/3869
f 3739/1851/3871 3927/1850/3870 3738/1849/3869
f 3679/1672/3797 3740/1744/3872 3732/1738/3863
f 3740/1744/3872 3736/1742/3867 3732/1738/3863
f 3735/1741/3866 3736/1742/3867 3741/1745/3873
f 3737/1743/3868 3735/1741/3866 3741/1745/3873
f 3740/1744/3872 3742/1746/3874 3736/1742/3867
f 3742/1746/3874 3741/1745/3873 3736/1742/3867
f 3727/1733/3858 3737/1743/3868 3743/1842/3875
f 3727/1733/3858 3744/1848/3876 3738/1849/3869
f 3744/1848/3876 3727/1733/3858 3743/1842/3875
f 3745/1852/3877 3739/1851/3871 3738/1849/3869
f 3744/1848/3876 3745/1852/3877 3738/1849/3869
f 3739/1851/3871 3745/1852/3877 3746/1853/3878
f 3745/1852/3877 3744/1848/3876 3746/1853/3878
f 3744/1848/3876 3747/1847/3879 3746/1853/3878
f 3929/1854/3880 3739/1851/3871 3746/1853/3878
f 3929/1854/3880 3746/1853/3878 3747/1847/3879
f 3748/1855/3881 3929/1854/3880 3747/1847/3879
f 3748/1855/3881 3747/1847/3879 3853/1856/3882
f 3737/1743/3868 3741/1745/3873 3749/1840/3883
f 3743/1842/3875 3737/1743/3868 3749/1840/3883
f 3741/1745/3873 3742/1746/3874 3750/1839/3884
f 3750/1839/3884 3749/1840/3883 3741/1745/3873
f 3744/1848/3876 3743/1842/3875 3751/1846/3885
f 3747/1847/3879 3744/1848/3876 3751/1846/3885
f 3747/1847/3879 3752/1857/3886 3853/1856/3882
f 3853/1856/3882 3752/1857/3886 3852/1858/3887
f 3753/1845/3888 3747/1847/3879 3751/1846/3885
f 3747/1847/3879 3753/1845/3888 3752/1857/3886
f 3743/1842/3875 3754/1844/3889 3751/1846/3885
f 3751/1846/3885 3754/1844/3889 3753/1845/3888
f 3743/1842/3875 3749/1840/3883 3755/1841/3890
f 3754/1844/3889 3743/1842/3875 3755/1841/3890
f 3750/1839/3884 3756/1831/3891 3749/1840/3883
f 3756/1831/3891 3755/1841/3890 3749/1840/3883
f 3754/1844/3889 3755/1841/3890 3757/1843/3892
f 3754/1844/3889 3757/1843/3892 3753/1845/3888
f 3753/1845/3888 3757/1843/3892 3758/1833/3893
f 3755/1841/3890 3759/1834/3894 3757/1843/3892
f 3759/1834/3894 3755/1841/3890 3756/1831/3891
f 3757/1843/3892 3759/1834/3894 3758/1833/3893
f 3753/1845/3888 3760/1859/3895 3752/1857/3886
f 3760/1859/3895 3753/1845/3888 3758/1833/3893
f 3752/1857/3886 3761/1860/3896 3852/1858/3887
f 3752/1857/3886 3760/1859/3895 3761/1860/3896
f 3750/1839/3884 3762/1773/3897 3756/1831/3891
f 3742/1746/3874 3762/1773/3897 3750/1839/3884
f 3763/1861/3898 3760/1859/3895 3758/1833/3893
f 3760/1859/3895 3763/1861/3898 3761/1860/3896
f 3761/1860/3896 3764/1862/3899 3852/1858/3887
f 3764/1862/3899 3765/1863/3900 3852/1858/3887
f 3766/1864/3848 3765/1863/3900 3764/1862/3899
f 3718/1865/3847 3766/1864/3848 3764/1862/3899
f 3767/1866/3901 3764/1862/3899 3761/1860/3896
f 3764/1862/3899 3767/1866/3901 3718/1865/3847
f 3718/1865/3847 3767/1866/3901 3768/1867/3902
f 3715/1868/3844 3718/1865/3847 3768/1867/3902
f 3715/1868/3844 3768/1867/3902 3714/1869/3843
f 3769/1870/3903 3767/1866/3901 3761/1860/3896
f 3763/1861/3898 3769/1870/3903 3761/1860/3896
f 3767/1866/3901 3769/1870/3903 3768/1867/3902
f 3768/1867/3902 3770/1872/3904 3714/1869/3843
f 3714/1869/3843 3770/1872/3904 3713/1873/3841
f 3769/1870/3903 3771/1871/3905 3768/1867/3902
f 3769/1870/3903 3763/1861/3898 3771/1871/3905
f 3771/1871/3905 3772/1874/3906 3768/1867/3902
f 3772/1874/3906 3770/1872/3904 3768/1867/3902
f 3770/1872/3904 3773/1875/3907 3713/1873/3841
f 3961/1876/3842 3713/1873/3841 3773/1875/3907
f 3961/1876/3842 3773/1875/3907 3774/1877/3908
f 3775/1878/3909 3961/1876/3842 3774/1877/3908
f 3775/1878/3909 3774/1877/3908 3949/1879/3831
f 3774/1877/3908 3704/1880/3828 3949/1879/3831
f 3776/1881/3910 3773/1875/3907 3770/1872/3904
f 3772/1874/3906 3776/1881/3910 3770/1872/3904
f 3774/1877/3908 3773/1875/3907 3776/1881/3910
f 3763/1861/3898 3777/1838/3911 3771/1871/3905
f 3771/1871/3905 3777/1838/3911 3772/1874/3906
f 3704/1880/3828 3774/1877/3908 3778/1884/3912
f 3703/1836/3827 3704/1880/3828 3778/1884/3912
f 3779/1883/3913 3774/1877/3908 3776/1881/3910
f 3774/1877/3908 3779/1883/3913 3778/1884/3912
f 3772/1874/3906 3780/1882/3914 3776/1881/3910
f 3780/1882/3914 3779/1883/3913 3776/1881/3910
f 3777/1838/3911 3780/1882/3914 3772/1874/3906
f 3781/1835/3915 3703/1836/3827 3778/1884/3912
f 3781/1835/3915 3778/1884/3912 3779/1883/3913
f 3780/1882/3914 3781/1835/3915 3779/1883/3913
f 3780/1882/3914 3777/1838/3911 3781/1835/3915
f 3693/1827/3817 3703/1836/3827 3781/1835/3915
f 3763/1861/3898 3782/1837/3916 3777/1838/3911
f 3782/1837/3916 3763/1861/3898 3758/1833/3893
f 3783/1825/3917 3782/1837/3916 3758/1833/3893
f 3777/1838/3911 3784/1830/3918 3781/1835/3915
f 3782/1837/3916 3784/1830/3918 3777/1838/3911
f 3784/1830/3918 3693/1827/3817 3781/1835/3915
f 3782/1837/3916 3783/1825/3917 3784/1830/3918
f 3784/1830/3918 3785/1826/3919 3693/1827/3817
f 3783/1825/3917 3785/1826/3919 3784/1830/3918
f 3785/1826/3919 3786/1822/3814 3693/1827/3817
f 3786/1822/3814 3785/1826/3919 3787/1821/3920
f 3785/1826/3919 3783/1825/3917 3787/1821/3920
f 3788/1818/3813 3786/1822/3814 3787/1821/3920
f 3789/1832/3921 3783/1825/3917 3758/1833/3893
f 3759/1834/3894 3789/1832/3921 3758/1833/3893
f 3789/1832/3921 3759/1834/3894 3790/1829/3922
f 3790/1829/3922 3759/1834/3894 3756/1831/3891
f 3783/1825/3917 3789/1832/3921 3791/1828/3923
f 3791/1828/3923 3789/1832/3921 3790/1829/3922
f 3783/1825/3917 3792/1824/3924 3787/1821/3920
f 3792/1824/3924 3783/1825/3917 3791/1828/3923
f 3793/1820/3925 3788/1818/3813 3787/1821/3920
f 3792/1824/3924 3793/1820/3925 3787/1821/3920
f 3756/1831/3891 3794/1799/3926 3790/1829/3922
f 3762/1773/3897 3794/1799/3926 3756/1831/3891
f 3791/1828/3923 3795/1819/3927 3792/1824/3924
f 3795/1819/3927 3793/1820/3925 3792/1824/3924
f 3793/1820/3925 3796/1817/3928 3788/1818/3813
f 3796/1817/3928 3793/1820/3925 3795/1819/3927
f 3797/1793/3929 3796/1817/3928 3795/1819/3927
f 3798/1816/3810 3788/1818/3813 3796/1817/3928
f 3790/1829/3922 3799/1823/3930 3791/1828/3923
f 3799/1823/3930 3795/1819/3927 3791/1828/3923
f 3794/1799/3926 3799/1823/3930 3790/1829/3922
f 3799/1823/3930 3800/1796/3931 3795/1819/3927
f 3799/1823/3930 3794/1799/3926 3800/1796/3931
f 3800/1796/3931 3797/1793/3929 3795/1819/3927
f 3801/1774/3932 3794/1799/3926 3762/1773/3897
f 3794/1799/3926 3801/1774/3932 3800/1796/3931
f 3802/1815/3933 3798/1816/3810 3796/1817/3928
f 3803/1813/3806 3798/1816/3810 3802/1815/3933
f 3802/1815/3933 3796/1817/3928 3804/1797/3934
f 3796/1817/3928 3797/1793/3929 3804/1797/3934
f 3805/1814/3935 3803/1813/3806 3802/1815/3933
f 3802/1815/3933 3804/1797/3934 3805/1814/3935
f 3805/1814/3935 3806/1803/3936 3803/1813/3806
f 3806/1803/3936 3684/1812/3804 3803/1813/3806
f 3683/1811/3802 3684/1812/3804 3806/1803/3936
f 3807/1768/3937 3801/1774/3932 3762/1773/3897
f 3762/1773/3897 3742/1746/3874 3807/1768/3937
f 3804/1797/3934 3808/1800/3938 3805/1814/3935
f 3805/1814/3935 3808/1800/3938 3806/1803/3936
f 3809/1808/3939 3683/1811/3802 3806/1803/3936
f 5201/1810/3803 3683/1811/3802 3809/1808/3939
f 5220/1809/3940 5201/1810/3803 3809/1808/3939
f 5220/1809/3940 3809/1808/3939 3810/1807/3941
f 3809/1808/3939 3811/1805/3942 3810/1807/3941
f 3809/1808/3939 3806/1803/3936 3811/1805/3942
f 3810/1807/3941 3811/1805/3942 5215/1806/3781
f 3811/1805/3942 3667/1804/3782 5215/1806/3781
f 3806/1803/3936 3812/1802/3943 3811/1805/3942
f 3667/1804/3782 3811/1805/3942 3812/1802/3943
f 3808/1800/3938 3812/1802/3943 3806/1803/3936
f 3669/1801/3785 3667/1804/3782 3812/1802/3943
f 3812/1802/3943 3808/1800/3938 3669/1801/3785
f 3808/1800/3938 3672/1798/3788 3669/1801/3785
f 3808/1800/3938 3804/1797/3934 3672/1798/3788
f 3804/1797/3934 3813/1795/3791 3672/1798/3788
f 3813/1795/3791 3804/1797/3934 3797/1793/3929
f 3814/1794/3796 3813/1795/3791 3797/1793/3929
f 3814/1794/3796 3797/1793/3929 3847/1792/3944
f 3797/1793/3929 3815/1791/3945 3847/1792/3944
f 3847/1792/3944 3815/1791/3945 3816/1789/3946
f 3815/1791/3945 3797/1793/3929 3800/1796/3931
f 3815/1791/3945 3817/1788/3947 3816/1789/3946
f 3816/1789/3946 3817/1788/3947 3818/1786/3948
f 3819/1790/3949 3815/1791/3945 3800/1796/3931
f 3817/1788/3947 3815/1791/3945 3819/1790/3949
f 3801/1774/3932 3819/1790/3949 3800/1796/3931
f 3817/1788/3947 3820/1785/3950 3818/1786/3948
f 3818/1786/3948 3820/1785/3950 3821/1784/3951
f 3822/1787/3952 3817/1788/3947 3819/1790/3949
f 3820/1785/3950 3817/1788/3947 3822/1787/3952
f 3819/1790/3949 3801/1774/3932 3823/1775/3953
f 3822/1787/3952 3819/1790/3949 3823/1775/3953
f 3820/1785/3950 3824/1781/3954 3821/1784/3951
f 3934/1783/3955 3821/1784/3951 3824/1781/3954
f 3825/1782/3956 3934/1783/3955 3824/1781/3954
f 3825/1782/3956 3824/1781/3954 3946/1779/3957
f 3826/1780/3958 3820/1785/3950 3822/1787/3952
f 3824/1781/3954 3820/1785/3950 3826/1780/3958
f 3822/1787/3952 3823/1775/3953 3826/1780/3958
f 3824/1781/3954 3827/1778/3959 3946/1779/3957
f 3827/1778/3959 3824/1781/3954 3826/1780/3958
f 3946/1779/3957 3827/1778/3959 3828/1772/3960
f 3827/1778/3959 3826/1780/3958 3829/1777/3961
f 3827/1778/3959 3829/1777/3961 3828/1772/3960
f 3826/1780/3958 3830/1776/3962 3829/1777/3961
f 3823/1775/3953 3830/1776/3962 3826/1780/3958
f 3828/1772/3960 3829/1777/3961 3831/1771/3963
f 3831/1771/3963 3829/1777/3961 3830/1776/3962
f 3942/1767/3964 3828/1772/3960 3831/1771/3963
f 3832/1770/3965 3830/1776/3962 3823/1775/3953
f 3832/1770/3965 3831/1771/3963 3830/1776/3962
f 3942/1767/3964 3831/1771/3963 3833/1765/3966
f 3831/1771/3963 3832/1770/3965 3833/1765/3966
f 3939/1766/3967 3942/1767/3964 3833/1765/3966
f 3939/1766/3967 3833/1765/3966 3834/1763/3968
f 3835/1769/3969 3832/1770/3965 3823/1775/3953
f 3823/1775/3953 3801/1774/3932 3835/1769/3969
f 3801/1774/3932 3807/1768/3937 3835/1769/3969
f 3833/1765/3966 3836/1762/3970 3834/1763/3968
f 3834/1763/3968 3836/1762/3970 3837/1760/3971
f 3832/1770/3965 3838/1764/3972 3833/1765/3966
f 3832/1770/3965 3835/1769/3969 3838/1764/3972
f 3836/1762/3970 3833/1765/3966 3838/1764/3972
f 3835/1769/3969 3807/1768/3937 3839/1759/3973
f 3835/1769/3969 3839/1759/3973 3838/1764/3972
f 3840/1758/3974 3836/1762/3970 3838/1764/3972
f 3840/1758/3974 3838/1764/3972 3839/1759/3973
f 3836/1762/3970 3841/1756/3975 3837/1760/3971
f 3841/1756/3975 3836/1762/3970 3840/1758/3974
f 3807/1768/3937 3842/1748/3976 3839/1759/3973
f 3742/1746/3874 3842/1748/3976 3807/1768/3937
f 3742/1746/3874 3740/1744/3872 3842/1748/3976
f 3837/1760/3971 3841/1756/3975 3821/1757/3951
f 3934/1761/3955 3837/1760/3971 3821/1757/3951
f 3821/1757/3951 3841/1756/3975 3818/1755/3948
f 3841/1756/3975 3843/1754/3977 3818/1755/3948
f 3843/1754/3977 3841/1756/3975 3840/1758/3974
f 3818/1755/3948 3843/1754/3977 3816/1753/3946
f 3844/1751/3978 3840/1758/3974 3839/1759/3973
f 3844/1751/3978 3839/1759/3973 3842/1748/3976
f 3840/1758/3974 3844/1751/3978 3843/1754/3977
f 3740/1744/3872 3845/1747/3979 3842/1748/3976
f 3845/1747/3979 3844/1751/3978 3842/1748/3976
f 3740/1744/3872 3679/1672/3797 3845/1747/3979
f 3843/1754/3977 3846/1752/3980 3816/1753/3946
f 3844/1751/3978 3846/1752/3980 3843/1754/3977
f 3816/1753/3946 3846/1752/3980 3847/1750/3944
f 3679/1672/3797 3848/1749/3981 3845/1747/3979
f 3845/1747/3979 3848/1749/3981 3844/1751/3978
f 3848/1749/3981 3846/1752/3980 3844/1751/3978
f 3846/1752/3980 3848/1749/3981 3847/1750/3944
f 3848/1749/3981 3679/1672/3797 3814/1671/3796
f 3847/1750/3944 3848/1749/3981 3814/1671/3796
f 3766/1886/3848 3914/1885/3982 3765/1887/3900
f 3914/1885/3982 3849/1888/3983 3765/1887/3900
f 3849/1888/3983 3914/1885/3982 3850/1889/3984
f 3849/1888/3983 3851/1890/3985 3765/1887/3900
f 3851/1890/3985 3852/1891/3887 3765/1887/3900
f 3853/1892/3882 3852/1891/3887 3851/1890/3985
f 3854/1893/3986 3849/1888/3983 3850/1889/3984
f 3850/1889/3984 3910/1894/3987 3854/1893/3986
f 3849/1888/3983 3854/1893/3986 3855/1895/3988
f 3851/1890/3985 3849/1888/3983 3855/1895/3988
f 3910/1894/3987 3856/1896/3989 3854/1893/3986
f 3854/1893/3986 3856/1896/3989 3855/1895/3988
f 3856/1896/3989 3910/1894/3987 3906/1897/3990
f 3857/1898/3991 3853/1892/3882 3851/1890/3985
f 3748/1899/3881 3853/1892/3882 3857/1898/3991
f 3858/1900/3992 3856/1896/3989 3906/1897/3990
f 3906/1897/3990 3859/1901/3993 3858/1900/3992
f 3857/1898/3991 3851/1890/3985 3860/1902/3994
f 3851/1890/3985 3855/1895/3988 3860/1902/3994
f 3861/1903/3995 3748/1899/3881 3857/1898/3991
f 3861/1903/3995 3857/1898/3991 3860/1902/3994
f 3856/1896/3989 3862/1904/3996 3855/1895/3988
f 3862/1904/3996 3856/1896/3989 3858/1900/3992
f 3859/1901/3993 3863/1905/3997 3858/1900/3992
f 3863/1905/3997 3859/1901/3993 2461/1906/2548
f 3864/1907/2547 3863/1905/3997 2461/1906/2548
f 3860/1902/3994 3855/1895/3988 3865/1908/3998
f 3855/1895/3988 3862/1904/3996 3865/1908/3998
f 3866/1909/3999 3862/1904/3996 3858/1900/3992
f 3858/1900/3992 3863/1905/3997 3866/1909/3999
f 3865/1908/3998 3862/1904/3996 3866/1909/3999
f 3867/1910/4000 3863/1905/3997 3864/1907/2547
f 3863/1905/3997 3867/1910/4000 3866/1909/3999
f 3868/1911/2549 3867/1910/4000 3864/1907/2547
f 3866/1909/3999 3867/1910/4000 3869/1912/4001
f 3869/1912/4001 3865/1908/3998 3866/1909/3999
f 3870/1913/4002 3867/1910/4000 3868/1911/2549
f 3867/1910/4000 3870/1913/4002 3869/1912/4001
f 2464/1914/2552 3870/1913/4002 3868/1911/2549
f 3871/1915/4003 3860/1902/3994 3865/1908/3998
f 3871/1915/4003 3861/1903/3995 3860/1902/3994
f 3872/1916/4004 3861/1903/3995 3871/1915/4003
f 3873/1917/4005 3865/1908/3998 3869/1912/4001
f 3873/1917/4005 3871/1915/4003 3865/1908/3998
f 3869/1912/4001 3870/1913/4002 3874/1921/4006
f 3874/1921/4006 3873/1917/4005 3869/1912/4001
f 3870/1913/4002 2464/1914/2552 3875/1918/4007
f 2464/1914/2552 2468/1919/2556 3875/1918/4007
f 2468/1919/2556 3876/1920/2557 3875/1918/4007
f 3877/1922/4008 3870/1913/4002 3875/1918/4007
f 3870/1913/4002 3877/1922/4008 3874/1921/4006
f 3876/1920/2557 3878/1923/4009 3875/1918/4007
f 3878/1923/4009 3877/1922/4008 3875/1918/4007
f 3878/1923/4009 3876/1920/2557 3879/1924/4010
f 3877/1922/4008 3878/1923/4009 3879/1924/4010
f 3876/1920/2557 2475/1925/2564 3879/1924/4010
f 2475/1925/2564 3880/1926/2565 3879/1924/4010
f 3881/1927/4011 3877/1922/4008 3879/1924/4010
f 3880/1926/2565 3881/1927/4011 3879/1924/4010
f 3874/1921/4006 3877/1922/4008 3881/1927/4011
f 3881/1927/4011 3880/1926/2565 3882/1928/2569
f 3883/1929/4012 3874/1921/4006 3881/1927/4011
f 3873/1917/4005 3874/1921/4006 3883/1929/4012
f 3884/1930/4013 3881/1927/4011 3882/1928/2569
f 3883/1929/4012 3881/1927/4011 3884/1930/4013
f 3884/1930/4013 3882/1928/2569 3885/1931/2571
f 3886/1932/4014 3873/1917/4005 3883/1929/4012
f 3887/1933/4015 3883/1929/4012 3884/1930/4013
f 3886/1932/4014 3883/1929/4012 3887/1933/4015
f 3888/1934/4016 3884/1930/4013 3885/1931/2571
f 3887/1933/4015 3884/1930/4013 3888/1934/4016
f 3873/1917/4005 3886/1932/4014 3889/1935/4017
f 3871/1915/4003 3873/1917/4005 3889/1935/4017
f 3889/1935/4017 3872/1916/4004 3871/1915/4003
f 3890/1936/4018 3888/1934/4016 3885/1931/2571
f 2480/1937/2572 3890/1936/4018 3885/1931/2571
f 3891/1938/4019 3887/1933/4015 3888/1934/4016
f 3891/1938/4019 3888/1934/4016 3890/1936/4018
f 3892/1939/4020 3886/1932/4014 3887/1933/4015
f 3889/1935/4017 3886/1932/4014 3892/1939/4020
f 3892/1939/4020 3887/1933/4015 3891/1938/4019
f 3893/1940/4021 3890/1936/4018 2480/1937/2572
f 3894/1941/2576 3893/1940/4021 2480/1937/2572
f 3895/1942/4022 3889/1935/4017 3892/1939/4020
f 3872/1916/4004 3889/1935/4017 3895/1942/4022
f 3896/1943/4023 3891/1938/4019 3890/1936/4018
f 3896/1943/4023 3890/1936/4018 3893/1940/4021
f 3897/1944/4024 3892/1939/4020 3891/1938/4019
f 3895/1942/4022 3892/1939/4020 3897/1944/4024
f 3897/1944/4024 3891/1938/4019 3896/1943/4023
f 3893/1940/4021 3894/1941/2576 3898/1945/4025
f 3894/1941/2576 3899/1946/2634 3898/1945/4025
f 3900/1947/4026 3898/1945/4025 3899/1946/2634
f 3901/1948/2636 3900/1947/4026 3899/1946/2634
f 3900/1947/4026 3901/1948/2636 3902/1949/2638
f 3893/1940/4021 3898/1945/4025 3903/1950/4027
f 3903/1950/4027 3898/1945/4025 3900/1947/4026
f 3904/1951/4028 3896/1943/4023 3893/1940/4021
f 3904/1951/4028 3893/1940/4021 3903/1950/4027
f 3905/1952/4029 3900/1947/4026 3902/1949/2638
f 3902/1949/2638 2461/1953/2548 3905/1952/4029
f 2461/1953/2548 3859/1954/3993 3905/1952/4029
f 3905/1952/4029 3859/1954/3993 3906/1955/3990
f 3900/1947/4026 3905/1952/4029 3907/1956/4030
f 3907/1956/4030 3905/1952/4029 3906/1955/3990
f 3908/1957/4031 3903/1950/4027 3900/1947/4026
f 3908/1957/4031 3900/1947/4026 3907/1956/4030
f 3906/1955/3990 3909/1958/4032 3907/1956/4030
f 3909/1958/4032 3908/1957/4031 3907/1956/4030
f 3908/1957/4031 3909/1958/4032 3903/1950/4027
f 3909/1958/4032 3904/1951/4028 3903/1950/4027
f 3906/1955/3990 3910/1959/3987 3909/1958/4032
f 3910/1959/3987 3911/1960/4033 3909/1958/4032
f 3909/1958/4032 3911/1960/4033 3904/1951/4028
f 3911/1960/4033 3910/1959/3987 3850/1961/3984
f 3904/1951/4028 3912/1962/4034 3896/1943/4023
f 3911/1960/4033 3912/1962/4034 3904/1951/4028
f 3913/1963/4035 3911/1960/4033 3850/1961/3984
f 3912/1962/4034 3911/1960/4033 3913/1963/4035
f 3850/1961/3984 3914/1964/3982 3913/1963/4035
f 3912/1962/4034 3915/1965/4036 3896/1943/4023
f 3915/1965/4036 3897/1944/4024 3896/1943/4023
f 3916/1966/4037 3912/1962/4034 3913/1963/4035
f 3915/1965/4036 3912/1962/4034 3916/1966/4037
f 3914/1964/3982 3917/1967/4038 3913/1963/4035
f 3917/1967/4038 3914/1964/3982 3766/1968/3848
f 3719/1969/3849 3917/1967/4038 3766/1968/3848
f 3913/1963/4035 3917/1967/4038 3918/1970/4039
f 3917/1967/4038 3719/1969/3849 3918/1970/4039
f 3913/1963/4035 3918/1970/4039 3916/1966/4037
f 3719/1969/3849 3721/1971/3851 3918/1970/4039
f 3919/1972/4040 3918/1970/4039 3721/1971/3851
f 3918/1970/4039 3919/1972/4040 3916/1966/4037
f 3722/1973/3852 3919/1972/4040 3721/1971/3851
f 3919/1972/4040 3722/1973/3852 3725/1974/3855
f 3920/1975/4041 3897/1944/4024 3915/1965/4036
f 3920/1975/4041 3895/1942/4022 3897/1944/4024
f 3921/1976/4042 3915/1965/4036 3916/1966/4037
f 3916/1966/4037 3919/1972/4040 3921/1976/4042
f 3921/1976/4042 3920/1975/4041 3915/1965/4036
f 3922/1977/4043 3919/1972/4040 3725/1974/3855
f 3919/1972/4040 3922/1977/4043 3921/1976/4042
f 3922/1977/4043 3725/1974/3855 3923/1978/3857
f 3922/1977/4043 3924/1979/4044 3921/1976/4042
f 3924/1979/4044 3922/1977/4043 3923/1978/3857
f 3924/1979/4044 3920/1975/4041 3921/1976/4042
f 3924/1979/4044 3923/1978/3857 3728/1980/3859
f 3925/1981/4045 3895/1942/4022 3920/1975/4041
f 3924/1979/4044 3925/1981/4045 3920/1975/4041
f 3925/1981/4045 3924/1979/4044 3728/1980/3859
f 3925/1981/4045 3872/1916/4004 3895/1942/4022
f 3925/1981/4045 3728/1980/3859 3926/1982/4046
f 3872/1916/4004 3925/1981/4045 3926/1982/4046
f 3728/1980/3859 3927/1983/3870 3926/1982/4046
f 3926/1982/4046 3927/1983/3870 3928/1984/4047
f 3928/1984/4047 3872/1916/4004 3926/1982/4046
f 3927/1983/3870 3739/1985/3871 3928/1984/4047
f 3928/1984/4047 3739/1985/3871 3929/1986/3880
f 3872/1916/4004 3928/1984/4047 3930/1987/4048
f 3930/1987/4048 3928/1984/4047 3929/1986/3880
f 3861/1903/3995 3872/1916/4004 3930/1987/4048
f 3929/1986/3880 3748/1899/3881 3930/1987/4048
f 3748/1899/3881 3861/1903/3995 3930/1987/4048
f 3946/1989/3957 3931/1988/4049 3825/1990/3956
f 3931/1988/4049 3932/1991/4050 3825/1990/3956
f 3825/1990/3956 3932/1991/4050 3933/1992/4051
f 3825/1990/3956 3933/1992/4051 3934/1993/3955
f 3933/1992/4051 3837/1994/3971 3934/1993/3955
f 3935/1995/4052 3932/1991/4050 3931/1988/4049
f 3936/1996/4053 3935/1995/4052 3931/1988/4049
f 3933/1992/4051 3937/1997/4054 3837/1994/3971
f 3938/1998/4055 3937/1997/4054 3933/1992/4051
f 3937/1997/4054 3834/1999/3968 3837/1994/3971
f 3834/1999/3968 3937/1997/4054 3939/2000/3967
f 3932/1991/4050 3940/2001/4056 3933/1992/4051
f 3932/1991/4050 3935/1995/4052 3940/2001/4056
f 3940/2001/4056 3938/1998/4055 3933/1992/4051
f 3938/1998/4055 3940/2001/4056 3935/1995/4052
f 3937/1997/4054 3941/2002/4057 3939/2000/3967
f 3937/1997/4054 3938/1998/4055 3941/2002/4057
f 3939/2000/3967 3941/2002/4057 3942/2003/3964
f 3941/2002/4057 3828/2004/3960 3942/2003/3964
f 3943/2005/4058 3935/1995/4052 3936/1996/4053
f 3943/2005/4058 3938/1998/4055 3935/1995/4052
f 3943/2005/4058 3936/1996/4053 3944/2006/4059
f 3943/2005/4058 3944/2006/4059 3938/1998/4055
f 3944/2006/4059 3936/1996/4053 3931/2007/4049
f 3945/2009/4060 3828/2004/3960 3941/2002/4057
f 3945/2009/4060 3944/2006/4059 3931/2007/4049
f 3828/2004/3960 3945/2009/4060 3946/2010/3957
f 3945/2009/4060 3931/2007/4049 3946/2010/3957
f 3944/2006/4059 3947/2008/4061 3938/1998/4055
f 3938/1998/4055 3947/2008/4061 3941/2002/4057
f 3947/2008/4061 3944/2006/4059 3945/2009/4060
f 3947/2008/4061 3945/2009/4060 3941/2002/4057
f 3775/2012/3909 3949/2011/3831 3948/2013/4062
f 3949/2011/3831 3950/2014/4063 3948/2013/4062
f 3951/2015/4064 3950/2014/4063 3949/2011/3831
f 3952/2016/3832 3951/2015/4064 3949/2011/3831
f 3948/2013/4062 3950/2014/4063 3953/2017/4065
f 3951/2015/4064 3952/2016/3832 3954/2018/3835
f 3950/2014/4063 3955/2019/4066 3953/2017/4065
f 3955/2019/4066 3950/2014/4063 3951/2015/4064
f 3953/2017/4065 3955/2019/4066 3956/2020/4067
f 3955/2019/4066 3957/2021/4068 3956/2020/4067
f 3955/2019/4066 3951/2015/4064 3957/2021/4068
f 3956/2020/4067 3957/2021/4068 3958/2022/4069
f 3958/2022/4069 3957/2021/4068 3959/2023/4070
f 3953/2024/4065 3956/2020/4067 3958/2022/4069
f 3953/2024/4065 3958/2022/4069 3948/2025/4062
f 3958/2022/4069 3960/2026/4071 3948/2025/4062
f 3958/2022/4069 3959/2023/4070 3960/2026/4071
f 3948/2025/4062 3960/2026/4071 3775/2027/3909
f 3960/2026/4071 3961/2028/3842 3775/2027/3909
f 3960/2026/4071 3959/2023/4070 3961/2028/3842
f 3959/2023/4070 3962/2029/3836 3961/2028/3842
f 3962/2029/3836 3959/2023/4070 3954/2018/3835
f 3963/2030/4072 3951/2015/4064 3954/2018/3835
f 3959/2023/4070 3963/2030/4072 3954/2018/3835
f 3964/2031/4073 3959/2023/4070 3957/2021/4068
f 3964/2031/4073 3957/2021/4068 3951/2015/4064
f 3963/2030/4072 3964/2031/4073 3951/2015/4064
f 3964/2031/4073 3963/2030/4072 3959/2023/4070
f 2547/1018/2650 2556/1017/2659 2727/1012/2838
f 2556/1017/2659 3965/1011/4074 2727/1012/2838
f 2556/1017/2659 3966/1019/2662 3965/1011/4074
f 3967/997/2851 2727/1012/2838 3965/1011/4074
f 3966/1019/2662 3968/1020/4075 3965/1011/4074
f 3968/1020/4075 3966/1019/2662 3969/1021/2664
f 3970/1022/4076 3968/1020/4075 3969/1021/2664
f 3968/1020/4075 3970/1022/4076 3971/1014/4077
f 3968/1020/4075 3971/1014/4077 3972/1016/4078
f 3968/1020/4075 3972/1016/4078 3965/1011/4074
f 3973/1007/4079 3972/1016/4078 3971/1014/4077
f 3969/1021/2664 2562/1023/2667 3970/1022/4076
f 3972/1016/4078 3974/1009/4080 3965/1011/4074
f 3974/1009/4080 3967/997/2851 3965/1011/4074
f 3972/1016/4078 3973/1007/4079 3974/1009/4080
f 3967/997/2851 3974/1009/4080 3975/996/4081
f 3976/989/2852 3967/997/2851 3975/996/4081
f 3973/1007/4079 3977/1006/4082 3974/1009/4080
f 3975/996/4081 3974/1009/4080 3977/1006/4082
f 2562/1023/2667 3978/1026/4083 3970/1022/4076
f 3970/1022/4076 3979/1027/4084 3971/1014/4077
f 3979/1027/4084 3970/1022/4076 3978/1026/4083
f 3978/1026/4083 3980/1028/4085 3979/1027/4084
f 3980/1028/4085 3981/1029/4086 3979/1027/4084
f 3979/1027/4084 3981/1029/4086 3971/1014/4077
f 3982/1030/4087 3978/1026/4083 2562/1023/2667
f 3980/1028/4085 3978/1026/4083 3982/1030/4087
f 2563/1031/2668 3982/1030/4087 2562/1023/2667
f 3982/1030/4087 2563/1031/2668 3983/1032/2817
f 3984/994/4088 3976/989/2852 3975/996/4081
f 3985/987/4089 3976/989/2852 3984/994/4088
f 3985/987/4089 3986/988/2854 3976/989/2852
f 2745/986/2858 3986/988/2854 3985/987/4089
f 3987/1000/4090 3984/994/4088 3975/996/4081
f 3987/1000/4090 3975/996/4081 3977/1006/4082
f 3985/987/4089 3984/994/4088 3988/993/4091
f 3988/993/4091 3984/994/4088 3987/1000/4090
f 3987/1000/4090 3977/1006/4082 3989/1004/4092
f 3977/1006/4082 3973/1007/4079 3989/1004/4092
f 3990/984/4093 2745/986/2858 3985/987/4089
f 3991/985/2872 2745/986/2858 3990/984/4093
f 3992/983/2883 3991/985/2872 3990/984/4093
f 3993/981/4094 3992/983/2883 3990/984/4093
f 3993/981/4094 2769/982/2530 3992/983/2883
f 3993/981/4094 3994/980/2542 2769/982/2530
f 3990/984/4093 3985/987/4089 3995/990/4095
f 3993/981/4094 3990/984/4093 3995/990/4095
f 3993/981/4094 3996/979/4096 3994/980/2542
f 3996/979/4096 3993/981/4094 3995/990/4095
f 3994/980/2542 3996/979/4096 3997/976/2543
f 3998/992/4097 3995/990/4095 3985/987/4089
f 3998/992/4097 3985/987/4089 3988/993/4091
f 3995/990/4095 3998/992/4097 3999/991/4098
f 3995/990/4095 3999/991/4098 3996/979/4096
f 3999/991/4098 3998/992/4097 3988/993/4091
f 3996/979/4096 4000/975/4099 3997/976/2543
f 3996/979/4096 3999/991/4098 4000/975/4099
f 2502/936/2595 3997/976/2543 4000/975/4099
f 4001/998/4100 3999/991/4098 3988/993/4091
f 3999/991/4098 4002/995/4101 4000/975/4099
f 3999/991/4098 4001/998/4100 4002/995/4101
f 4001/998/4100 3988/993/4091 4003/1001/4102
f 4003/1001/4102 3988/993/4091 3987/1000/4090
f 4003/1001/4102 3987/1000/4090 3989/1004/4092
f 4004/970/4103 2502/936/2595 4000/975/4099
f 4002/995/4101 4005/974/4104 4000/975/4099
f 4005/974/4104 4004/970/4103 4000/975/4099
f 4001/998/4100 4006/999/4105 4002/995/4101
f 4005/974/4104 4002/995/4101 4006/999/4105
f 4007/969/4106 4005/974/4104 4006/999/4105
f 4008/1002/4107 4001/998/4100 4003/1001/4102
f 4001/998/4100 4008/1002/4107 4006/999/4105
f 4009/1003/4108 4008/1002/4107 4003/1001/4102
f 4008/1002/4107 4009/1003/4108 4006/999/4105
f 3989/1004/4092 4009/1003/4108 4003/1001/4102
f 4009/1003/4108 4010/1005/4109 4006/999/4105
f 4010/1005/4109 4009/1003/4108 3989/1004/4092
f 4010/1005/4109 4007/969/4106 4006/999/4105
f 4011/1008/4110 4010/1005/4109 3989/1004/4092
f 4010/1005/4109 4011/1008/4110 4007/969/4106
f 3973/1007/4079 4011/1008/4110 3989/1004/4092
f 4004/970/4103 4012/945/4111 2502/936/2595
f 4012/945/4111 3089/935/3222 2502/936/2595
f 4005/974/4104 4013/966/4112 4004/970/4103
f 4013/966/4112 4005/974/4104 4007/969/4106
f 4013/966/4112 4012/945/4111 4004/970/4103
f 4011/1008/4110 3973/1007/4079 4014/1010/4113
f 4011/1008/4110 4014/1010/4113 4007/969/4106
f 3089/935/3222 4012/945/4111 4015/943/4114
f 4015/943/4114 3084/939/3220 3089/935/3222
f 3084/939/3220 4015/943/4114 4016/941/4115
f 3973/1007/4079 4017/1013/4116 4014/1010/4113
f 4017/1013/4116 3973/1007/4079 3971/1014/4077
f 4014/1010/4113 4018/971/4117 4007/969/4106
f 4014/1010/4113 4017/1013/4116 4018/971/4117
f 4012/945/4111 4019/948/4118 4015/943/4114
f 4012/945/4111 4013/966/4112 4019/948/4118
f 4020/1015/4119 4017/1013/4116 3971/1014/4077
f 4017/1013/4116 4020/1015/4119 4018/971/4117
f 4021/968/4120 4013/966/4112 4007/969/4106
f 4018/971/4117 4021/968/4120 4007/969/4106
f 4013/966/4112 4021/968/4120 4022/962/4121
f 4013/966/4112 4022/962/4121 4019/948/4118
f 4021/968/4120 4018/971/4117 4023/967/4122
f 4021/968/4120 4023/967/4122 4022/962/4121
f 4015/943/4114 4024/947/4123 4016/941/4115
f 4015/943/4114 4019/948/4118 4024/947/4123
f 4025/1025/4124 4020/1015/4119 3971/1014/4077
f 3981/1029/4086 4025/1025/4124 3971/1014/4077
f 4018/971/4117 4020/1015/4119 4026/972/4125
f 4018/971/4117 4026/972/4125 4023/967/4122
f 4020/1015/4119 4025/1025/4124 4027/1024/4126
f 4020/1015/4119 4027/1024/4126 4026/972/4125
f 4025/1025/4124 3981/1029/4086 4028/1033/4127
f 4025/1025/4124 4028/1033/4127 4027/1024/4126
f 3981/1029/4086 3980/1028/4085 4028/1033/4127
f 4028/1033/4127 4029/1034/4128 4027/1024/4126
f 4028/1033/4127 3980/1028/4085 4029/1034/4128
f 4027/1024/4126 4030/978/4129 4026/972/4125
f 4029/1034/4128 4030/978/4129 4027/1024/4126
f 4031/965/4130 4023/967/4122 4026/972/4125
f 4030/978/4129 4032/973/4131 4026/972/4125
f 4032/973/4131 4031/965/4130 4026/972/4125
f 4023/967/4122 4031/965/4130 4033/963/4132
f 4022/962/4121 4023/967/4122 4033/963/4132
f 4034/956/4133 4022/962/4121 4033/963/4132
f 4034/956/4133 4033/963/4132 4035/952/4134
f 4019/948/4118 4022/962/4121 4034/956/4133
f 4036/953/4135 4019/948/4118 4034/956/4133
f 4034/956/4133 4035/952/4134 4036/953/4135
f 4019/948/4118 4036/953/4135 4024/947/4123
f 4036/953/4135 4037/950/4136 4024/947/4123
f 4035/952/4134 4037/950/4136 4036/953/4135
f 4031/965/4130 4038/964/4137 4033/963/4132
f 4033/963/4132 4038/964/4137 4035/952/4134
f 4038/964/4137 4031/965/4130 4039/957/4138
f 4038/964/4137 4039/957/4138 4035/952/4134
f 4040/959/4139 4031/965/4130 4032/973/4131
f 4031/965/4130 4040/959/4139 4039/957/4138
f 4032/973/4131 4030/978/4129 4041/977/4140
f 4041/977/4140 4040/959/4139 4032/973/4131
f 4037/950/4136 4042/949/4141 4024/947/4123
f 4024/947/4123 4042/949/4141 4016/941/4115
f 4043/946/4142 4042/949/4141 4037/950/4136
f 4016/941/4115 4042/949/4141 4043/946/4142
f 4037/950/4136 4035/952/4134 4044/951/4143
f 4044/951/4143 4043/946/4142 4037/950/4136
f 4039/957/4138 4045/954/4144 4035/952/4134
f 4035/952/4134 4045/954/4144 4044/951/4143
f 4044/951/4143 4046/944/4145 4043/946/4142
f 4044/951/4143 4045/954/4144 4046/944/4145
f 4045/954/4144 4039/957/4138 4047/955/4146
f 4039/957/4138 4040/959/4139 4047/955/4146
f 4045/954/4144 4047/955/4146 4046/944/4145
f 4048/942/4147 4016/941/4115 4043/946/4142
f 4046/944/4145 4048/942/4147 4043/946/4142
f 4048/942/4147 4046/944/4145 3047/808/3183
f 4046/944/4145 3045/806/3181 3047/808/3183
f 3045/806/3181 4046/944/4145 4047/955/4146
f 3068/937/3204 4048/942/4147 3047/808/3183
f 4048/942/4147 3068/937/3204 4016/941/4115
f 4049/958/4148 3045/806/3181 4047/955/4146
f 4049/958/4148 4047/955/4146 4040/959/4139
f 3045/806/3181 4049/958/4148 3035/796/3171
f 3068/937/3204 4050/940/4149 4016/941/4115
f 4050/940/4149 3084/939/3220 4016/941/4115
f 3069/938/3205 4050/940/4149 3068/937/3204
f 4050/940/4149 3069/938/3205 3084/939/3220
f 4051/960/4150 4049/958/4148 4040/959/4139
f 3035/796/3171 4049/958/4148 4051/960/4150
f 4051/960/4150 4040/959/4139 4041/977/4140
f 4052/961/4151 3035/796/3171 4051/960/4150
f 3035/796/3171 4052/961/4151 3038/799/3174
f 4052/961/4151 4051/960/4150 4053/1134/4152
f 3038/799/3174 4052/961/4151 4054/1131/4153
f 4052/961/4151 4053/1134/4152 4054/1131/4153
f 4054/1131/4153 4055/1128/4154 3038/799/3174
f 4055/1128/4154 3030/790/3166 3038/799/3174
f 3030/790/3166 4055/1128/4154 656/791/737
f 4056/1125/1015 656/791/737 4055/1128/4154
f 4055/1128/4154 4054/1131/4153 4057/1130/4155
f 4054/1131/4153 4053/1134/4152 4057/1130/4155
f 4058/1124/4156 4056/1125/1015 4055/1128/4154
f 4057/1130/4155 4058/1124/4156 4055/1128/4154
f 4059/1100/990 4056/1125/1015 4058/1124/4156
f 4051/960/4150 4060/1133/4157 4053/1134/4152
f 4060/1133/4157 4051/960/4150 4041/977/4140
f 4053/1134/4152 4061/1132/4158 4057/1130/4155
f 4053/1134/4152 4060/1133/4157 4061/1132/4158
f 4062/1129/4159 4060/1133/4157 4041/977/4140
f 4060/1133/4157 4062/1129/4159 4061/1132/4158
f 4057/1130/4155 4061/1132/4158 4063/1126/4160
f 4057/1130/4155 4063/1126/4160 4058/1124/4156
f 4064/1118/4161 4062/1129/4159 4041/977/4140
f 4030/978/4129 4064/1118/4161 4041/977/4140
f 4061/1132/4158 4062/1129/4159 4065/1127/4162
f 4061/1132/4158 4065/1127/4162 4063/1126/4160
f 4062/1129/4159 4064/1118/4161 4065/1127/4162
f 4066/1116/4163 4064/1118/4161 4030/978/4129
f 4029/1034/4128 4066/1116/4163 4030/978/4129
f 4067/1119/4164 4065/1127/4162 4064/1118/4161
f 4065/1127/4162 4067/1119/4164 4063/1126/4160
f 4066/1116/4163 4067/1119/4164 4064/1118/4161
f 4058/1124/4156 4063/1126/4160 4068/1121/4165
f 4067/1119/4164 4068/1121/4165 4063/1126/4160
f 4067/1119/4164 4066/1116/4163 4069/1115/4166
f 4067/1119/4164 4069/1115/4166 4068/1121/4165
f 4066/1116/4163 4029/1034/4128 4070/1114/4167
f 4066/1116/4163 4070/1114/4167 4069/1115/4166
f 4029/1034/4128 4071/1112/4168 4070/1114/4167
f 3980/1028/4085 4071/1112/4168 4029/1034/4128
f 4070/1114/4167 4071/1112/4168 4072/1113/4169
f 4069/1115/4166 4070/1114/4167 4072/1113/4169
f 4071/1112/4168 3980/1028/4085 4073/1110/4170
f 4071/1112/4168 4073/1110/4170 4072/1113/4169
f 4074/1123/4171 4058/1124/4156 4068/1121/4165
f 4074/1123/4171 4059/1100/990 4058/1124/4156
f 4059/1100/990 4074/1123/4171 4075/1099/4172
f 4076/1096/986 4059/1100/990 4075/1099/4172
f 4074/1123/4171 4068/1121/4165 4077/1122/4173
f 4077/1122/4173 4075/1099/4172 4074/1123/4171
f 4069/1115/4166 4078/1117/4174 4068/1121/4165
f 4077/1122/4173 4068/1121/4165 4078/1117/4174
f 4079/1111/4175 4069/1115/4166 4072/1113/4169
f 4069/1115/4166 4079/1111/4175 4078/1117/4174
f 4078/1117/4174 4080/1120/4176 4077/1122/4173
f 4075/1099/4172 4077/1122/4173 4080/1120/4176
f 4075/1099/4172 4081/1095/4177 4076/1096/986
f 4081/1095/4177 4082/1092/982 4076/1096/986
f 4080/1120/4176 4078/1117/4174 4083/1102/4178
f 4079/1111/4175 4083/1102/4178 4078/1117/4174
f 4080/1120/4176 4084/1101/4179 4075/1099/4172
f 4084/1101/4179 4081/1095/4177 4075/1099/4172
f 4084/1101/4179 4080/1120/4176 4083/1102/4178
f 4079/1111/4175 4072/1113/4169 4085/1108/4180
f 4072/1113/4169 4073/1110/4170 4085/1108/4180
f 4082/1092/982 4081/1095/4177 4086/1091/4181
f 4087/1088/978 4082/1092/982 4086/1091/4181
f 4081/1095/4177 4084/1101/4179 4088/1098/4182
f 4084/1101/4179 4083/1102/4178 4088/1098/4182
f 4086/1091/4181 4081/1095/4177 4088/1098/4182
f 4083/1102/4178 4079/1111/4175 4089/1103/4183
f 4089/1103/4183 4079/1111/4175 4085/1108/4180
f 4087/1088/978 4086/1091/4181 4090/1087/4184
f 906/1084/974 4087/1088/978 4090/1087/4184
f 4083/1102/4178 4091/1097/4185 4088/1098/4182
f 4091/1097/4185 4083/1102/4178 4089/1103/4183
f 4086/1091/4181 4088/1098/4182 4092/1093/4186
f 4090/1087/4184 4086/1091/4181 4092/1093/4186
f 4088/1098/4182 4091/1097/4185 4092/1093/4186
f 4090/1087/4184 4093/1082/4187 906/1084/974
f 4093/1082/4187 4094/1083/973 906/1084/974
f 904/1081/971 4094/1083/973 4093/1082/4187
f 4092/1093/4186 4095/1089/4188 4090/1087/4184
f 4095/1089/4188 4093/1082/4187 4090/1087/4184
f 4091/1097/4185 4096/1090/4189 4092/1093/4186
f 4092/1093/4186 4096/1090/4189 4095/1089/4188
f 4097/1080/4190 904/1081/971 4093/1082/4187
f 904/1081/971 4097/1080/4190 901/1078/968
f 4093/1082/4187 4095/1089/4188 4098/1079/4191
f 4097/1080/4190 4093/1082/4187 4098/1079/4191
f 4097/1080/4190 4099/1076/4192 901/1078/968
f 4097/1080/4190 4098/1079/4191 4099/1076/4192
f 1/1077/2 901/1078/968 4099/1076/4192
f 4100/1074/2451 1/1077/2 4099/1076/4192
f 4099/1076/4192 4101/1073/4193 4100/1074/2451
f 4098/1079/4191 4101/1073/4193 4099/1076/4192
f 4098/1079/4191 4102/1069/4194 4101/1073/4193
f 4101/1073/4193 4103/1071/2453 4100/1074/2451
f 4098/1079/4191 4095/1089/4188 4104/1086/4195
f 4096/1090/4189 4104/1086/4195 4095/1089/4188
f 4102/1069/4194 4098/1079/4191 4104/1086/4195
f 4103/1071/2453 4101/1073/4193 4105/1070/4196
f 4102/1069/4194 4105/1070/4196 4101/1073/4193
f 2371/1064/2457 4103/1071/2453 4105/1070/4196
f 4104/1086/4195 4096/1090/4189 4106/1085/4197
f 4102/1069/4194 4104/1086/4195 4106/1085/4197
f 4107/1066/4198 2371/1064/2457 4105/1070/4196
f 4105/1070/4196 4102/1069/4194 4107/1066/4198
f 4096/1090/4189 4108/1094/4199 4106/1085/4197
f 4096/1090/4189 4091/1097/4185 4108/1094/4199
f 4091/1097/4185 4089/1103/4183 4108/1094/4199
f 4107/1066/4198 4109/1063/4200 2371/1064/2457
f 4109/1063/4200 4110/1061/2458 2371/1064/2457
f 4110/1061/2458 4109/1063/4200 4111/1059/4201
f 4112/1060/2470 4110/1061/2458 4111/1059/4201
f 2386/1058/2472 4112/1060/2470 4111/1059/4201
f 4113/1056/4202 2386/1058/2472 4111/1059/4201
f 2386/1058/2472 4113/1056/4202 2702/1057/2778
f 4113/1056/4202 4114/1050/2779 2702/1057/2778
f 4113/1056/4202 4115/1049/4203 4114/1050/2779
f 4115/1049/4203 4113/1056/4202 4111/1059/4201
f 4115/1049/4203 4116/1047/2780 4114/1050/2779
f 4117/1062/4204 4111/1059/4201 4109/1063/4200
f 4117/1062/4204 4115/1049/4203 4111/1059/4201
f 4118/1065/4205 4109/1063/4200 4107/1066/4198
f 4118/1065/4205 4117/1062/4204 4109/1063/4200
f 4115/1049/4203 4119/1046/4206 4116/1047/2780
f 4119/1046/4206 4120/1045/2783 4116/1047/2780
f 4117/1062/4204 4121/1052/4207 4115/1049/4203
f 4117/1062/4204 4118/1065/4205 4121/1052/4207
f 4121/1052/4207 4119/1046/4206 4115/1049/4203
f 4122/1068/4208 4118/1065/4205 4107/1066/4198
f 4102/1069/4194 4122/1068/4208 4107/1066/4198
f 4120/1045/2783 4119/1046/4206 4123/1044/4209
f 2668/1042/2786 4120/1045/2783 4123/1044/4209
f 4118/1065/4205 4122/1068/4208 4124/1067/4210
f 4118/1065/4205 4124/1067/4210 4121/1052/4207
f 4122/1068/4208 4102/1069/4194 4125/1072/4211
f 4122/1068/4208 4125/1072/4211 4124/1067/4210
f 4102/1069/4194 4106/1085/4197 4125/1072/4211
f 4119/1046/4206 4121/1052/4207 4126/1048/4212
f 4123/1044/4209 4119/1046/4206 4126/1048/4212
f 4123/1044/4209 4127/1041/4213 2668/1042/2786
f 4123/1044/4209 4126/1048/4212 4127/1041/4213
f 4127/1041/4213 4128/1039/2788 2668/1042/2786
f 4124/1067/4210 4129/1053/4214 4121/1052/4207
f 4129/1053/4214 4124/1067/4210 4125/1072/4211
f 4129/1053/4214 4126/1048/4212 4121/1052/4207
f 4130/1075/4215 4125/1072/4211 4106/1085/4197
f 4130/1075/4215 4129/1053/4214 4125/1072/4211
f 4108/1094/4199 4130/1075/4215 4106/1085/4197
f 4131/1051/4216 4126/1048/4212 4129/1053/4214
f 4126/1048/4212 4131/1051/4216 4127/1041/4213
f 4127/1041/4213 4132/1037/4217 4128/1039/2788
f 4132/1037/4217 2699/1038/2819 4128/1039/2788
f 2699/1038/2819 4132/1037/4217 3983/1032/2817
f 4133/1054/4218 4131/1051/4216 4129/1053/4214
f 4133/1054/4218 4129/1053/4214 4130/1075/4215
f 4131/1051/4216 4134/1043/4219 4127/1041/4213
f 4134/1043/4219 4132/1037/4217 4127/1041/4213
f 4134/1043/4219 4131/1051/4216 4133/1054/4218
f 4108/1094/4199 4135/1104/4220 4130/1075/4215
f 4108/1094/4199 4089/1103/4183 4135/1104/4220
f 4132/1037/4217 4136/1035/4221 3983/1032/2817
f 4136/1035/4221 3982/1030/4087 3983/1032/2817
f 4137/1105/4222 4133/1054/4218 4130/1075/4215
f 4135/1104/4220 4137/1105/4222 4130/1075/4215
f 4089/1103/4183 4138/1106/4223 4135/1104/4220
f 4135/1104/4220 4138/1106/4223 4137/1105/4222
f 4138/1106/4223 4089/1103/4183 4085/1108/4180
f 4134/1043/4219 4139/1040/4224 4132/1037/4217
f 4139/1040/4224 4136/1035/4221 4132/1037/4217
f 4140/1036/4225 3982/1030/4087 4136/1035/4221
f 4139/1040/4224 4140/1036/4225 4136/1035/4221
f 4140/1036/4225 3980/1028/4085 3982/1030/4087
f 3980/1028/4085 4140/1036/4225 4073/1110/4170
f 4141/1055/4226 4134/1043/4219 4133/1054/4218
f 4141/1055/4226 4133/1054/4218 4137/1105/4222
f 4139/1040/4224 4134/1043/4219 4141/1055/4226
f 4138/1106/4223 4142/1107/4227 4137/1105/4222
f 4142/1107/4227 4138/1106/4223 4085/1108/4180
f 4142/1107/4227 4141/1055/4226 4137/1105/4222
f 4073/1110/4170 4140/1036/4225 4143/1109/4228
f 4140/1036/4225 4139/1040/4224 4143/1109/4228
f 4073/1110/4170 4143/1109/4228 4085/1108/4180
f 4143/1109/4228 4139/1040/4224 4141/1055/4226
f 4143/1109/4228 4141/1055/4226 4142/1107/4227
f 4085/1108/4180 4143/1109/4228 4142/1107/4227
f 4162/2034/4229 4145/2033/3625 4144/2032/3622
f 4146/2035/4230 4162/2034/4229 4144/2032/3622
f 4147/2037/3618 4146/2035/4230 4144/2032/3622
f 4161/2036/4231 4162/2034/4229 4146/2035/4230
f 4148/2040/4232 4146/2035/4230 4147/2037/3618
f 4149/2041/3616 4148/2040/4232 4147/2037/3618
f 3470/2042/3615 4148/2040/4232 4149/2041/3616
f 4150/2038/4233 4161/2036/4231 4146/2035/4230
f 4150/2038/4233 4151/2039/4234 4161/2036/4231
f 4152/2043/4235 4150/2038/4233 4146/2035/4230
f 4148/2040/4232 4152/2043/4235 4146/2035/4230
f 4152/2043/4235 4151/2039/4234 4150/2038/4233
f 4153/2044/4236 4148/2040/4232 3470/2042/3615
f 4152/2043/4235 4148/2040/4232 4153/2044/4236
f 3469/2045/3614 4153/2044/4236 3470/2042/3615
f 3469/2045/3614 4154/2046/3613 4153/2044/4236
f 4155/2047/4237 4152/2043/4235 4153/2044/4236
f 4155/2047/4237 4151/2039/4234 4152/2043/4235
f 4154/2046/3613 4156/2048/4238 4153/2044/4236
f 4153/2044/4236 4156/2048/4238 4155/2047/4237
f 4157/2049/3617 4156/2048/4238 4154/2046/3613
f 4156/2048/4238 4157/2049/3617 3472/2050/3620
f 4155/2047/4237 4156/2048/4238 4158/2051/4239
f 4158/2051/4239 4156/2048/4238 3472/2050/3620
f 4159/2052/4240 4151/2039/4234 4155/2047/4237
f 4159/2052/4240 4155/2047/4237 4158/2051/4239
f 4160/2053/4241 4151/2039/4234 4159/2052/4240
f 4160/2053/4241 4159/2052/4240 4158/2051/4239
f 4161/2054/4231 4151/2039/4234 4160/2053/4241
f 4161/2054/4231 4160/2053/4241 4162/2055/4229
f 4163/2056/4242 4158/2051/4239 3472/2050/3620
f 4163/2056/4242 4160/2053/4241 4158/2051/4239
f 4160/2053/4241 4163/2056/4242 4162/2055/4229
f 4164/2057/3629 4163/2056/4242 3472/2050/3620
f 4165/2058/3636 4163/2056/4242 4164/2057/3629
f 4163/2056/4242 4165/2058/3636 3482/2059/3633
f 4162/2055/4229 4163/2056/4242 3482/2059/3633
f 4145/2060/3625 4162/2055/4229 3482/2059/3633
f 4176/2062/4243 4166/2061/3495 4177/2063/3492
f 4167/2064/4244 4166/2061/3495 4176/2062/4243
f 4167/2064/4244 3353/2065/3497 4166/2061/3495
f 4167/2064/4244 4168/2066/4245 3353/2065/3497
f 3354/2067/3498 3353/2065/3497 4168/2066/4245
f 4169/2068/4246 3354/2067/3498 4168/2066/4245
f 4170/2069/3487 3354/2067/3498 4169/2068/4246
f 4171/2070/4247 4168/2066/4245 4167/2064/4244
f 4169/2068/4246 4168/2066/4245 4171/2070/4247
f 4170/2069/3487 4169/2068/4246 4172/2071/4248
f 4172/2071/4248 4169/2068/4246 4171/2070/4247
f 4172/2071/4248 3344/2072/3486 4170/2069/3487
f 4173/2073/3488 3344/2072/3486 4172/2071/4248
f 4171/2070/4247 4173/2073/3488 4172/2071/4248
f 4174/2074/3490 4173/2073/3488 4171/2070/4247
f 4167/2064/4244 4175/2075/4249 4171/2070/4247
f 4175/2075/4249 4174/2074/3490 4171/2070/4247
f 4167/2064/4244 4176/2076/4243 4175/2075/4249
f 4177/2077/3492 4174/2074/3490 4175/2075/4249
f 4177/2077/3492 4175/2075/4249 4176/2076/4243
f 4288/2078/4250 5014/2080/4251 4178/2079/4252
f 5014/2080/4251 4179/2081/4253 4178/2079/4252
f 4179/2081/4253 5014/2080/4251 4180/2082/4254
f 4178/2079/4252 4179/2081/4253 4276/2083/4255
f 4181/2084/4256 4179/2081/4253 4180/2082/4254
f 4180/2082/4254 4182/2085/4257 4181/2084/4256
f 4179/2081/4253 4183/2086/4258 4276/2083/4255
f 4183/2086/4258 4179/2081/4253 4181/2084/4256
f 4276/2083/4255 4183/2086/4258 5016/2087/4259
f 4274/2088/4260 4276/2083/4255 5016/2087/4259
f 5016/2087/4259 4183/2086/4258 4184/2089/4261
f 4184/2089/4261 4183/2086/4258 4181/2084/4256
f 5011/2090/4262 5016/2087/4259 4184/2089/4261
f 4185/2091/4263 5011/2090/4262 4184/2089/4261
f 4182/2085/4257 4186/2092/4264 4181/2084/4256
f 4181/2084/4256 4186/2092/4264 4184/2089/4261
f 4187/2093/4265 4186/2092/4264 4182/2085/4257
f 5008/2094/4266 4187/2093/4265 4182/2085/4257
f 4187/2093/4265 5008/2094/4266 5007/2095/4267
f 4186/2092/4264 4188/2096/4268 4184/2089/4261
f 4188/2096/4268 4185/2091/4263 4184/2089/4261
f 4188/2096/4268 4186/2092/4264 4187/2093/4265
f 4185/2091/4263 4188/2096/4268 4189/2097/4269
f 4189/2097/4269 4188/2096/4268 4187/2093/4265
f 5004/2098/4270 4185/2091/4263 4189/2097/4269
f 4190/2099/4271 5004/2098/4270 4189/2097/4269
f 4191/2100/4272 4190/2099/4271 4189/2097/4269
f 4191/2100/4272 4189/2097/4269 4187/2093/4265
f 4192/2101/4273 4190/2099/4271 4191/2100/4272
f 4193/2102/4274 4187/2093/4265 5007/2095/4267
f 4193/2102/4274 4191/2100/4272 4187/2093/4265
f 5007/2095/4267 4194/2103/4275 4193/2102/4274
f 4195/2104/4276 4192/2101/4273 4191/2100/4272
f 4195/2104/4276 4191/2100/4272 4193/2102/4274
f 4194/2103/4275 4196/2105/4277 4193/2102/4274
f 4196/2105/4277 4195/2104/4276 4193/2102/4274
f 4197/2106/4278 4196/2105/4277 4194/2103/4275
f 4195/2104/4276 4196/2105/4277 4197/2106/4278
f 4248/2107/4279 4197/2106/4278 4194/2103/4275
f 4197/2106/4278 4248/2107/4279 4198/2108/4280
f 4248/2107/4279 4199/2109/4281 4198/2108/4280
f 4198/2108/4280 4199/2109/4281 4200/2110/4282
f 4192/2101/4273 4195/2104/4276 4201/2111/4283
f 4201/2111/4283 4195/2104/4276 4197/2106/4278
f 4202/2112/4284 4192/2101/4273 4201/2111/4283
f 4203/2113/4285 4202/2112/4284 4201/2111/4283
f 5000/2114/3017 4202/2112/4284 4203/2113/4285
f 2883/2115/3012 5000/2114/3017 4203/2113/4285
f 4204/2116/4286 4203/2113/4285 4201/2111/4283
f 2883/2115/3012 4203/2113/4285 4204/2116/4286
f 4201/2111/4283 4197/2106/4278 4204/2116/4286
f 4205/2117/3009 2883/2115/3012 4204/2116/4286
f 4205/2117/3009 4204/2116/4286 4206/2118/3008
f 4197/2106/4278 4207/2119/4287 4204/2116/4286
f 4204/2116/4286 4207/2119/4287 4206/2118/3008
f 4197/2106/4278 4198/2108/4280 4207/2119/4287
f 4206/2118/3008 4207/2119/4287 4208/2120/4288
f 4207/2119/4287 4198/2108/4280 4208/2120/4288
f 2877/2121/3004 4206/2118/3008 4208/2120/4288
f 2877/2121/3004 4208/2120/4288 4209/2122/3003
f 4208/2120/4288 4210/2123/4289 4209/2122/3003
f 4209/2122/3003 4210/2123/4289 2874/2125/3000
f 4210/2123/4289 4211/2124/4290 2874/2125/3000
f 4210/2123/4289 4208/2120/4288 4211/2124/4290
f 2874/2125/3000 4211/2124/4290 4212/2126/2997
f 4198/2108/4280 4213/2127/4291 4208/2120/4288
f 4208/2120/4288 4213/2127/4291 4211/2124/4290
f 4213/2127/4291 4198/2108/4280 4214/2128/4292
f 4214/2128/4292 4198/2108/4280 4200/2110/4282
f 4215/2129/4293 4213/2127/4291 4214/2128/4292
f 4211/2124/4290 4213/2127/4291 4215/2129/4293
f 4216/2130/4294 4214/2128/4292 4200/2110/4282
f 4215/2129/4293 4214/2128/4292 4216/2130/4294
f 4217/2131/4295 4216/2130/4294 4200/2110/4282
f 4217/2131/4295 4218/2132/4296 4216/2130/4294
f 4218/2132/4296 4219/2133/4297 4216/2130/4294
f 4219/2133/4297 4218/2132/4296 4220/2134/4298
f 4221/2135/4299 4215/2129/4293 4216/2130/4294
f 4216/2130/4294 4219/2133/4297 4221/2135/4299
f 4222/2136/4300 4219/2133/4297 4220/2134/4298
f 4222/2136/4300 4220/2134/4298 4247/2137/4301
f 4223/2138/4302 4211/2124/4290 4215/2129/4293
f 4223/2138/4302 4215/2129/4293 4221/2135/4299
f 4211/2124/4290 4223/2138/4302 4224/2139/4303
f 4219/2133/4297 4225/2140/4304 4221/2135/4299
f 4219/2133/4297 4222/2136/4300 4225/2140/4304
f 4226/2141/4305 4223/2138/4302 4221/2135/4299
f 4224/2139/4303 4223/2138/4302 4226/2141/4305
f 4221/2135/4299 4225/2140/4304 4227/2142/4306
f 4226/2141/4305 4221/2135/4299 4227/2142/4306
f 4228/2143/4307 4222/2136/4300 4247/2137/4301
f 4247/2137/4301 4250/2144/4308 4228/2143/4307
f 4222/2136/4300 4229/2145/4309 4225/2140/4304
f 4225/2140/4304 4229/2145/4309 4227/2142/4306
f 4229/2145/4309 4222/2136/4300 4230/2146/4310
f 4222/2136/4300 4228/2143/4307 4230/2146/4310
f 4231/2147/4311 4211/2124/4290 4224/2139/4303
f 4231/2147/4311 4224/2139/4303 4232/2148/4312
f 4211/2124/4290 4231/2147/4311 4212/2126/2997
f 2868/2149/2993 4212/2126/2997 4231/2147/4311
f 4232/2148/4312 2868/2149/2993 4231/2147/4311
f 2868/2149/2993 4232/2148/4312 2867/2150/2992
f 4229/2145/4309 4233/2151/4313 4227/2142/4306
f 4233/2151/4313 4229/2145/4309 4230/2146/4310
f 4232/2148/4312 4234/2152/4314 2867/2150/2992
f 2867/2150/2992 4234/2152/4314 4235/2153/2991
f 4227/2142/4306 4233/2151/4313 4236/2154/4315
f 4237/2155/4316 4233/2151/4313 4230/2146/4310
f 4236/2154/4315 4233/2151/4313 4237/2155/4316
f 4238/2156/4317 4227/2142/4306 4236/2154/4315
f 4236/2154/4315 4239/2157/4318 4238/2156/4317
f 4226/2141/4305 4227/2142/4306 4238/2156/4317
f 4240/2158/4319 4236/2154/4315 4237/2155/4316
f 4239/2157/4318 4236/2154/4315 4240/2158/4319
f 4237/2155/4316 4230/2146/4310 4241/2159/4320
f 4240/2158/4319 4237/2155/4316 4241/2159/4320
f 4242/2160/4321 4226/2141/4305 4238/2156/4317
f 4243/2161/4322 4242/2160/4321 4238/2156/4317
f 4242/2160/4321 4224/2139/4303 4226/2141/4305
f 4224/2139/4303 4242/2160/4321 4243/2161/4322
f 4239/2157/4318 4244/2162/4323 4238/2156/4317
f 4244/2162/4323 4243/2161/4322 4238/2156/4317
f 4230/2146/4310 4245/2163/4324 4241/2159/4320
f 4230/2146/4310 4228/2143/4307 4245/2163/4324
f 4246/2164/4325 4224/2139/4303 4243/2161/4322
f 4224/2139/4303 4246/2164/4325 4232/2148/4312
f 4246/2164/4325 4200/2165/4282 4232/2148/4312
f 4246/2164/4325 4243/2161/4322 4200/2165/4282
f 4200/2165/4282 4199/2166/4281 4232/2148/4312
f 4243/2161/4322 4217/2167/4295 4200/2165/4282
f 4232/2148/4312 4199/2166/4281 4234/2152/4314
f 4218/2168/4296 4217/2167/4295 4243/2161/4322
f 4244/2162/4323 4218/2168/4296 4243/2161/4322
f 4244/2162/4323 4239/2157/4318 4218/2168/4296
f 4239/2157/4318 4220/2169/4298 4218/2168/4296
f 4247/2170/4301 4220/2169/4298 4239/2157/4318
f 4248/2171/4279 4234/2152/4314 4199/2166/4281
f 4249/2172/4326 4247/2170/4301 4239/2157/4318
f 4249/2172/4326 4239/2157/4318 4240/2158/4319
f 4250/2173/4308 4247/2170/4301 4249/2172/4326
f 4234/2152/4314 4248/2171/4279 4251/2174/4327
f 4234/2152/4314 4251/2174/4327 4235/2153/2991
f 4249/2172/4326 4240/2158/4319 4252/2177/4328
f 4252/2177/4328 4240/2158/4319 4241/2159/4320
f 4253/2175/4329 4250/2173/4308 4249/2172/4326
f 4253/2175/4329 4249/2172/4326 4252/2177/4328
f 4268/2176/4330 4250/2173/4308 4253/2175/4329
f 4252/2177/4328 4241/2159/4320 4254/2180/4331
f 4241/2159/4320 4245/2163/4324 4254/2180/4331
f 4255/2178/4332 4268/2176/4330 4253/2175/4329
f 4256/2179/4333 4268/2176/4330 4255/2178/4332
f 4253/2175/4329 4252/2177/4328 4257/2181/4334
f 4257/2181/4334 4252/2177/4328 4254/2180/4331
f 4255/2178/4332 4253/2175/4329 4257/2181/4334
f 4258/2182/4335 4256/2179/4333 4255/2178/4332
f 5189/2183/4336 4256/2179/4333 4258/2182/4335
f 4259/2184/4337 5189/2183/4336 4258/2182/4335
f 4259/2184/4337 4258/2182/4335 5180/2185/4338
f 4260/2186/4339 4258/2182/4335 4255/2178/4332
f 4258/2182/4335 4260/2186/4339 5180/2185/4338
f 4257/2181/4334 4260/2186/4339 4255/2178/4332
f 5180/2185/4338 4260/2186/4339 5184/2187/4340
f 4261/2188/4341 4260/2186/4339 4257/2181/4334
f 4254/2180/4331 4261/2188/4341 4257/2181/4334
f 4260/2186/4339 4261/2188/4341 5184/2187/4340
f 4245/2163/4324 4262/2189/4342 4254/2180/4331
f 4254/2180/4331 4262/2189/4342 4261/2188/4341
f 5184/2187/4340 4261/2188/4341 4263/2190/4343
f 4262/2189/4342 4263/2190/4343 4261/2188/4341
f 4264/2191/4344 5184/2187/4340 4263/2190/4343
f 4264/2191/4344 4263/2190/4343 5187/2192/4345
f 4263/2190/4343 4265/2193/4346 5187/2192/4345
f 4265/2193/4346 4263/2190/4343 4262/2189/4342
f 4245/2163/4324 4266/2194/4347 4262/2189/4342
f 4228/2143/4307 4266/2194/4347 4245/2163/4324
f 4250/2144/4308 4266/2194/4347 4228/2143/4307
f 4266/2194/4347 4267/2195/4348 4262/2189/4342
f 4267/2195/4348 4266/2194/4347 4250/2144/4308
f 4267/2195/4348 4265/2193/4346 4262/2189/4342
f 4268/2196/4330 4267/2195/4348 4250/2144/4308
f 4265/2193/4346 4267/2195/4348 4268/2196/4330
f 4256/2197/4333 4265/2193/4346 4268/2196/4330
f 5187/2192/4345 4265/2193/4346 4256/2197/4333
f 5189/2198/4336 5187/2192/4345 4256/2197/4333
f 4288/2200/4250 4270/2199/4349 4269/2201/4350
f 4270/2199/4349 4271/2202/4351 4269/2201/4350
f 4269/2201/4350 4271/2202/4351 5018/2203/4352
f 4270/2199/4349 4272/2204/4353 4271/2202/4351
f 4271/2202/4351 4273/2205/4354 5018/2203/4352
f 4273/2205/4354 4274/2206/4260 5018/2203/4352
f 4273/2205/4354 4275/2207/4355 4274/2206/4260
f 4275/2207/4355 4276/2208/4255 4274/2206/4260
f 4276/2208/4255 4275/2207/4355 4178/2209/4252
f 4272/2204/4353 4277/2210/4356 4271/2202/4351
f 4272/2204/4353 4285/2211/4357 4277/2210/4356
f 4278/2212/4358 4273/2205/4354 4271/2202/4351
f 4273/2205/4354 4278/2212/4358 4275/2207/4355
f 4277/2210/4356 4278/2212/4358 4271/2202/4351
f 4285/2211/4357 4279/2213/4359 4277/2210/4356
f 4285/2211/4357 4280/2214/4360 4279/2213/4359
f 4279/2213/4359 4281/2215/4361 4277/2210/4356
f 4281/2215/4361 4278/2212/4358 4277/2210/4356
f 4281/2215/4361 4279/2213/4359 4280/2214/4360
f 4281/2215/4361 4282/2216/4362 4278/2212/4358
f 4281/2215/4361 4280/2214/4360 4282/2216/4362
f 4282/2216/4362 4283/2217/4363 4278/2212/4358
f 4278/2212/4358 4283/2217/4363 4275/2207/4355
f 4284/2218/4364 4282/2216/4362 4280/2214/4360
f 4282/2216/4362 4284/2218/4364 4283/2217/4363
f 4284/2218/4364 4280/2214/4360 4285/2219/4357
f 4284/2218/4364 4285/2219/4357 4272/2220/4353
f 4284/2218/4364 4286/2221/4365 4283/2217/4363
f 4286/2221/4365 4284/2218/4364 4272/2220/4353
f 4283/2217/4363 4286/2221/4365 4275/2207/4355
f 4286/2221/4365 4272/2220/4353 4270/2222/4349
f 4286/2221/4365 4287/2223/4366 4275/2207/4355
f 4287/2223/4366 4286/2221/4365 4270/2222/4349
f 4275/2207/4355 4287/2223/4366 4178/2209/4252
f 4287/2223/4366 4270/2222/4349 4288/2224/4250
f 4178/2209/4252 4287/2223/4366 4288/2224/4250
f 4337/2226/2692 4289/2225/2735 4338/2227/4367
f 4289/2225/2735 4290/2228/4368 4338/2227/4367
f 4291/2229/4369 4338/2227/4367 4290/2228/4368
f 4289/2225/2735 2619/2230/2732 4290/2228/4368
f 4292/2231/4370 4291/2229/4369 4290/2228/4368
f 2619/2230/2732 4293/2232/4371 4290/2228/4368
f 4292/2231/4370 4290/2228/4368 4293/2232/4371
f 4292/2231/4370 4294/2233/4372 4291/2229/4369
f 4294/2233/4372 4295/2234/4373 4291/2229/4369
f 4296/2235/4374 4293/2232/4371 2619/2230/2732
f 2617/2236/2730 4296/2235/4374 2619/2230/2732
f 4297/2237/4375 4292/2231/4370 4293/2232/4371
f 4292/2231/4370 4297/2237/4375 4294/2233/4372
f 4293/2232/4371 4296/2235/4374 4297/2237/4375
f 4294/2233/4372 4298/2238/4376 4295/2234/4373
f 4298/2238/4376 4299/2239/4377 4295/2234/4373
f 4297/2237/4375 4489/2240/4378 4294/2233/4372
f 4298/2238/4376 4294/2233/4372 4489/2240/4378
f 4299/2239/4377 4298/2238/4376 4300/2241/4379
f 4502/2242/4380 4299/2239/4377 4300/2241/4379
f 4301/2243/4381 4298/2238/4376 4489/2240/4378
f 4298/2238/4376 4301/2243/4381 4300/2241/4379
f 4301/2243/4381 4302/2244/4382 4300/2241/4379
f 4300/2241/4379 4302/2244/4382 4303/2245/4383
f 4617/2246/4384 4300/2241/4379 4303/2245/4383
f 4502/2242/4380 4300/2241/4379 4617/2246/4384
f 4616/2247/4385 4502/2242/4380 4617/2246/4384
f 4489/2240/4378 4297/2237/4375 4304/2248/4386
f 4296/2235/4374 4304/2248/4386 4297/2237/4375
f 4304/2248/4386 4305/2249/4387 4489/2240/4378
f 4305/2249/4387 4470/2250/4388 4489/2240/4378
f 4305/2249/4387 4306/2251/4389 4470/2250/4388
f 4306/2251/4389 4307/2252/4390 4470/2250/4388
f 4307/2252/4390 4306/2251/4389 4464/2253/4391
f 4296/2235/4374 4308/2254/4392 4304/2248/4386
f 4305/2249/4387 4304/2248/4386 4309/2255/4393
f 4308/2254/4392 4309/2255/4393 4304/2248/4386
f 4306/2251/4389 4305/2249/4387 4310/2256/4394
f 4310/2256/4394 4305/2249/4387 4309/2255/4393
f 4308/2254/4392 4296/2235/4374 4311/2257/4395
f 4296/2235/4374 2617/2236/2730 4311/2257/4395
f 2617/2236/2730 4312/2258/2729 4311/2257/4395
f 4312/2258/2729 4313/2259/2725 4311/2257/4395
f 4313/2259/2725 4314/2260/4396 4311/2257/4395
f 4314/2260/4396 4308/2254/4392 4311/2257/4395
f 4314/2260/4396 4313/2259/2725 4315/2261/4397
f 4308/2254/4392 4314/2260/4396 4315/2261/4397
f 4313/2259/2725 4316/2262/2724 4315/2261/4397
f 4316/2262/2724 2611/2263/2721 4315/2261/4397
f 4317/2264/4398 4308/2254/4392 4315/2261/4397
f 2611/2263/2721 4317/2264/4398 4315/2261/4397
f 4309/2255/4393 4308/2254/4392 4317/2264/4398
f 4318/2265/4399 4317/2264/4398 2611/2263/2721
f 4319/2266/2719 4318/2265/4399 2611/2263/2721
f 4320/2267/4400 4309/2255/4393 4317/2264/4398
f 4320/2267/4400 4317/2264/4398 4318/2265/4399
f 4318/2265/4399 4319/2266/2719 4321/2268/4401
f 4319/2266/2719 2600/2269/2709 4321/2268/4401
f 4309/2255/4393 4320/2267/4400 4322/2270/4402
f 4310/2256/4394 4309/2255/4393 4322/2270/4402
f 4323/2271/4403 4320/2267/4400 4318/2265/4399
f 4323/2271/4403 4318/2265/4399 4321/2268/4401
f 4322/2270/4402 4320/2267/4400 4323/2271/4403
f 4321/2268/4401 2600/2269/2709 4324/2272/4404
f 2600/2269/2709 4325/2273/2704 4324/2272/4404
f 4324/2272/4404 4325/2273/2704 2593/2274/2701
f 4326/2275/4405 4324/2272/4404 2593/2274/2701
f 4324/2272/4404 4326/2275/4405 4327/2276/4406
f 2593/2274/2701 4328/2277/2697 4326/2275/4405
f 4328/2277/2697 4329/2278/4407 4326/2275/4405
f 4326/2275/4405 4329/2278/4407 4327/2276/4406
f 4328/2277/2697 2588/2279/2695 4329/2278/4407
f 4321/2268/4401 4324/2272/4404 4330/2280/4408
f 4330/2280/4408 4324/2272/4404 4327/2276/4406
f 4331/2281/4409 4323/2271/4403 4321/2268/4401
f 4331/2281/4409 4321/2268/4401 4330/2280/4408
f 4332/2282/4410 4322/2270/4402 4323/2271/4403
f 4332/2282/4410 4323/2271/4403 4331/2281/4409
f 2588/2279/2695 4333/2283/4411 4329/2278/4407
f 2588/2279/2695 2586/2284/2693 4333/2283/4411
f 4329/2278/4407 4334/2285/4412 4327/2276/4406
f 4329/2278/4407 4333/2283/4411 4334/2285/4412
f 4333/2283/4411 4335/2286/4413 4334/2285/4412
f 4333/2283/4411 4336/2287/4414 4335/2286/4413
f 2586/2284/2693 4336/2287/4414 4333/2283/4411
f 2586/2284/2693 4337/2288/2692 4336/2287/4414
f 4337/2288/2692 4338/2289/4367 4336/2287/4414
f 4339/2290/4415 4322/2270/4402 4332/2282/4410
f 4310/2256/4394 4322/2270/4402 4339/2290/4415
f 4336/2287/4414 4340/2291/4416 4335/2286/4413
f 4336/2287/4414 4338/2289/4367 4340/2291/4416
f 4341/2292/4417 4310/2256/4394 4339/2290/4415
f 4341/2292/4417 4306/2251/4389 4310/2256/4394
f 4306/2251/4389 4341/2292/4417 4342/2293/4418
f 4306/2251/4389 4342/2293/4418 4464/2253/4391
f 4341/2292/4417 4343/2294/4419 4342/2293/4418
f 4342/2293/4418 4343/2294/4419 4464/2253/4391
f 4341/2292/4417 4339/2290/4415 4343/2294/4419
f 4343/2294/4419 4344/2295/4420 4464/2253/4391
f 4464/2253/4391 4344/2295/4420 4461/2296/4421
f 4344/2295/4420 4345/2297/4422 4461/2296/4421
f 4461/2296/4421 4345/2297/4422 4549/2298/4423
f 4345/2297/4422 4346/2299/4424 4549/2298/4423
f 4346/2299/4424 4345/2297/4422 4347/2300/4425
f 4345/2297/4422 4344/2295/4420 4348/2301/4426
f 4345/2297/4422 4348/2301/4426 4347/2300/4425
f 4344/2295/4420 4343/2294/4419 4349/2302/4427
f 4344/2295/4420 4349/2302/4427 4348/2301/4426
f 4348/2301/4426 4350/2303/4428 4347/2300/4425
f 4348/2301/4426 4349/2302/4427 4350/2303/4428
f 4349/2302/4427 4351/2304/4429 4350/2303/4428
f 4350/2303/4428 4352/2305/4430 4347/2300/4425
f 4538/2306/4431 4352/2305/4430 4350/2303/4428
f 4339/2290/4415 4353/2307/4432 4343/2294/4419
f 4343/2294/4419 4353/2307/4432 4349/2302/4427
f 4353/2307/4432 4339/2290/4415 4354/2308/4433
f 4349/2302/4427 4353/2307/4432 4354/2308/4433
f 4349/2302/4427 4354/2308/4433 4351/2304/4429
f 4354/2308/4433 4339/2290/4415 4332/2282/4410
f 4355/2309/4434 4538/2306/4431 4350/2303/4428
f 4355/2309/4434 4350/2303/4428 4351/2304/4429
f 4354/2308/4433 4332/2282/4410 4356/2310/4435
f 4354/2308/4433 4356/2310/4435 4351/2304/4429
f 4538/2306/4431 4355/2309/4434 4357/2311/4436
f 4536/2312/4437 4538/2306/4431 4357/2311/4436
f 4332/2282/4410 4358/2313/4438 4356/2310/4435
f 4358/2313/4438 4332/2282/4410 4331/2281/4409
f 4331/2281/4409 4359/2314/4439 4358/2313/4438
f 4331/2281/4409 4330/2280/4408 4359/2314/4439
f 4536/2312/4437 4357/2311/4436 4360/2315/4440
f 4361/2316/4441 4536/2312/4437 4360/2315/4440
f 4356/2310/4435 4358/2313/4438 4362/2317/4442
f 4359/2314/4439 4362/2317/4442 4358/2313/4438
f 4359/2314/4439 4330/2280/4408 4363/2318/4443
f 4330/2280/4408 4327/2276/4406 4363/2318/4443
f 4364/2319/4444 4362/2317/4442 4359/2314/4439
f 4363/2318/4443 4364/2319/4444 4359/2314/4439
f 4365/2320/4445 4356/2310/4435 4362/2317/4442
f 4365/2320/4445 4362/2317/4442 4364/2319/4444
f 4361/2316/4441 4360/2315/4440 4366/2321/4446
f 4534/2322/4447 4361/2316/4441 4366/2321/4446
f 4534/2322/4447 4366/2321/4446 4367/2323/4448
f 4368/2324/4449 4534/2322/4447 4367/2323/4448
f 4367/2323/4448 4366/2321/4446 4369/2325/4450
f 4366/2321/4446 4360/2315/4440 4370/2326/4451
f 4366/2321/4446 4370/2326/4451 4369/2325/4450
f 4356/2310/4435 4365/2320/4445 4371/2327/4452
f 4351/2304/4429 4356/2310/4435 4371/2327/4452
f 4360/2315/4440 4372/2328/4453 4370/2326/4451
f 4360/2315/4440 4357/2311/4436 4372/2328/4453
f 4369/2325/4450 4370/2326/4451 4373/2329/4454
f 4569/2330/4455 4369/2325/4450 4373/2329/4454
f 4569/2330/4455 4373/2329/4454 4572/2331/4456
f 4370/2326/4451 4372/2328/4453 4374/2332/4457
f 4373/2329/4454 4370/2326/4451 4374/2332/4457
f 4357/2311/4436 4375/2333/4458 4372/2328/4453
f 4357/2311/4436 4355/2309/4434 4375/2333/4458
f 4376/2334/4459 4355/2309/4434 4351/2304/4429
f 4355/2309/4434 4376/2334/4459 4375/2333/4458
f 4372/2328/4453 4375/2333/4458 4377/2335/4460
f 4374/2332/4457 4372/2328/4453 4377/2335/4460
f 4377/2335/4460 4375/2333/4458 4376/2334/4459
f 4378/2336/4461 4351/2304/4429 4371/2327/4452
f 4378/2336/4461 4376/2334/4459 4351/2304/4429
f 4371/2327/4452 4379/2337/4462 4378/2336/4461
f 4365/2320/4445 4379/2337/4462 4371/2327/4452
f 4376/2334/4459 4378/2336/4461 4380/2338/4463
f 4379/2337/4462 4380/2338/4463 4378/2336/4461
f 4381/2339/4464 4377/2335/4460 4376/2334/4459
f 4381/2339/4464 4376/2334/4459 4380/2338/4463
f 4377/2335/4460 4382/2340/4465 4374/2332/4457
f 4382/2340/4465 4377/2335/4460 4381/2339/4464
f 4374/2332/4457 4383/2341/4466 4373/2329/4454
f 4382/2340/4465 4383/2341/4466 4374/2332/4457
f 4384/2342/4467 4380/2338/4463 4379/2337/4462
f 4381/2339/4464 4380/2338/4463 4384/2342/4467
f 4379/2337/4462 4365/2320/4445 4385/2343/4468
f 4385/2343/4468 4384/2342/4467 4379/2337/4462
f 4386/2344/4469 4381/2339/4464 4384/2342/4467
f 4384/2342/4467 4385/2343/4468 4386/2344/4469
f 4386/2344/4469 4382/2340/4465 4381/2339/4464
f 4365/2320/4445 4387/2345/4470 4385/2343/4468
f 4385/2343/4468 4387/2345/4470 4386/2344/4469
f 4387/2345/4470 4365/2320/4445 4364/2319/4444
f 4383/2341/4466 4388/2346/4471 4373/2329/4454
f 4373/2329/4454 4388/2346/4471 4572/2331/4456
f 4572/2331/4456 4388/2346/4471 4389/2347/4472
f 4576/2348/4473 4572/2331/4456 4389/2347/4472
f 4388/2346/4471 4383/2341/4466 4390/2349/4474
f 4389/2347/4472 4388/2346/4471 4390/2349/4474
f 4576/2348/4473 4389/2347/4472 4532/2350/4475
f 4391/2351/4476 4576/2348/4473 4532/2350/4475
f 4392/2352/4477 4532/2350/4475 4389/2347/4472
f 4390/2349/4474 4392/2352/4477 4389/2347/4472
f 4393/2353/4478 4392/2352/4477 4390/2349/4474
f 4390/2349/4474 4383/2341/4466 4394/2354/4479
f 4394/2354/4479 4393/2353/4478 4390/2349/4474
f 4383/2341/4466 4382/2340/4465 4394/2354/4479
f 4395/2355/4480 4393/2353/4478 4394/2354/4479
f 4394/2354/4479 4382/2340/4465 4396/2356/4481
f 4396/2356/4481 4395/2355/4480 4394/2354/4479
f 4382/2340/4465 4386/2344/4469 4396/2356/4481
f 4395/2355/4480 4396/2356/4481 4397/2357/4482
f 4398/2358/4483 4395/2355/4480 4397/2357/4482
f 4396/2356/4481 4386/2344/4469 4399/2359/4484
f 4397/2357/4482 4396/2356/4481 4399/2359/4484
f 4397/2357/4482 4399/2359/4484 4400/2360/4485
f 4399/2359/4484 4386/2344/4469 4387/2345/4470
f 4397/2357/4482 4401/2361/4486 4398/2358/4483
f 4401/2361/4486 4397/2357/4482 4400/2360/4485
f 4401/2361/4486 4402/2362/4487 4398/2358/4483
f 4401/2361/4486 4403/2363/4488 4402/2362/4487
f 4403/2363/4488 4404/2364/4489 4402/2362/4487
f 4400/2360/4485 4405/2365/4490 4401/2361/4486
f 4405/2365/4490 4403/2363/4488 4401/2361/4486
f 4403/2363/4488 4406/2366/4491 4404/2364/4489
f 4406/2366/4491 4526/2367/4492 4404/2364/4489
f 4405/2365/4490 4407/2368/4493 4403/2363/4488
f 4407/2368/4493 4406/2366/4491 4403/2363/4488
f 4406/2366/4491 4408/2369/4494 4526/2367/4492
f 4408/2369/4494 4409/2370/4495 4526/2367/4492
f 4407/2368/4493 4410/2371/4496 4406/2366/4491
f 4410/2371/4496 4408/2369/4494 4406/2366/4491
f 4409/2370/4495 4408/2369/4494 4583/2372/4497
f 4529/2373/4498 4409/2370/4495 4583/2372/4497
f 4583/2372/4497 4408/2369/4494 4584/2374/4499
f 4408/2369/4494 4410/2371/4496 4584/2374/4499
f 4410/2371/4496 4407/2368/4493 4411/2375/4500
f 4407/2368/4493 4405/2365/4490 4411/2375/4500
f 4584/2374/4499 4410/2371/4496 4412/2376/4501
f 4412/2376/4501 4410/2371/4496 4411/2375/4500
f 4591/2377/4502 4584/2374/4499 4412/2376/4501
f 4591/2377/4502 4412/2376/4501 4413/2378/4503
f 4405/2365/4490 4414/2379/4504 4411/2375/4500
f 4412/2376/4501 4411/2375/4500 4415/2380/4505
f 4411/2375/4500 4414/2379/4504 4415/2380/4505
f 4412/2376/4501 4416/2381/4506 4413/2378/4503
f 4416/2381/4506 4412/2376/4501 4415/2380/4505
f 4417/2382/4507 4414/2379/4504 4405/2365/4490
f 4400/2360/4485 4417/2382/4507 4405/2365/4490
f 4413/2378/4503 4416/2381/4506 4418/2383/4508
f 4419/2384/4509 4413/2378/4503 4418/2383/4508
f 4419/2384/4509 4418/2383/4508 4420/2385/4510
f 4421/2386/4511 4419/2384/4509 4420/2385/4510
f 4420/2385/4510 4418/2383/4508 4422/2387/4512
f 4418/2383/4508 4416/2381/4506 4423/2388/4513
f 4418/2383/4508 4423/2388/4513 4422/2387/4512
f 4416/2381/4506 4415/2380/4505 4423/2388/4513
f 4422/2387/4512 4423/2388/4513 4424/2389/4514
f 4423/2388/4513 4425/2390/4515 4424/2389/4514
f 4423/2388/4513 4415/2380/4505 4425/2390/4515
f 4544/2391/4516 4424/2389/4514 4425/2390/4515
f 4414/2379/4504 4426/2392/4517 4415/2380/4505
f 4415/2380/4505 4426/2392/4517 4425/2390/4515
f 4426/2392/4517 4414/2379/4504 4417/2382/4507
f 4427/2393/4518 4426/2392/4517 4417/2382/4507
f 4428/2394/4519 4544/2391/4516 4425/2390/4515
f 4425/2390/4515 4426/2392/4517 4428/2394/4519
f 4426/2392/4517 4427/2393/4518 4428/2394/4519
f 4429/2395/4520 4544/2391/4516 4428/2394/4519
f 4430/2396/4521 4429/2395/4520 4428/2394/4519
f 4431/2397/4522 4429/2395/4520 4430/2396/4521
f 4428/2394/4519 4427/2393/4518 4432/2398/4523
f 4430/2396/4521 4428/2394/4519 4432/2398/4523
f 4432/2398/4523 4433/2399/4524 4430/2396/4521
f 4433/2399/4524 4434/2400/4525 4430/2396/4521
f 4434/2400/4525 4431/2397/4522 4430/2396/4521
f 4431/2397/4522 4434/2400/4525 4435/2401/4526
f 4436/2402/4527 4431/2397/4522 4435/2401/4526
f 4434/2400/4525 4433/2399/4524 4437/2403/4528
f 4435/2401/4526 4434/2400/4525 4437/2403/4528
f 4436/2402/4527 4435/2401/4526 4438/2404/4529
f 4558/2405/4530 4436/2402/4527 4438/2404/4529
f 4438/2404/4529 4559/2406/4531 4558/2405/4530
f 4435/2401/4526 4437/2403/4528 4439/2407/4532
f 4438/2404/4529 4435/2401/4526 4439/2407/4532
f 4559/2406/4531 4438/2404/4529 4440/2408/4533
f 4441/2409/4534 4559/2406/4531 4440/2408/4533
f 4441/2409/4534 4440/2408/4533 4602/2410/4535
f 4600/2411/4536 4441/2409/4534 4602/2410/4535
f 4602/2410/4535 4440/2408/4533 4603/2412/4537
f 4440/2408/4533 4438/2404/4529 4442/2413/4538
f 4440/2408/4533 4442/2413/4538 4603/2412/4537
f 4438/2404/4529 4439/2407/4532 4442/2413/4538
f 4603/2412/4537 4442/2413/4538 4443/2414/4539
f 4444/2415/4540 4603/2412/4537 4443/2414/4539
f 4444/2415/4540 4443/2414/4539 4445/2416/4541
f 4439/2407/4532 4446/2417/4542 4442/2413/4538
f 4446/2417/4542 4443/2414/4539 4442/2413/4538
f 4439/2407/4532 4437/2403/4528 4447/2418/4543
f 4446/2417/4542 4439/2407/4532 4447/2418/4543
f 4447/2418/4543 4437/2403/4528 4448/2419/4544
f 4437/2403/4528 4433/2399/4524 4448/2419/4544
f 4447/2418/4543 4449/2420/4545 4446/2417/4542
f 4447/2418/4543 4448/2419/4544 4449/2420/4545
f 4448/2419/4544 4450/2421/4546 4449/2420/4545
f 4446/2417/4542 4451/2422/4547 4443/2414/4539
f 4449/2420/4545 4451/2422/4547 4446/2417/4542
f 4443/2414/4539 4452/2423/4548 4445/2416/4541
f 4451/2422/4547 4452/2423/4548 4443/2414/4539
f 4452/2423/4548 4451/2422/4547 4453/2424/4549
f 4445/2416/4541 4452/2423/4548 4454/2425/4550
f 4454/2425/4550 4452/2423/4548 4453/2424/4549
f 4610/2426/4551 4445/2416/4541 4454/2425/4550
f 4610/2426/4551 4454/2425/4550 4560/2427/4552
f 4560/2427/4552 4454/2425/4550 4453/2424/4549
f 4597/2428/4553 4610/2426/4551 4560/2427/4552
f 4455/2429/4554 4560/2427/4552 4453/2424/4549
f 4456/2430/4555 4455/2429/4554 4453/2424/4549
f 4554/2431/4556 4456/2430/4555 4453/2424/4549
f 4453/2424/4549 4451/2422/4547 4457/2432/4557
f 4451/2422/4547 4449/2420/4545 4457/2432/4557
f 4457/2432/4557 4554/2431/4556 4453/2424/4549
f 4457/2432/4557 4449/2420/4545 4458/2433/4558
f 4554/2431/4556 4457/2432/4557 4458/2433/4558
f 4552/2434/4559 4554/2431/4556 4458/2433/4558
f 4458/2433/4558 4459/2435/4560 4552/2434/4559
f 4459/2435/4560 4460/2436/4561 4552/2434/4559
f 4549/2437/4423 4460/2436/4561 4459/2435/4560
f 4449/2420/4545 4450/2421/4546 4458/2433/4558
f 4461/2438/4421 4549/2437/4423 4459/2435/4560
f 4459/2435/4560 4458/2433/4558 4462/2439/4562
f 4458/2433/4558 4450/2421/4546 4462/2439/4562
f 4461/2438/4421 4459/2435/4560 4463/2440/4563
f 4464/2441/4391 4461/2438/4421 4463/2440/4563
f 4465/2442/4564 4459/2435/4560 4462/2439/4562
f 4459/2435/4560 4465/2442/4564 4463/2440/4563
f 4466/2443/4565 4464/2441/4391 4463/2440/4563
f 4307/2444/4390 4464/2441/4391 4466/2443/4565
f 4465/2442/4564 4467/2445/4566 4463/2440/4563
f 4467/2445/4566 4465/2442/4564 4462/2439/4562
f 4467/2445/4566 4466/2443/4565 4463/2440/4563
f 4468/2446/4567 4307/2444/4390 4466/2443/4565
f 4466/2443/4565 4467/2445/4566 4468/2446/4567
f 4469/2447/4568 4307/2444/4390 4468/2446/4567
f 4470/2448/4388 4307/2444/4390 4469/2447/4568
f 4471/2449/4569 4467/2445/4566 4462/2439/4562
f 4450/2421/4546 4471/2449/4569 4462/2439/4562
f 4467/2445/4566 4472/2450/4570 4468/2446/4567
f 4472/2450/4570 4467/2445/4566 4471/2449/4569
f 4472/2450/4570 4469/2447/4568 4468/2446/4567
f 4473/2451/4571 4472/2450/4570 4471/2449/4569
f 4471/2449/4569 4450/2421/4546 4473/2451/4571
f 4472/2450/4570 4473/2451/4571 4469/2447/4568
f 4450/2421/4546 4474/2452/4572 4473/2451/4571
f 4473/2451/4571 4475/2453/4573 4469/2447/4568
f 4474/2452/4572 4475/2453/4573 4473/2451/4571
f 4476/2454/4574 4474/2452/4572 4450/2421/4546
f 4450/2421/4546 4448/2419/4544 4476/2454/4574
f 4477/2455/4575 4475/2453/4573 4474/2452/4572
f 4476/2454/4574 4477/2455/4575 4474/2452/4572
f 4448/2419/4544 4478/2456/4576 4476/2454/4574
f 4478/2456/4576 4448/2419/4544 4433/2399/4524
f 4477/2455/4575 4476/2454/4574 4479/2457/4577
f 4476/2454/4574 4478/2456/4576 4479/2457/4577
f 4480/2458/4578 4475/2453/4573 4477/2455/4575
f 4479/2457/4577 4480/2458/4578 4477/2455/4575
f 4479/2457/4577 4478/2456/4576 4481/2459/4579
f 4481/2459/4579 4478/2456/4576 4433/2399/4524
f 4482/2460/4580 4479/2457/4577 4481/2459/4579
f 4482/2460/4580 4481/2459/4579 4433/2399/4524
f 4480/2458/4578 4479/2457/4577 4482/2460/4580
f 4483/2461/4581 4482/2460/4580 4433/2399/4524
f 4483/2461/4581 4480/2458/4578 4482/2460/4580
f 4483/2461/4581 4433/2399/4524 4432/2398/4523
f 4475/2453/4573 4480/2458/4578 4484/2462/4582
f 4484/2462/4582 4480/2458/4578 4483/2461/4581
f 4485/2463/4583 4475/2453/4573 4484/2462/4582
f 4475/2453/4573 4485/2463/4583 4469/2447/4568
f 4485/2463/4583 4486/2464/4584 4469/2447/4568
f 4486/2464/4584 4470/2448/4388 4469/2447/4568
f 4486/2464/4584 4485/2463/4583 4487/2465/4585
f 4488/2466/4586 4486/2464/4584 4487/2465/4585
f 4470/2448/4388 4486/2464/4584 4488/2466/4586
f 4489/2467/4378 4470/2448/4388 4488/2466/4586
f 4489/2467/4378 4488/2466/4586 4301/2468/4381
f 4484/2462/4582 4490/2469/4587 4485/2463/4583
f 4490/2469/4587 4487/2465/4585 4485/2463/4583
f 4491/2470/4588 4483/2461/4581 4432/2398/4523
f 4492/2471/4589 4484/2462/4582 4483/2461/4581
f 4492/2471/4589 4483/2461/4581 4491/2470/4588
f 4490/2469/4587 4484/2462/4582 4493/2472/4590
f 4484/2462/4582 4492/2471/4589 4493/2472/4590
f 4491/2470/4588 4432/2398/4523 4494/2473/4591
f 4432/2398/4523 4427/2393/4518 4494/2473/4591
f 4488/2466/4586 4495/2474/4592 4301/2468/4381
f 4488/2466/4586 4487/2465/4585 4496/2475/4593
f 4495/2474/4592 4488/2466/4586 4496/2475/4593
f 4301/2468/4381 4495/2474/4592 4497/2476/4594
f 4302/2477/4382 4301/2468/4381 4497/2476/4594
f 4303/2478/4383 4302/2477/4382 4497/2476/4594
f 4303/2478/4383 4497/2476/4594 4498/2479/4595
f 4497/2476/4594 4495/2474/4592 4499/2480/4596
f 4495/2474/4592 4496/2475/4593 4499/2480/4596
f 4497/2476/4594 4499/2480/4596 4498/2479/4595
f 4499/2480/4596 4496/2475/4593 4500/2481/4597
f 4496/2475/4593 4487/2465/4585 4500/2481/4597
f 4498/2479/4595 4499/2480/4596 4501/2482/4598
f 4501/2482/4598 4499/2480/4596 4500/2481/4597
f 4615/2483/4599 4498/2479/4595 4501/2482/4598
f 4615/2483/4599 4501/2482/4598 4616/2484/4385
f 4501/2482/4598 4502/2485/4380 4616/2484/4385
f 4299/2486/4377 4502/2485/4380 4501/2482/4598
f 4500/2481/4597 4299/2486/4377 4501/2482/4598
f 4299/2486/4377 4500/2481/4597 4503/2487/4600
f 4487/2465/4585 4503/2487/4600 4500/2481/4597
f 4295/2488/4373 4299/2486/4377 4503/2487/4600
f 4291/2489/4369 4295/2488/4373 4503/2487/4600
f 4504/2490/4601 4291/2489/4369 4503/2487/4600
f 4504/2490/4601 4503/2487/4600 4487/2465/4585
f 4291/2489/4369 4504/2490/4601 4338/2289/4367
f 4505/2491/4602 4504/2490/4601 4487/2465/4585
f 4504/2490/4601 4505/2491/4602 4338/2289/4367
f 4338/2289/4367 4505/2491/4602 4340/2291/4416
f 4487/2465/4585 4490/2469/4587 4505/2491/4602
f 4490/2469/4587 4340/2291/4416 4505/2491/4602
f 4340/2291/4416 4490/2469/4587 4335/2286/4413
f 4490/2469/4587 4493/2472/4590 4335/2286/4413
f 4493/2472/4590 4506/2492/4603 4335/2286/4413
f 4493/2472/4590 4492/2471/4589 4506/2492/4603
f 4492/2471/4589 4507/2493/4604 4506/2492/4603
f 4507/2493/4604 4492/2471/4589 4491/2470/4588
f 4506/2492/4603 4508/2494/4605 4335/2286/4413
f 4506/2492/4603 4507/2493/4604 4508/2494/4605
f 4509/2495/4606 4507/2493/4604 4491/2470/4588
f 4507/2493/4604 4509/2495/4606 4508/2494/4605
f 4494/2473/4591 4509/2495/4606 4491/2470/4588
f 4335/2286/4413 4508/2494/4605 4510/2496/4607
f 4334/2285/4412 4335/2286/4413 4510/2496/4607
f 4509/2495/4606 4511/2497/4608 4508/2494/4605
f 4511/2497/4608 4510/2496/4607 4508/2494/4605
f 4494/2473/4591 4512/2498/4609 4509/2495/4606
f 4512/2498/4609 4511/2497/4608 4509/2495/4606
f 4334/2285/4412 4510/2496/4607 4513/2499/4610
f 4327/2276/4406 4334/2285/4412 4513/2499/4610
f 4511/2497/4608 4514/2500/4611 4510/2496/4607
f 4514/2500/4611 4513/2499/4610 4510/2496/4607
f 4513/2499/4610 4515/2501/4612 4327/2276/4406
f 4515/2501/4612 4363/2318/4443 4327/2276/4406
f 4515/2501/4612 4513/2499/4610 4516/2502/4613
f 4515/2501/4612 4516/2502/4613 4363/2318/4443
f 4513/2499/4610 4514/2500/4611 4516/2502/4613
f 4516/2502/4613 4364/2319/4444 4363/2318/4443
f 4387/2345/4470 4364/2319/4444 4516/2502/4613
f 4517/2503/4614 4387/2345/4470 4516/2502/4613
f 4517/2503/4614 4516/2502/4613 4514/2500/4611
f 4517/2503/4614 4399/2359/4484 4387/2345/4470
f 4518/2504/4615 4514/2500/4611 4511/2497/4608
f 4518/2504/4615 4517/2503/4614 4514/2500/4611
f 4517/2503/4614 4518/2504/4615 4399/2359/4484
f 4512/2498/4609 4518/2504/4615 4511/2497/4608
f 4518/2504/4615 4400/2360/4485 4399/2359/4484
f 4518/2504/4615 4519/2505/4616 4400/2360/4485
f 4518/2504/4615 4512/2498/4609 4519/2505/4616
f 4519/2505/4616 4520/2506/4617 4400/2360/4485
f 4417/2382/4507 4400/2360/4485 4520/2506/4617
f 4512/2498/4609 4521/2507/4618 4519/2505/4616
f 4519/2505/4616 4521/2507/4618 4520/2506/4617
f 4522/2508/4619 4417/2382/4507 4520/2506/4617
f 4521/2507/4618 4522/2508/4619 4520/2506/4617
f 4417/2382/4507 4522/2508/4619 4427/2393/4518
f 4521/2507/4618 4512/2498/4609 4523/2509/4620
f 4512/2498/4609 4494/2473/4591 4523/2509/4620
f 4523/2509/4620 4494/2473/4591 4427/2393/4518
f 4522/2508/4619 4524/2510/4621 4427/2393/4518
f 4524/2510/4621 4522/2508/4619 4521/2507/4618
f 4524/2510/4621 4523/2509/4620 4427/2393/4518
f 4523/2509/4620 4524/2510/4621 4521/2507/4618
f 4402/2511/4487 4404/2513/4489 4543/2512/4622
f 4404/2513/4489 4525/2514/4623 4543/2512/4622
f 4543/2512/4622 4525/2514/4623 4544/2515/4516
f 4404/2513/4489 4526/2516/4492 4525/2514/4623
f 4525/2514/4623 4424/2517/4514 4544/2515/4516
f 4526/2516/4492 4527/2518/4624 4525/2514/4623
f 4525/2514/4623 4527/2518/4624 4424/2517/4514
f 4527/2518/4624 4422/2519/4512 4424/2517/4514
f 4526/2516/4492 4409/2520/4495 4527/2518/4624
f 4420/2521/4510 4422/2519/4512 4527/2518/4624
f 4409/2520/4495 4528/2522/4625 4527/2518/4624
f 4528/2522/4625 4420/2521/4510 4527/2518/4624
f 4528/2522/4625 4409/2520/4495 4529/2523/4498
f 4530/2524/4626 4528/2522/4625 4529/2523/4498
f 4420/2521/4510 4528/2522/4625 4530/2524/4626
f 4421/2525/4511 4420/2521/4510 4530/2524/4626
f 4391/2526/4476 4532/2528/4475 4531/2527/4627
f 4532/2528/4475 4533/2529/4628 4531/2527/4627
f 4531/2527/4627 4533/2529/4628 4368/2530/4449
f 4532/2528/4475 4392/2531/4477 4533/2529/4628
f 4533/2529/4628 4534/2532/4447 4368/2530/4449
f 4392/2531/4477 4535/2533/4629 4533/2529/4628
f 4533/2529/4628 4535/2533/4629 4534/2532/4447
f 4535/2533/4629 4361/2534/4441 4534/2532/4447
f 4536/2535/4437 4361/2534/4441 4535/2533/4629
f 4392/2531/4477 4393/2536/4478 4535/2533/4629
f 4537/2537/4630 4536/2535/4437 4535/2533/4629
f 4393/2536/4478 4537/2537/4630 4535/2533/4629
f 4538/2538/4431 4536/2535/4437 4537/2537/4630
f 4537/2537/4630 4393/2536/4478 4539/2539/4631
f 4539/2539/4631 4538/2538/4431 4537/2537/4630
f 4393/2536/4478 4395/2540/4480 4539/2539/4631
f 4539/2539/4631 4395/2540/4480 4540/2541/4632
f 4395/2540/4480 4398/2542/4483 4540/2541/4632
f 4398/2542/4483 4402/2543/4487 4540/2541/4632
f 4538/2538/4431 4539/2539/4631 4541/2544/4633
f 4539/2539/4631 4540/2541/4632 4541/2544/4633
f 4540/2541/4632 4402/2543/4487 4542/2545/4634
f 4541/2544/4633 4540/2541/4632 4542/2545/4634
f 4402/2543/4487 4543/2546/4622 4542/2545/4634
f 4542/2545/4634 4543/2546/4622 4544/2547/4516
f 4545/2548/4635 4538/2538/4431 4541/2544/4633
f 4352/2549/4430 4538/2538/4431 4545/2548/4635
f 4347/2550/4425 4352/2549/4430 4545/2548/4635
f 4546/2551/4636 4542/2545/4634 4544/2547/4516
f 4429/2552/4520 4546/2551/4636 4544/2547/4516
f 4546/2551/4636 4429/2552/4520 4431/2553/4522
f 4547/2554/4637 4541/2544/4633 4542/2545/4634
f 4545/2548/4635 4541/2544/4633 4547/2554/4637
f 4547/2554/4637 4542/2545/4634 4546/2551/4636
f 4347/2550/4425 4545/2548/4635 4548/2555/4638
f 4548/2555/4638 4545/2548/4635 4547/2554/4637
f 4346/2556/4424 4347/2550/4425 4548/2555/4638
f 4346/2556/4424 4548/2555/4638 4549/2557/4423
f 4550/2558/4639 4547/2554/4637 4546/2551/4636
f 4548/2555/4638 4547/2554/4637 4550/2558/4639
f 4548/2555/4638 4551/2559/4640 4549/2557/4423
f 4551/2559/4640 4548/2555/4638 4550/2558/4639
f 4549/2557/4423 4551/2559/4640 4460/2560/4561
f 4551/2559/4640 4552/2561/4559 4460/2560/4561
f 4552/2561/4559 4551/2559/4640 4550/2558/4639
f 4550/2558/4639 4546/2551/4636 4553/2562/4641
f 4553/2562/4641 4552/2561/4559 4550/2558/4639
f 4553/2562/4641 4546/2551/4636 4431/2553/4522
f 4552/2561/4559 4553/2562/4641 4554/2563/4556
f 4553/2562/4641 4431/2553/4522 4555/2564/4642
f 4553/2562/4641 4555/2564/4642 4554/2563/4556
f 4431/2553/4522 4436/2565/4527 4555/2564/4642
f 4456/2566/4555 4554/2563/4556 4555/2564/4642
f 4555/2564/4642 4436/2565/4527 4556/2567/4643
f 4556/2567/4643 4456/2566/4555 4555/2564/4642
f 4556/2567/4643 4557/2568/4644 4456/2566/4555
f 4436/2565/4527 4558/2569/4530 4556/2567/4643
f 4557/2568/4644 4556/2567/4643 4558/2569/4530
f 4557/2568/4644 4455/2570/4554 4456/2566/4555
f 4559/2571/4531 4557/2568/4644 4558/2569/4530
f 4559/2571/4531 4441/2572/4534 4557/2568/4644
f 4560/2573/4552 4455/2570/4554 4557/2568/4644
f 4441/2572/4534 4561/2574/4645 4557/2568/4644
f 4561/2574/4645 4560/2573/4552 4557/2568/4644
f 4561/2574/4645 4441/2572/4534 4600/2575/4536
f 4562/2576/4646 4561/2574/4645 4600/2575/4536
f 4560/2573/4552 4561/2574/4645 4562/2576/4646
f 4597/2577/4553 4560/2573/4552 4562/2576/4646
f 4531/2579/4627 4563/2578/4647 4391/2580/4476
f 4531/2579/4627 4564/2581/4648 4563/2578/4647
f 4565/2582/4649 4563/2578/4647 4564/2581/4648
f 4368/2583/4449 4564/2581/4648 4531/2579/4627
f 4566/2584/4650 4565/2582/4649 4564/2581/4648
f 4566/2584/4650 4567/2585/4651 4565/2582/4649
f 4368/2583/4449 4568/2586/4652 4564/2581/4648
f 4368/2583/4449 4367/2587/4448 4568/2586/4652
f 4367/2587/4448 4369/2588/4450 4568/2586/4652
f 4568/2586/4652 4369/2588/4450 4569/2589/4455
f 4564/2581/4648 4570/2590/4653 4566/2584/4650
f 4568/2586/4652 4570/2590/4653 4564/2581/4648
f 4571/2591/4654 4568/2586/4652 4569/2589/4455
f 4570/2590/4653 4568/2586/4652 4571/2591/4654
f 4569/2589/4455 4572/2592/4456 4571/2591/4654
f 4570/2590/4653 4573/2593/4655 4566/2584/4650
f 4566/2584/4650 4573/2593/4655 4567/2585/4651
f 4573/2593/4655 4570/2590/4653 4574/2594/4656
f 4574/2594/4656 4570/2590/4653 4571/2591/4654
f 4572/2592/4456 4575/2595/4657 4571/2591/4654
f 4575/2595/4657 4572/2592/4456 4576/2596/4473
f 4391/2597/4476 4575/2595/4657 4576/2596/4473
f 4575/2595/4657 4577/2598/4658 4571/2591/4654
f 4577/2598/4658 4575/2595/4657 4391/2597/4476
f 4577/2598/4658 4574/2594/4656 4571/2591/4654
f 4563/2599/4647 4577/2598/4658 4391/2597/4476
f 4578/2600/4659 4577/2598/4658 4563/2599/4647
f 4574/2594/4656 4577/2598/4658 4578/2600/4659
f 4565/2601/4649 4578/2600/4659 4563/2599/4647
f 4565/2601/4649 4567/2585/4651 4578/2600/4659
f 4579/2602/4660 4573/2593/4655 4574/2594/4656
f 4579/2602/4660 4574/2594/4656 4578/2600/4659
f 4573/2593/4655 4579/2602/4660 4567/2585/4651
f 4567/2585/4651 4579/2602/4660 4578/2600/4659
f 4530/2604/4626 4592/2603/4661 4421/2605/4511
f 4580/2606/4662 4592/2603/4661 4530/2604/4626
f 4529/2607/4498 4580/2606/4662 4530/2604/4626
f 4581/2608/4663 4592/2603/4661 4580/2606/4662
f 4580/2606/4662 4529/2607/4498 4582/2609/4664
f 4529/2607/4498 4583/2610/4497 4582/2609/4664
f 4583/2610/4497 4584/2611/4499 4582/2609/4664
f 4585/2612/4665 4581/2608/4663 4580/2606/4662
f 4585/2612/4665 4586/2613/4666 4581/2608/4663
f 4585/2612/4665 4580/2606/4662 4587/2614/4667
f 4585/2612/4665 4587/2614/4667 4586/2613/4666
f 4588/2615/4668 4582/2609/4664 4584/2611/4499
f 4588/2615/4668 4589/2616/4669 4582/2609/4664
f 4588/2615/4668 4590/2617/4670 4589/2616/4669
f 4591/2618/4502 4588/2615/4668 4584/2611/4499
f 4588/2615/4668 4591/2618/4502 4590/2617/4670
f 4591/2618/4502 4413/2619/4503 4590/2617/4670
f 4590/2617/4670 4413/2619/4503 4419/2620/4509
f 4421/2621/4511 4590/2617/4670 4419/2620/4509
f 4421/2621/4511 4592/2622/4661 4590/2617/4670
f 4593/2623/4671 4580/2606/4662 4582/2609/4664
f 4580/2606/4662 4593/2623/4671 4587/2614/4667
f 4589/2616/4669 4593/2623/4671 4582/2609/4664
f 4587/2614/4667 4593/2623/4671 4589/2616/4669
f 4587/2614/4667 4594/2624/4672 4586/2613/4666
f 4594/2624/4672 4587/2614/4667 4589/2616/4669
f 4586/2613/4666 4594/2624/4672 4595/2625/4673
f 4595/2625/4673 4594/2624/4672 4589/2616/4669
f 4581/2626/4663 4586/2613/4666 4595/2625/4673
f 4581/2626/4663 4595/2625/4673 4592/2622/4661
f 4590/2617/4670 4596/2627/4674 4589/2616/4669
f 4592/2622/4661 4596/2627/4674 4590/2617/4670
f 4595/2625/4673 4596/2627/4674 4592/2622/4661
f 4596/2627/4674 4595/2625/4673 4589/2616/4669
f 4562/2629/4646 4598/2628/4675 4597/2630/4553
f 4599/2631/4676 4598/2628/4675 4562/2629/4646
f 4600/2632/4536 4599/2631/4676 4562/2629/4646
f 4601/2633/4677 4599/2631/4676 4600/2632/4536
f 4601/2633/4677 4600/2632/4536 4602/2634/4535
f 4603/2635/4537 4601/2633/4677 4602/2634/4535
f 4604/2636/4678 4598/2628/4675 4599/2631/4676
f 4601/2633/4677 4603/2635/4537 4444/2637/4540
f 4605/2638/4679 4604/2636/4678 4599/2631/4676
f 4605/2638/4679 4606/2639/4680 4604/2636/4678
f 4605/2638/4679 4599/2631/4676 4607/2640/4681
f 4599/2631/4676 4601/2633/4677 4607/2640/4681
f 4606/2639/4680 4605/2638/4679 4607/2640/4681
f 4608/2641/4682 4601/2633/4677 4444/2637/4540
f 4608/2641/4682 4444/2637/4540 4609/2642/4683
f 4444/2637/4540 4445/2643/4541 4609/2642/4683
f 4609/2642/4683 4445/2643/4541 4610/2644/4551
f 4597/2645/4553 4609/2642/4683 4610/2644/4551
f 4597/2645/4553 4598/2646/4675 4609/2642/4683
f 4608/2641/4682 4611/2647/4684 4601/2633/4677
f 4607/2640/4681 4601/2633/4677 4611/2647/4684
f 4608/2641/4682 4609/2642/4683 4611/2647/4684
f 4612/2648/4685 4609/2642/4683 4598/2646/4675
f 4611/2647/4684 4609/2642/4683 4612/2648/4685
f 4604/2649/4678 4612/2648/4685 4598/2646/4675
f 4604/2649/4678 4606/2639/4680 4612/2648/4685
f 4613/2650/4686 4607/2640/4681 4611/2647/4684
f 4613/2650/4686 4611/2647/4684 4612/2648/4685
f 4613/2650/4686 4606/2639/4680 4607/2640/4681
f 4606/2639/4680 4613/2650/4686 4612/2648/4685
f 4498/2652/4595 4614/2651/4687 4303/2653/4383
f 4615/2654/4599 4614/2651/4687 4498/2652/4595
f 4616/2655/4385 4614/2651/4687 4615/2654/4599
f 4617/2656/4384 4614/2651/4687 4616/2655/4385
f 4303/2657/4383 4614/2651/4687 4617/2656/4384
f 4620/2816/2254 4619/2815/3387 4618/2817/2378
f 4619/2815/3387 4621/2818/4688 4618/2817/2378
f 4618/2817/2378 4621/2818/4688 4622/2819/2380
f 4623/2820/4689 4621/2818/4688 4619/2815/3387
f 4624/2821/3377 4623/2820/4689 4619/2815/3387
f 4621/2818/4688 4625/2822/4690 4622/2819/2380
f 4622/2819/2380 4625/2822/4690 2299/2823/2383
f 4623/2820/4689 4624/2821/3377 4626/2824/4691
f 4624/2821/3377 3239/2825/3376 4626/2824/4691
f 4627/2826/4692 4626/2824/4691 3239/2825/3376
f 3239/2825/3376 3234/2827/3371 4627/2826/4692
f 3234/2827/3371 4628/2828/4693 4627/2826/4692
f 3234/2827/3371 4629/2829/3368 4628/2828/4693
f 4627/2826/4692 4630/2830/4694 4626/2824/4691
f 4627/2826/4692 4628/2828/4693 4630/2830/4694
f 4626/2824/4691 4631/2831/4695 4623/2820/4689
f 4630/2830/4694 4631/2831/4695 4626/2824/4691
f 4623/2820/4689 4632/2832/4696 4621/2818/4688
f 4631/2831/4695 4632/2832/4696 4623/2820/4689
f 4632/2832/4696 4633/2833/4697 4621/2818/4688
f 4621/2818/4688 4633/2833/4697 4625/2822/4690
f 4632/2832/4696 4631/2831/4695 4634/2834/4698
f 4633/2833/4697 4632/2832/4696 4634/2834/4698
f 4631/2831/4695 4630/2830/4694 4635/2835/4699
f 4631/2831/4695 4635/2835/4699 4634/2834/4698
f 4629/2829/3368 4636/2836/4700 4628/2828/4693
f 4628/2828/4693 4637/2837/4701 4630/2830/4694
f 4628/2828/4693 4636/2836/4700 4637/2837/4701
f 4636/2836/4700 4629/2829/3368 4638/2838/4702
f 4629/2829/3368 3230/2839/3366 4638/2838/4702
f 3229/2840/3365 4638/2838/4702 3230/2839/3366
f 4636/2836/4700 4638/2838/4702 4639/2841/4703
f 4639/2841/4703 4638/2838/4702 3229/2840/3365
f 4636/2836/4700 4639/2841/4703 4637/2837/4701
f 4630/2830/4694 4637/2837/4701 4640/2842/4704
f 4630/2830/4694 4640/2842/4704 4635/2835/4699
f 4641/2843/4705 4639/2841/4703 3229/2840/3365
f 4641/2843/4705 3229/2840/3365 2317/2844/2323
f 2318/2845/2399 4641/2843/4705 2317/2844/2323
f 4642/2846/4706 4637/2837/4701 4639/2841/4703
f 4637/2837/4701 4642/2846/4706 4640/2842/4704
f 4641/2843/4705 2318/2845/2399 4643/2847/4707
f 2318/2845/2399 4644/2848/2402 4643/2847/4707
f 4639/2841/4703 4641/2843/4705 4645/2849/4708
f 4641/2843/4705 4643/2847/4707 4645/2849/4708
f 4645/2849/4708 4642/2846/4706 4639/2841/4703
f 4646/2850/4709 4643/2847/4707 4644/2848/2402
f 4643/2847/4707 4646/2850/4709 4645/2849/4708
f 4646/2850/4709 4642/2846/4706 4645/2849/4708
f 4647/2851/2405 4646/2850/4709 4644/2848/2402
f 4646/2850/4709 4647/2851/2405 4648/2852/2406
f 4642/2846/4706 4646/2850/4709 4649/2853/4710
f 4640/2842/4704 4642/2846/4706 4649/2853/4710
f 4649/2853/4710 4646/2850/4709 4648/2852/2406
f 4640/2842/4704 4649/2853/4710 4650/2854/4711
f 4650/2854/4711 4649/2853/4710 4648/2852/2406
f 4635/2835/4699 4640/2842/4704 4650/2854/4711
f 4651/2855/2409 4650/2854/4711 4648/2852/2406
f 4635/2835/4699 4650/2854/4711 4652/2856/4712
f 4652/2856/4712 4650/2854/4711 4651/2855/2409
f 4634/2834/4698 4635/2835/4699 4652/2856/4712
f 2326/2857/2411 4652/2856/4712 4651/2855/2409
f 4653/2858/4713 4634/2834/4698 4652/2856/4712
f 4653/2858/4713 4633/2833/4697 4634/2834/4698
f 4654/2859/4714 4652/2856/4712 2326/2857/2411
f 4654/2859/4714 4653/2858/4713 4652/2856/4712
f 4655/2860/2414 4654/2859/4714 2326/2857/2411
f 4633/2833/4697 4653/2858/4713 4656/2861/4715
f 4633/2833/4697 4656/2861/4715 4625/2822/4690
f 4657/2864/4716 4653/2858/4713 4654/2859/4714
f 4653/2858/4713 4657/2864/4716 4656/2861/4715
f 4658/2862/4717 4654/2859/4714 4655/2860/2414
f 4658/2862/4717 4657/2864/4716 4654/2859/4714
f 4659/2863/2417 4658/2862/4717 4655/2860/2414
f 4656/2861/4715 4660/2865/4718 4625/2822/4690
f 4660/2865/4718 4656/2861/4715 4657/2864/4716
f 4661/2866/4719 4658/2862/4717 4659/2863/2417
f 4662/2867/2421 4661/2866/4719 4659/2863/2417
f 4663/2868/4720 4657/2864/4716 4658/2862/4717
f 4663/2868/4720 4660/2865/4718 4657/2864/4716
f 4661/2866/4719 4663/2868/4720 4658/2862/4717
f 4660/2865/4718 4664/2869/4721 4625/2822/4690
f 4625/2822/4690 4664/2869/4721 2299/2823/2383
f 4665/2870/4722 4661/2866/4719 4662/2867/2421
f 2337/2871/2425 4665/2870/4722 4662/2867/2421
f 4660/2865/4718 4663/2868/4720 4666/2872/4723
f 4660/2865/4718 4666/2872/4723 4664/2869/4721
f 2299/2823/2383 4664/2869/4721 4667/2873/4724
f 4666/2872/4723 4667/2873/4724 4664/2869/4721
f 2340/2874/2428 2299/2823/2383 4667/2873/4724
f 4668/2875/4725 4663/2868/4720 4661/2866/4719
f 4663/2868/4720 4668/2875/4725 4666/2872/4723
f 4665/2870/4722 4668/2875/4725 4661/2866/4719
f 4667/2873/4724 4669/2876/4726 2340/2874/2428
f 4667/2873/4724 4666/2872/4723 4669/2876/4726
f 4669/2876/4726 4666/2872/4723 4668/2875/4725
f 4669/2876/4726 4670/2877/2431 2340/2874/2428
f 4671/2878/4727 4669/2876/4726 4668/2875/4725
f 4670/2877/2431 4669/2876/4726 4671/2878/4727
f 4671/2878/4727 4668/2875/4725 4665/2870/4722
f 2344/2879/2433 4670/2877/2431 4671/2878/4727
f 4672/2880/4728 4665/2870/4722 2337/2871/2425
f 4672/2880/4728 4671/2878/4727 4665/2870/4722
f 2344/2879/2433 4671/2878/4727 4672/2880/4728
f 4673/2881/2435 4672/2880/4728 2337/2871/2425
f 4673/2881/2435 2344/2879/2433 4672/2880/4728
f 3171/3057/3305 4674/3058/3314 3622/3059/3074
f 4674/3058/3314 4675/3060/3075 3622/3059/3074
f 4676/3061/4729 4675/3060/3075 4674/3058/3314
f 2953/3062/3077 4675/3060/3075 4676/3061/4729
f 4674/3058/3314 4677/3063/3380 4676/3061/4729
f 4676/3061/4729 4678/3064/4730 2953/3062/3077
f 4676/3061/4729 4677/3063/3380 4678/3064/4730
f 4678/3064/4730 4679/3065/3078 2953/3062/3077
f 4678/3064/4730 4677/3063/3380 4680/3066/4731
f 4678/3064/4730 4680/3066/4731 4679/3065/3078
f 4677/3063/3380 4681/3067/3382 4680/3066/4731
f 4680/3066/4731 2955/3068/3081 4679/3065/3078
f 4680/3066/4731 4681/3067/3382 2955/3068/3081
f 2955/3068/3081 4681/3067/3382 4682/3069/4732
f 4683/3070/3084 2955/3068/3081 4682/3069/4732
f 4682/3069/4732 4681/3067/3382 3243/3071/3383
f 4682/3069/4732 4684/3072/4733 4683/3070/3084
f 4684/3072/4733 4682/3069/4732 3243/3071/3383
f 4684/3072/4733 4685/3073/3085 4683/3070/3084
f 4686/3074/3096 4685/3073/3085 4684/3072/4733
f 3243/3071/3383 4686/3074/3096 4684/3072/4733
f 4687/3075/3097 4686/3074/3096 3243/3071/3383
f 4688/3076/3390 4687/3075/3097 3243/3071/3383
f 2967/3077/3101 4687/3075/3097 4688/3076/3390
f 4688/3076/3390 3252/3078/3394 2967/3077/3101
f 3252/3078/3394 4689/3079/3102 2967/3077/3101
f 4689/3079/3102 3252/3078/3394 4690/3080/4734
f 3252/3078/3394 3255/3081/3397 4690/3080/4734
f 4691/3082/4735 4689/3079/3102 4690/3080/4734
f 4692/3083/3109 4689/3079/3102 4691/3082/4735
f 3255/3081/3397 4693/3084/4736 4690/3080/4734
f 4690/3080/4734 4693/3084/4736 4691/3082/4735
f 4694/3085/4737 4692/3083/3109 4691/3082/4735
f 4693/3084/4736 4694/3085/4737 4691/3082/4735
f 4692/3083/3109 4694/3085/4737 4695/3086/4738
f 4694/3085/4737 4693/3084/4736 4695/3086/4738
f 4696/3087/3113 4692/3083/3109 4695/3086/4738
f 4693/3084/4736 3255/3081/3397 4697/3088/4739
f 4693/3084/4736 4697/3088/4739 4695/3086/4738
f 3255/3081/3397 3263/3089/3403 4697/3088/4739
f 4695/3086/4738 4697/3088/4739 4698/3090/4740
f 4698/3090/4740 4696/3087/3113 4695/3086/4738
f 4697/3088/4739 3263/3089/3403 4698/3090/4740
f 4696/3087/3113 4698/3090/4740 4699/3091/4741
f 4698/3090/4740 3263/3089/3403 4699/3091/4741
f 4700/3092/3115 4696/3087/3113 4699/3091/4741
f 3263/3089/3403 3262/3093/3402 4699/3091/4741
f 4699/3091/4741 4701/3094/3119 4700/3092/3115
f 4699/3091/4741 3262/3093/3402 4702/3095/4742
f 4699/3091/4741 4702/3095/4742 4701/3094/3119
f 3262/3093/3402 4703/3096/3401 4702/3095/4742
f 4701/3094/3119 4702/3095/4742 2979/3097/3120
f 4702/3095/4742 4703/3096/3401 4704/3098/4743
f 4702/3095/4742 4704/3098/4743 2979/3097/3120
f 2982/3099/3124 2979/3097/3120 4704/3098/4743
f 4703/3096/3401 4705/3100/3400 4704/3098/4743
f 2983/3101/3125 2982/3099/3124 4704/3098/4743
f 4705/3100/3400 4706/3102/4744 4704/3098/4743
f 4706/3102/4744 2983/3101/3125 4704/3098/4743
f 4706/3102/4744 4705/3100/3400 3261/3103/2265
f 2989/3104/3130 2983/3101/3125 4706/3102/4744
f 4707/3105/2436 4706/3102/4744 3261/3103/2265
f 2989/3104/3130 4706/3102/4744 4707/3105/2436
f 2347/3106/1494 2989/3104/3130 4707/3105/2436
f 4718/3107/4745 4709/3108/4746 4708/3109/4747
f 4710/3110/4748 4718/3107/4745 4708/3109/4747
f 4718/3107/4745 4710/3110/4748 4711/3111/4749
f 4712/3112/4750 4710/3110/4748 4708/3109/4747
f 4713/3113/4751 4712/3112/4750 4708/3109/4747
f 4713/3113/4751 4714/3114/4752 4712/3112/4750
f 4711/3111/4749 4710/3110/4748 4715/3115/4753
f 4712/3112/4750 4715/3115/4753 4710/3110/4748
f 4711/3111/4749 4715/3115/4753 4716/3116/4754
f 4716/3116/4754 4715/3115/4753 4712/3112/4750
f 4714/3114/4752 4717/3117/4755 4712/3112/4750
f 4717/3117/4755 4716/3116/4754 4712/3112/4750
f 4717/3117/4755 4714/3114/4752 4709/3118/4746
f 4718/3119/4745 4717/3117/4755 4709/3118/4746
f 4717/3117/4755 4718/3119/4745 4716/3116/4754
f 4718/3119/4745 4711/3120/4749 4716/3116/4754
f 4721/3121/4756 4720/3122/4757 4719/3123/4758
f 4722/3124/4759 4721/3121/4756 4719/3123/4758
f 4721/3121/4756 4722/3124/4759 4729/3125/4760
f 4729/3125/4760 4722/3124/4759 4723/3126/4761
f 4724/3127/4762 4722/3124/4759 4719/3123/4758
f 4725/3128/4763 4724/3127/4762 4719/3123/4758
f 4725/3128/4763 4726/3129/4764 4724/3127/4762
f 4722/3124/4759 4727/3130/4765 4723/3126/4761
f 4724/3127/4762 4727/3130/4765 4722/3124/4759
f 4726/3129/4764 4728/3131/4766 4724/3127/4762
f 4724/3127/4762 4728/3131/4766 4727/3130/4765
f 4728/3131/4766 4726/3129/4764 4720/3132/4757
f 4721/3133/4756 4728/3131/4766 4720/3132/4757
f 4721/3133/4756 4729/3134/4760 4728/3131/4766
f 4727/3130/4765 4730/3135/4767 4723/3126/4761
f 4728/3131/4766 4730/3135/4767 4727/3130/4765
f 4729/3134/4760 4723/3126/4761 4730/3135/4767
f 4728/3131/4766 4729/3134/4760 4730/3135/4767
f 4733/3136/4768 4732/3137/4769 4731/3138/4770
f 4734/3139/4771 4733/3136/4768 4731/3138/4770
f 4733/3136/4768 4734/3139/4771 4741/3140/4772
f 4741/3140/4772 4734/3139/4771 4735/3141/4773
f 4736/3142/4774 4734/3139/4771 4731/3138/4770
f 4737/3143/4775 4736/3142/4774 4731/3138/4770
f 4737/3143/4775 4738/3144/4776 4736/3142/4774
f 4734/3139/4771 4739/3145/4777 4735/3141/4773
f 4736/3142/4774 4739/3145/4777 4734/3139/4771
f 4738/3144/4776 4740/3146/4778 4736/3142/4774
f 4740/3146/4778 4738/3144/4776 4732/3147/4769
f 4733/3148/4768 4740/3146/4778 4732/3147/4769
f 4733/3148/4768 4741/3149/4772 4740/3146/4778
f 4736/3142/4774 4740/3146/4778 4742/3150/4779
f 4739/3145/4777 4736/3142/4774 4742/3150/4779
f 4741/3149/4772 4742/3150/4779 4740/3146/4778
f 4739/3145/4777 4743/3151/4780 4735/3141/4773
f 4742/3150/4779 4743/3151/4780 4739/3145/4777
f 4741/3149/4772 4735/3141/4773 4743/3151/4780
f 4742/3150/4779 4741/3149/4772 4743/3151/4780
f 4745/3152/4781 4753/3153/4782 4744/3154/4783
f 4746/3155/4784 4745/3152/4781 4744/3154/4783
f 4745/3152/4781 4746/3155/4784 4754/3156/4785
f 4754/3156/4785 4746/3155/4784 4747/3157/4786
f 4746/3155/4784 4748/3158/4787 4747/3157/4786
f 4749/3159/4788 4746/3155/4784 4744/3154/4783
f 4749/3159/4788 4748/3158/4787 4746/3155/4784
f 4750/3160/4789 4749/3159/4788 4744/3154/4783
f 4750/3160/4789 4751/3161/4790 4749/3159/4788
f 4751/3161/4790 4752/3162/4791 4749/3159/4788
f 4749/3159/4788 4752/3162/4791 4748/3158/4787
f 4752/3162/4791 4751/3161/4790 4753/3163/4782
f 4745/3164/4781 4752/3162/4791 4753/3163/4782
f 4745/3164/4781 4754/3165/4785 4752/3162/4791
f 4752/3162/4791 4755/3166/4792 4748/3158/4787
f 4752/3162/4791 4754/3165/4785 4755/3166/4792
f 4748/3158/4787 4755/3166/4792 4747/3167/4786
f 4754/3165/4785 4747/3167/4786 4755/3166/4792
f 4765/3168/4793 4764/3169/4794 4756/3170/4795
f 4757/3171/4796 4765/3168/4793 4756/3170/4795
f 4758/3172/4797 4757/3171/4796 4756/3170/4795
f 4759/3173/4798 4758/3172/4797 4756/3170/4795
f 4757/3171/4796 4760/3174/4799 4765/3168/4793
f 4757/3171/4796 4758/3172/4797 4760/3174/4799
f 4765/3168/4793 4760/3174/4799 4761/3175/4800
f 4758/3172/4797 4761/3175/4800 4760/3174/4799
f 4758/3172/4797 4759/3173/4798 4762/3176/4801
f 4759/3173/4798 4763/3177/4802 4762/3176/4801
f 4764/3178/4794 4762/3176/4801 4763/3177/4802
f 4765/3179/4793 4762/3176/4801 4764/3178/4794
f 4761/3175/4800 4758/3172/4797 4766/3180/4803
f 4758/3172/4797 4762/3176/4801 4766/3180/4803
f 4765/3179/4793 4766/3180/4803 4762/3176/4801
f 4766/3180/4803 4765/3179/4793 4761/3175/4800
f 4768/3181/4804 4775/3182/4805 4767/3183/4806
f 4769/3184/4807 4768/3181/4804 4767/3183/4806
f 4768/3181/4804 4769/3184/4807 4776/3185/4808
f 4769/3184/4807 4778/3186/4809 4776/3185/4808
f 4770/3187/4810 4778/3186/4809 4769/3184/4807
f 4771/3188/4811 4769/3184/4807 4767/3183/4806
f 4771/3188/4811 4770/3187/4810 4769/3184/4807
f 4772/3189/4812 4771/3188/4811 4767/3183/4806
f 4772/3189/4812 4773/3190/4813 4771/3188/4811
f 4773/3190/4813 4774/3191/4814 4771/3188/4811
f 4771/3188/4811 4774/3191/4814 4770/3187/4810
f 4774/3191/4814 4773/3190/4813 4775/3192/4805
f 4768/3193/4804 4774/3191/4814 4775/3192/4805
f 4768/3193/4804 4776/3194/4808 4774/3191/4814
f 4770/3187/4810 4774/3191/4814 4777/3195/4815
f 4776/3194/4808 4777/3195/4815 4774/3191/4814
f 4770/3187/4810 4777/3195/4815 4778/3196/4809
f 4777/3195/4815 4776/3194/4808 4778/3196/4809
f 4789/3197/4816 4780/3198/4817 4779/3199/4818
f 4781/3200/4819 4789/3197/4816 4779/3199/4818
f 4789/3197/4816 4781/3200/4819 4782/3201/4820
f 4782/3201/4820 4781/3200/4819 4783/3202/4821
f 4784/3203/4822 4781/3200/4819 4779/3199/4818
f 4785/3204/4823 4784/3203/4822 4779/3199/4818
f 4785/3204/4823 4786/3205/4824 4784/3203/4822
f 4781/3200/4819 4787/3206/4825 4783/3202/4821
f 4784/3203/4822 4787/3206/4825 4781/3200/4819
f 4786/3205/4824 4788/3207/4826 4784/3203/4822
f 4784/3203/4822 4788/3207/4826 4787/3206/4825
f 4788/3207/4826 4786/3205/4824 4780/3208/4817
f 4789/3209/4816 4788/3207/4826 4780/3208/4817
f 4789/3209/4816 4782/3210/4820 4788/3207/4826
f 4787/3206/4825 4790/3211/4827 4783/3202/4821
f 4788/3207/4826 4790/3211/4827 4787/3206/4825
f 4782/3210/4820 4783/3202/4821 4790/3211/4827
f 4788/3207/4826 4782/3210/4820 4790/3211/4827
f 4800/3212/4828 4792/3213/4829 4791/3214/4830
f 4793/3215/4831 4800/3212/4828 4791/3214/4830
f 4800/3212/4828 4793/3215/4831 4801/3216/4832
f 4801/3216/4832 4793/3215/4831 4794/3217/4833
f 4795/3218/4834 4793/3215/4831 4791/3214/4830
f 4796/3219/4835 4795/3218/4834 4791/3214/4830
f 4796/3219/4835 4797/3220/4836 4795/3218/4834
f 4793/3215/4831 4798/3221/4837 4794/3217/4833
f 4795/3218/4834 4798/3221/4837 4793/3215/4831
f 4797/3220/4836 4799/3222/4838 4795/3218/4834
f 4795/3218/4834 4799/3222/4838 4798/3221/4837
f 4799/3222/4838 4797/3220/4836 4792/3223/4829
f 4800/3224/4828 4799/3222/4838 4792/3223/4829
f 4800/3224/4828 4801/3225/4832 4799/3222/4838
f 4798/3221/4837 4802/3226/4839 4794/3217/4833
f 4799/3222/4838 4802/3226/4839 4798/3221/4837
f 4801/3225/4832 4794/3217/4833 4802/3226/4839
f 4799/3222/4838 4801/3225/4832 4802/3226/4839
f 4804/3227/4840 4803/3228/4841 4813/3229/4842
f 4803/3228/4841 4805/3230/4843 4813/3229/4842
f 4805/3230/4843 4812/3231/4844 4813/3229/4842
f 4805/3230/4843 4803/3228/4841 4806/3232/4845
f 4805/3230/4843 4807/3233/4846 4812/3231/4844
f 4808/3234/4847 4805/3230/4843 4806/3232/4845
f 4808/3234/4847 4806/3232/4845 4809/3235/4848
f 4810/3236/4849 4807/3233/4846 4805/3230/4843
f 4808/3234/4847 4810/3236/4849 4805/3230/4843
f 4810/3236/4849 4811/3237/4850 4807/3233/4846
f 4808/3234/4847 4811/3237/4850 4810/3236/4849
f 4811/3237/4850 4808/3234/4847 4809/3235/4848
f 4811/3237/4850 4812/3238/4844 4807/3233/4846
f 4813/3239/4842 4812/3238/4844 4811/3237/4850
f 4813/3239/4842 4811/3237/4850 4809/3235/4848
f 4804/3240/4840 4813/3239/4842 4809/3235/4848
f 4814/3241/4851 4823/3242/4852 4820/3243/4853
f 4815/3244/4854 4814/3241/4851 4820/3243/4853
f 4820/3243/4853 4816/3245/4855 4815/3244/4854
f 4815/3244/4854 4817/3246/4856 4814/3241/4851
f 4815/3244/4854 4816/3245/4855 4817/3246/4856
f 4817/3246/4856 4818/3247/4857 4814/3241/4851
f 4817/3246/4856 4816/3245/4855 4819/3248/4858
f 4819/3248/4858 4816/3245/4855 4820/3249/4853
f 4821/3250/4859 4818/3247/4857 4817/3246/4856
f 4817/3246/4856 4819/3248/4858 4821/3250/4859
f 4821/3250/4859 4819/3248/4858 4820/3249/4853
f 4822/3251/4860 4818/3247/4857 4821/3250/4859
f 4820/3249/4853 4823/3252/4852 4821/3250/4859
f 4821/3250/4859 4823/3252/4852 4822/3251/4860
f 4826/3253/4861 4825/3254/4862 4824/3255/4863
f 4827/3256/4864 4825/3254/4862 4826/3253/4861
f 4826/3253/4861 4834/3257/4865 4827/3256/4864
f 4834/3257/4865 4828/3258/4866 4827/3256/4864
f 4827/3256/4864 4829/3259/4867 4825/3254/4862
f 4829/3259/4867 4830/3260/4868 4825/3254/4862
f 4831/3261/4869 4830/3260/4868 4829/3259/4867
f 4827/3256/4864 4828/3258/4866 4832/3262/4870
f 4827/3256/4864 4832/3262/4870 4829/3259/4867
f 4833/3263/4871 4831/3261/4869 4829/3259/4867
f 4829/3259/4867 4832/3262/4870 4833/3263/4871
f 4832/3262/4870 4828/3258/4866 4833/3263/4871
f 4824/3264/4863 4831/3261/4869 4833/3263/4871
f 4833/3263/4871 4828/3258/4866 4834/3265/4865
f 4826/3266/4861 4824/3264/4863 4833/3263/4871
f 4833/3263/4871 4834/3265/4865 4826/3266/4861
f 4836/3267/4872 4835/3268/4873 4844/3269/4874
f 4835/3268/4873 4837/3270/4875 4844/3269/4874
f 4837/3270/4875 4838/3271/4876 4844/3269/4874
f 4837/3270/4875 4835/3268/4873 4839/3272/4877
f 4840/3273/4878 4838/3271/4876 4837/3270/4875
f 4841/3274/4879 4837/3270/4875 4839/3272/4877
f 4841/3274/4879 4840/3273/4878 4837/3270/4875
f 4841/3274/4879 4839/3272/4877 4842/3275/4880
f 4841/3274/4879 4843/3276/4881 4840/3273/4878
f 4843/3276/4881 4841/3274/4879 4842/3275/4880
f 4840/3273/4878 4843/3276/4881 4838/3277/4876
f 4843/3276/4881 4844/3278/4874 4838/3277/4876
f 4844/3278/4874 4843/3276/4881 4842/3275/4880
f 4836/3279/4872 4844/3278/4874 4842/3275/4880
f 4854/3108/4882 4846/3107/4883 4845/3109/4884
f 4846/3107/4883 4847/3110/4885 4845/3109/4884
f 4847/3110/4885 4846/3107/4883 4855/3111/4886
f 4847/3110/4885 4848/3112/4887 4845/3109/4884
f 4848/3112/4887 4849/3113/4888 4845/3109/4884
f 4849/3113/4888 4848/3112/4887 4850/3114/4889
f 4847/3110/4885 4855/3111/4886 4851/3115/4890
f 4851/3115/4890 4848/3112/4887 4847/3110/4885
f 4851/3115/4890 4855/3111/4886 4852/3116/4891
f 4848/3112/4887 4851/3115/4890 4852/3116/4891
f 4848/3112/4887 4853/3117/4892 4850/3114/4889
f 4853/3117/4892 4848/3112/4887 4852/3116/4891
f 4854/3118/4882 4850/3114/4889 4853/3117/4892
f 4846/3119/4883 4854/3118/4882 4853/3117/4892
f 4846/3119/4883 4853/3117/4892 4852/3116/4891
f 4855/3120/4886 4846/3119/4883 4852/3116/4891
f 4866/3137/4893 4857/3136/4894 4856/3138/4895
f 4857/3136/4894 4858/3139/4896 4856/3138/4895
f 4858/3139/4896 4857/3136/4894 4859/3140/4897
f 4858/3139/4896 4859/3140/4897 4860/3141/4898
f 4858/3139/4896 4861/3142/4899 4856/3138/4895
f 4861/3142/4899 4862/3143/4900 4856/3138/4895
f 4862/3143/4900 4861/3142/4899 4863/3144/4901
f 4864/3145/4902 4858/3139/4896 4860/3141/4898
f 4864/3145/4902 4861/3142/4899 4858/3139/4896
f 4861/3142/4899 4865/3146/4903 4863/3144/4901
f 4866/3147/4893 4863/3144/4901 4865/3146/4903
f 4857/3148/4894 4866/3147/4893 4865/3146/4903
f 4859/3149/4897 4857/3148/4894 4865/3146/4903
f 4865/3146/4903 4861/3142/4899 4867/3150/4904
f 4861/3142/4899 4864/3145/4902 4867/3150/4904
f 4867/3150/4904 4859/3149/4897 4865/3146/4903
f 4868/3151/4905 4864/3145/4902 4860/3141/4898
f 4860/3141/4898 4859/3149/4897 4868/3151/4905
f 4868/3151/4905 4867/3150/4904 4864/3145/4902
f 4859/3149/4897 4867/3150/4904 4868/3151/4905
f 4877/3153/4906 4870/3152/4907 4869/3154/4908
f 4870/3152/4907 4871/3155/4909 4869/3154/4908
f 4871/3155/4909 4870/3152/4907 4878/3156/4910
f 4871/3155/4909 4878/3156/4910 4880/3157/4911
f 4872/3158/4912 4871/3155/4909 4880/3157/4911
f 4871/3155/4909 4873/3159/4913 4869/3154/4908
f 4872/3158/4912 4873/3159/4913 4871/3155/4909
f 4873/3159/4913 4874/3160/4914 4869/3154/4908
f 4874/3160/4914 4873/3159/4913 4875/3161/4915
f 4873/3159/4913 4876/3162/4916 4875/3161/4915
f 4876/3162/4916 4873/3159/4913 4872/3158/4912
f 4877/3163/4906 4875/3161/4915 4876/3162/4916
f 4870/3164/4907 4877/3163/4906 4876/3162/4916
f 4878/3165/4910 4870/3164/4907 4876/3162/4916
f 4879/3166/4917 4876/3162/4916 4872/3158/4912
f 4878/3165/4910 4876/3162/4916 4879/3166/4917
f 4879/3166/4917 4872/3158/4912 4880/3167/4911
f 4880/3167/4911 4878/3165/4910 4879/3166/4917
f 4882/3169/4918 4890/3168/4919 4881/3170/4920
f 4890/3168/4919 4883/3171/4921 4881/3170/4920
f 4883/3171/4921 4884/3172/4922 4881/3170/4920
f 4884/3172/4922 4885/3173/4923 4881/3170/4920
f 4886/3174/4924 4883/3171/4921 4890/3168/4919
f 4884/3172/4922 4883/3171/4921 4886/3174/4924
f 4886/3174/4924 4890/3168/4919 4887/3175/4925
f 4887/3175/4925 4884/3172/4922 4886/3174/4924
f 4885/3173/4923 4884/3172/4922 4888/3176/4926
f 4889/3177/4927 4885/3173/4923 4888/3176/4926
f 4888/3176/4926 4882/3178/4918 4889/3177/4927
f 4888/3176/4926 4890/3179/4919 4882/3178/4918
f 4884/3172/4922 4887/3175/4925 4891/3180/4928
f 4890/3179/4919 4891/3180/4928 4887/3175/4925
f 4888/3176/4926 4884/3172/4922 4891/3180/4928
f 4891/3180/4928 4890/3179/4919 4888/3176/4926
f 4893/3182/4929 4901/3181/4930 4892/3183/4931
f 4901/3181/4930 4894/3184/4932 4892/3183/4931
f 4894/3184/4932 4901/3181/4930 4902/3185/4933
f 4895/3186/4934 4894/3184/4932 4902/3185/4933
f 4895/3186/4934 4896/3187/4935 4894/3184/4932
f 4894/3184/4932 4897/3188/4936 4892/3183/4931
f 4896/3187/4935 4897/3188/4936 4894/3184/4932
f 4897/3188/4936 4898/3189/4937 4892/3183/4931
f 4898/3189/4937 4897/3188/4936 4899/3190/4938
f 4897/3188/4936 4900/3191/4939 4899/3190/4938
f 4900/3191/4939 4897/3188/4936 4896/3187/4935
f 4893/3192/4929 4899/3190/4938 4900/3191/4939
f 4901/3193/4930 4893/3192/4929 4900/3191/4939
f 4902/3194/4933 4901/3193/4930 4900/3191/4939
f 4900/3191/4939 4896/3187/4935 4903/3195/4940
f 4903/3195/4940 4902/3194/4933 4900/3191/4939
f 4903/3195/4940 4896/3187/4935 4895/3196/4934
f 4902/3194/4933 4903/3195/4940 4895/3196/4934
f 4905/3198/4941 4914/3197/4942 4904/3199/4943
f 4914/3197/4942 4906/3200/4944 4904/3199/4943
f 4906/3200/4944 4914/3197/4942 4907/3201/4945
f 4906/3200/4944 4907/3201/4945 4908/3202/4946
f 4906/3200/4944 4909/3203/4947 4904/3199/4943
f 4909/3203/4947 4910/3204/4948 4904/3199/4943
f 4910/3204/4948 4909/3203/4947 4911/3205/4949
f 4912/3206/4950 4906/3200/4944 4908/3202/4946
f 4912/3206/4950 4909/3203/4947 4906/3200/4944
f 4909/3203/4947 4913/3207/4951 4911/3205/4949
f 4913/3207/4951 4909/3203/4947 4912/3206/4950
f 4905/3208/4941 4911/3205/4949 4913/3207/4951
f 4914/3209/4942 4905/3208/4941 4913/3207/4951
f 4907/3210/4945 4914/3209/4942 4913/3207/4951
f 4915/3211/4952 4912/3206/4950 4908/3202/4946
f 4915/3211/4952 4913/3207/4951 4912/3206/4950
f 4908/3202/4946 4907/3210/4945 4915/3211/4952
f 4907/3210/4945 4913/3207/4951 4915/3211/4952
f 4918/3213/4953 4917/3212/4954 4916/3214/4955
f 4917/3212/4954 4919/3215/4956 4916/3214/4955
f 4919/3215/4956 4917/3212/4954 4926/3216/4957
f 4919/3215/4956 4926/3216/4957 4920/3217/4958
f 4919/3215/4956 4921/3218/4959 4916/3214/4955
f 4921/3218/4959 4922/3219/4960 4916/3214/4955
f 4922/3219/4960 4921/3218/4959 4923/3220/4961
f 4924/3221/4962 4919/3215/4956 4920/3217/4958
f 4924/3221/4962 4921/3218/4959 4919/3215/4956
f 4921/3218/4959 4925/3222/4963 4923/3220/4961
f 4925/3222/4963 4921/3218/4959 4924/3221/4962
f 4918/3223/4953 4923/3220/4961 4925/3222/4963
f 4917/3224/4954 4918/3223/4953 4925/3222/4963
f 4926/3225/4957 4917/3224/4954 4925/3222/4963
f 4927/3226/4964 4924/3221/4962 4920/3217/4958
f 4927/3226/4964 4925/3222/4963 4924/3221/4962
f 4920/3217/4958 4926/3225/4957 4927/3226/4964
f 4926/3225/4957 4925/3222/4963 4927/3226/4964
f 4938/3227/4965 4929/3229/4966 4928/3228/4967
f 4929/3229/4966 4930/3230/4968 4928/3228/4967
f 4931/3231/4969 4930/3230/4968 4929/3229/4966
f 4932/3232/4970 4928/3228/4967 4930/3230/4968
f 4933/3233/4971 4930/3230/4968 4931/3231/4969
f 4934/3234/4972 4932/3232/4970 4930/3230/4968
f 4932/3232/4970 4934/3234/4972 4935/3235/4973
f 4933/3233/4971 4936/3236/4974 4930/3230/4968
f 4936/3236/4974 4934/3234/4972 4930/3230/4968
f 4937/3237/4975 4936/3236/4974 4933/3233/4971
f 4937/3237/4975 4934/3234/4972 4936/3236/4974
f 4934/3234/4972 4937/3237/4975 4935/3235/4973
f 4931/3238/4969 4937/3237/4975 4933/3233/4971
f 4931/3238/4969 4929/3239/4966 4937/3237/4975
f 4937/3237/4975 4929/3239/4966 4935/3235/4973
f 4929/3239/4966 4938/3240/4965 4935/3235/4973
f 4946/3243/4976 4940/3242/4977 4939/3241/4978
f 4941/3244/4979 4946/3243/4976 4939/3241/4978
f 4942/3245/4980 4946/3243/4976 4941/3244/4979
f 4943/3246/4981 4941/3244/4979 4939/3241/4978
f 4942/3245/4980 4941/3244/4979 4943/3246/4981
f 4944/3247/4982 4943/3246/4981 4939/3241/4978
f 4942/3245/4980 4943/3246/4981 4945/3248/4983
f 4942/3245/4980 4945/3248/4983 4946/3249/4976
f 4944/3247/4982 4947/3250/4984 4943/3246/4981
f 4945/3248/4983 4943/3246/4981 4947/3250/4984
f 4945/3248/4983 4947/3250/4984 4946/3249/4976
f 4944/3247/4982 4948/3251/4985 4947/3250/4984
f 4940/3252/4977 4946/3249/4976 4947/3250/4984
f 4940/3252/4977 4947/3250/4984 4948/3251/4985
f 4949/3254/4986 4959/3253/4987 4957/3255/4988
f 4949/3254/4986 4950/3256/4989 4959/3253/4987
f 4958/3257/4990 4959/3253/4987 4950/3256/4989
f 4951/3258/4991 4958/3257/4990 4950/3256/4989
f 4952/3259/4992 4950/3256/4989 4949/3254/4986
f 4953/3260/4993 4952/3259/4992 4949/3254/4986
f 4953/3260/4993 4954/3261/4994 4952/3259/4992
f 4951/3258/4991 4950/3256/4989 4955/3262/4995
f 4955/3262/4995 4950/3256/4989 4952/3259/4992
f 4954/3261/4994 4956/3263/4996 4952/3259/4992
f 4955/3262/4995 4952/3259/4992 4956/3263/4996
f 4951/3258/4991 4955/3262/4995 4956/3263/4996
f 4956/3263/4996 4954/3261/4994 4957/3264/4988
f 4951/3258/4991 4956/3263/4996 4958/3265/4990
f 4959/3266/4987 4956/3263/4996 4957/3264/4988
f 4958/3265/4990 4956/3263/4996 4959/3266/4987
f 4961/3267/4997 4969/3269/4998 4960/3268/4999
f 4969/3269/4998 4962/3270/5000 4960/3268/4999
f 4968/3271/5001 4962/3270/5000 4969/3269/4998
f 4963/3272/5002 4960/3268/4999 4962/3270/5000
f 4968/3271/5001 4964/3273/5003 4962/3270/5000
f 4965/3274/5004 4963/3272/5002 4962/3270/5000
f 4964/3273/5003 4965/3274/5004 4962/3270/5000
f 4963/3272/5002 4965/3274/5004 4966/3275/5005
f 4967/3276/5006 4965/3274/5004 4964/3273/5003
f 4965/3274/5004 4967/3276/5006 4966/3275/5005
f 4967/3276/5006 4964/3273/5003 4968/3277/5001
f 4969/3278/4998 4967/3276/5006 4968/3277/5001
f 4967/3276/5006 4969/3278/4998 4966/3275/5005
f 4969/3278/4998 4961/3279/4997 4966/3275/5005
f 4971/3243/5007 4979/3242/5008 4970/3241/5009
f 4972/3244/5010 4971/3243/5007 4970/3241/5009
f 4973/3245/5011 4971/3243/5007 4972/3244/5010
f 4974/3246/5012 4972/3244/5010 4970/3241/5009
f 4973/3245/5011 4972/3244/5010 4974/3246/5012
f 4975/3247/5013 4974/3246/5012 4970/3241/5009
f 4973/3245/5011 4974/3246/5012 4976/3248/5014
f 4973/3245/5011 4976/3248/5014 4971/3249/5007
f 4975/3247/5013 4977/3250/5015 4974/3246/5012
f 4976/3248/5014 4974/3246/5012 4977/3250/5015
f 4976/3248/5014 4977/3250/5015 4971/3249/5007
f 4975/3247/5013 4978/3251/5016 4977/3250/5015
f 4979/3252/5008 4971/3249/5007 4977/3250/5015
f 4979/3252/5008 4977/3250/5015 4978/3251/5016
f 4986/3194/5017 4987/3193/5018 4980/3191/5019
f 4981/3195/5020 4986/3194/5017 4980/3191/5019
f 4986/3194/5017 4981/3195/5020 4982/3196/5021
f 4981/3195/5020 4983/3187/5022 4982/3196/5021
f 4980/3191/5019 4983/3187/5022 4981/3195/5020
f 4980/3191/5019 4984/3188/5023 4983/3187/5022
f 4983/3187/5022 4984/3188/5023 4985/3184/5024
f 4982/3186/5021 4983/3187/5022 4985/3184/5024
f 4982/3186/5021 4985/3184/5024 4986/3185/5017
f 4985/3184/5024 4987/3181/5018 4986/3185/5017
f 4989/3280/5025 4998/3281/5026 4988/3282/5027
f 4990/3283/5028 4989/3280/5025 4988/3282/5027
f 4988/3282/5027 4991/3284/5029 4990/3283/5028
f 4992/3285/5030 4989/3280/5025 4990/3283/5028
f 4991/3284/5029 4993/3286/5031 4990/3283/5028
f 4994/3287/5032 4992/3285/5030 4990/3283/5028
f 4990/3283/5028 4993/3286/5031 4995/3288/5033
f 4990/3283/5028 4995/3288/5033 4994/3287/5032
f 4994/3287/5032 4996/3289/5034 4992/3285/5030
f 4994/3287/5032 4995/3288/5033 4996/3289/5034
f 4995/3288/5033 4993/3286/5031 4996/3289/5034
f 4996/3289/5034 4993/3286/5031 4991/3290/5029
f 4996/3289/5034 4997/3291/5035 4992/3285/5030
f 4996/3289/5034 4991/3290/5029 4988/3292/5027
f 4996/3289/5034 4988/3292/5027 4997/3291/5035
f 4988/3292/5027 4998/3293/5026 4997/3291/5035
f 4999/3294/5036 2888/3295/3018 4235/2153/2991
f 5000/3296/3017 2888/3295/3018 4999/3294/5036
f 4202/3297/4284 5000/3296/3017 4999/3294/5036
f 4251/2174/4327 4999/3294/5036 4235/2153/2991
f 4202/3297/4284 4999/3294/5036 5001/3298/5037
f 5001/3298/5037 4999/3294/5036 4251/2174/4327
f 4192/3299/4273 4202/3297/4284 5001/3298/5037
f 4190/3300/4271 4192/3299/4273 5001/3298/5037
f 5002/3301/5038 5001/3298/5037 4251/2174/4327
f 4251/2174/4327 4248/2171/4279 5002/3301/5038
f 4248/2171/4279 4194/3302/4275 5002/3301/5038
f 5003/3303/5039 4190/3300/4271 5001/3298/5037
f 5003/3303/5039 5001/3298/5037 5002/3301/5038
f 5004/3304/4270 4190/3300/4271 5003/3303/5039
f 5002/3301/5038 4194/3302/4275 5005/3305/5040
f 5005/3305/5040 5003/3303/5039 5002/3301/5038
f 5005/3305/5040 5006/3306/5041 5003/3303/5039
f 4194/3302/4275 5007/3307/4267 5005/3305/5040
f 5005/3305/5040 5007/3307/4267 5006/3306/5041
f 5007/3307/4267 5008/3308/4266 5006/3306/5041
f 5006/3306/5041 5008/3308/4266 4182/3309/4257
f 5009/3310/5042 5004/3304/4270 5003/3303/5039
f 5006/3306/5041 5009/3310/5042 5003/3303/5039
f 5004/3304/4270 5009/3310/5042 5010/3311/5043
f 5010/3311/5043 5009/3310/5042 5006/3306/5041
f 4185/3312/4263 5004/3304/4270 5010/3311/5043
f 5011/3313/4262 4185/3312/4263 5010/3311/5043
f 5012/3314/5044 5006/3306/5041 4182/3309/4257
f 5012/3314/5044 5010/3311/5043 5006/3306/5041
f 5012/3314/5044 4182/3309/4257 4180/3315/4254
f 5013/3316/5045 5012/3314/5044 4180/3315/4254
f 5010/3311/5043 5012/3314/5044 5013/3316/5045
f 5013/3316/5045 4180/3315/4254 5014/3317/4251
f 5015/3318/5046 5011/3313/4262 5010/3311/5043
f 5015/3318/5046 5010/3311/5043 5013/3316/5045
f 5016/3319/4259 5011/3313/4262 5015/3318/5046
f 5017/3320/5047 5013/3316/5045 5014/3317/4251
f 5013/3316/5045 5017/3320/5047 5015/3318/5046
f 5017/3320/5047 5014/3317/4251 4288/3321/4250
f 4269/3322/4350 5017/3320/5047 4288/3321/4250
f 4269/3322/4350 5018/3323/4352 5017/3320/5047
f 5019/3324/5048 5016/3319/4259 5015/3318/5046
f 5017/3320/5047 5019/3324/5048 5015/3318/5046
f 5018/3323/4352 5019/3324/5048 5017/3320/5047
f 4274/3325/4260 5016/3319/4259 5019/3324/5048
f 5018/3323/4352 4274/3325/4260 5019/3324/5048
f 5020/1619/5049 3609/1613/3749 3610/1612/3094
f 2965/1622/3099 5020/1619/5049 3610/1612/3094
f 5021/1625/5050 5020/1619/5049 2965/1622/3099
f 5022/1631/3106 5021/1625/5050 2965/1622/3099
f 5023/1634/5051 5021/1625/5050 5022/1631/3106
f 5024/1635/3107 5023/1634/5051 5022/1631/3106
f 5023/1634/5051 5024/1635/3107 2973/1639/3111
f 2977/1640/3117 5023/1634/5051 2973/1639/3111
f 5021/1625/5050 5023/1634/5051 5025/1623/5052
f 5025/1623/5052 5023/1634/5051 2977/1640/3117
f 5020/1619/5049 5021/1625/5050 5026/1620/5053
f 5026/1620/5053 5021/1625/5050 5025/1623/5052
f 3609/1613/3749 5020/1619/5049 5027/1616/5054
f 5027/1616/5054 5020/1619/5049 5026/1620/5053
f 5028/1655/5055 5025/1623/5052 2977/1640/3117
f 5029/1654/3122 5028/1655/5055 2977/1640/3117
f 5028/1655/5055 5029/1654/3122 5030/1653/1498
f 1378/1624/1469 5028/1655/5055 5030/1653/1498
f 5025/1623/5052 5028/1655/5055 1378/1624/1469
f 1375/1621/1466 5025/1623/5052 1378/1624/1469
f 5026/1620/5053 5025/1623/5052 1375/1621/1466
f 5031/1618/1463 5026/1620/5053 1375/1621/1466
f 5027/1616/5054 5026/1620/5053 5031/1618/1463
f 5032/1617/1462 5027/1616/5054 5031/1618/1463
f 5027/1616/5054 5032/1617/1462 520/1615/586
f 5033/1614/5056 3609/1613/3749 5027/1616/5054
f 5033/1614/5056 5027/1616/5054 520/1615/586
f 5033/1614/5056 2852/1611/2972 3609/1613/3749
f 2852/1611/2972 5033/1614/5056 520/1615/586
f 5034/3294/5057 1804/2174/1892 534/2153/604
f 5035/3295/631 5034/3294/5057 534/2153/604
f 5035/3295/631 5036/3296/630 5034/3294/5057
f 5036/3296/630 5037/3297/1849 5034/3294/5057
f 5038/3298/5058 5034/3294/5057 5037/3297/1849
f 5034/3294/5057 5038/3298/5058 1804/2174/1892
f 1747/3299/1838 5038/3298/5058 5037/3297/1849
f 1747/3299/1838 1745/3300/1836 5038/3298/5058
f 5038/3298/5058 5039/3301/5059 1804/2174/1892
f 1802/2171/1844 1804/2174/1892 5039/3301/5059
f 1749/3302/1840 1802/2171/1844 5039/3301/5059
f 1745/3300/1836 5040/3303/5060 5038/3298/5058
f 5038/3298/5058 5040/3303/5060 5039/3301/5059
f 5040/3303/5060 1745/3300/1836 1744/3304/1835
f 5039/3301/5059 5041/3305/5061 1749/3302/1840
f 5040/3303/5060 5041/3305/5061 5039/3301/5059
f 5042/3306/5062 5041/3305/5061 5040/3303/5060
f 5041/3305/5061 1741/3307/1832 1749/3302/1840
f 5041/3305/5061 5042/3306/5062 1741/3307/1832
f 5042/3306/5062 1740/3308/1831 1741/3307/1832
f 1740/3308/1831 5042/3306/5062 1732/3309/1822
f 5043/3310/5063 5040/3303/5060 1744/3304/1835
f 5043/3310/5063 5042/3306/5062 5040/3303/5060
f 5044/3311/5064 5043/3310/5063 1744/3304/1835
f 5043/3310/5063 5044/3311/5064 5042/3306/5062
f 1737/3312/1828 5044/3311/5064 1744/3304/1835
f 1737/3312/1828 5045/3313/1827 5044/3311/5064
f 5042/3306/5062 5046/3314/5065 1732/3309/1822
f 5044/3311/5064 5046/3314/5065 5042/3306/5062
f 1732/3309/1822 5046/3314/5065 5047/3315/1819
f 5046/3314/5065 5048/3316/5066 5047/3315/1819
f 5048/3316/5066 5046/3314/5065 5044/3311/5064
f 5047/3315/1819 5048/3316/5066 5049/3317/1817
f 5045/3313/1827 5050/3318/5067 5044/3311/5064
f 5050/3318/5067 5048/3316/5066 5044/3311/5064
f 5050/3318/5067 5045/3313/1827 1734/3319/1824
f 5048/3316/5066 5051/3320/5068 5049/3317/1817
f 5051/3320/5068 5048/3316/5066 5050/3318/5067
f 5052/3321/1815 5049/3317/1817 5051/3320/5068
f 1825/3322/1915 5052/3321/1815 5051/3320/5068
f 5053/3323/1917 1825/3322/1915 5051/3320/5068
f 5054/3324/5069 5050/3318/5067 1734/3319/1824
f 5054/3324/5069 5051/3320/5068 5050/3318/5067
f 5054/3324/5069 5053/3323/1917 5051/3320/5068
f 1734/3319/1824 1735/3325/1825 5054/3324/5069
f 1735/3325/1825 5053/3323/1917 5054/3324/5069
f 5056/3326/5070 5065/3327/5071 5055/3328/5072
f 5055/3328/5072 5057/3329/5073 5056/3326/5070
f 5057/3329/5073 5058/3330/5074 5056/3326/5070
f 5056/3326/5070 5059/3331/5075 5065/3327/5071
f 5056/3326/5070 5058/3330/5074 5060/3332/5076
f 5058/3330/5074 5061/3333/5077 5060/3332/5076
f 5060/3332/5076 5061/3333/5077 5062/3334/5078
f 5063/3335/5079 5059/3331/5075 5056/3326/5070
f 5060/3332/5076 5063/3335/5079 5056/3326/5070
f 5064/3336/5080 5060/3332/5076 5062/3334/5078
f 5064/3336/5080 5063/3335/5079 5060/3332/5076
f 5064/3336/5080 5059/3331/5075 5063/3335/5079
f 5064/3336/5080 5062/3334/5078 5057/3337/5073
f 5065/3338/5071 5059/3331/5075 5064/3336/5080
f 5055/3339/5072 5064/3336/5080 5057/3337/5073
f 5055/3339/5072 5065/3338/5071 5064/3336/5080
f 5067/3340/5081 5074/3341/5082 5066/3342/5083
f 5074/3341/5082 5068/3343/5084 5066/3342/5083
f 5069/3344/5085 5067/3340/5081 5066/3342/5083
f 5066/3342/5083 5068/3343/5084 5070/3345/5086
f 5070/3345/5086 5069/3344/5085 5066/3342/5083
f 5068/3343/5084 5071/3346/5087 5070/3345/5086
f 5071/3346/5087 5072/3347/5088 5070/3345/5086
f 5069/3344/5085 5070/3345/5086 5073/3348/5089
f 5072/3347/5088 5073/3348/5089 5070/3345/5086
f 5069/3344/5085 5073/3348/5089 5067/3349/5081
f 5072/3347/5088 5074/3350/5082 5073/3348/5089
f 5074/3350/5082 5067/3349/5081 5073/3348/5089
f 5076/3351/5090 5085/3352/5091 5075/3353/5092
f 5084/3354/5093 5085/3352/5091 5076/3351/5090
f 5077/3355/5094 5084/3354/5093 5076/3351/5090
f 5075/3353/5092 5078/3356/5095 5076/3351/5090
f 5076/3351/5090 5079/3357/5096 5077/3355/5094
f 5079/3357/5096 5080/3358/5097 5077/3355/5094
f 5081/3359/5098 5080/3358/5097 5079/3357/5096
f 5078/3356/5095 5082/3360/5099 5076/3351/5090
f 5076/3351/5090 5082/3360/5099 5079/3357/5096
f 5083/3361/5100 5081/3359/5098 5079/3357/5096
f 5083/3361/5100 5079/3357/5096 5082/3360/5099
f 5083/3361/5100 5082/3360/5099 5078/3356/5095
f 5084/3362/5093 5081/3359/5098 5083/3361/5100
f 5075/3363/5092 5083/3361/5100 5078/3356/5095
f 5085/3364/5091 5084/3362/5093 5083/3361/5100
f 5075/3363/5092 5085/3364/5091 5083/3361/5100
f 5094/3340/5101 5087/3341/5102 5086/3342/5103
f 5087/3341/5102 5088/3343/5104 5086/3342/5103
f 5089/3344/5105 5094/3340/5101 5086/3342/5103
f 5086/3342/5103 5088/3343/5104 5090/3345/5106
f 5090/3345/5106 5089/3344/5105 5086/3342/5103
f 5088/3343/5104 5091/3346/5107 5090/3345/5106
f 5091/3346/5107 5092/3347/5108 5090/3345/5106
f 5089/3344/5105 5090/3345/5106 5093/3348/5109
f 5092/3347/5108 5093/3348/5109 5090/3345/5106
f 5089/3344/5105 5093/3348/5109 5094/3349/5101
f 5092/3347/5108 5087/3350/5102 5093/3348/5109
f 5087/3350/5102 5094/3349/5101 5093/3348/5109
f 5103/3365/5110 5096/3366/5111 5095/3367/5112
f 5096/3366/5111 5097/3368/5113 5095/3367/5112
f 5103/3365/5110 5095/3367/5112 5098/3369/5114
f 5095/3367/5112 5097/3368/5113 5099/3370/5115
f 5095/3367/5112 5099/3370/5115 5098/3369/5114
f 5097/3368/5113 5100/3371/5116 5099/3370/5115
f 5099/3370/5115 5100/3371/5116 5101/3372/5117
f 5098/3369/5114 5099/3370/5115 5102/3373/5118
f 5102/3373/5118 5099/3370/5115 5101/3372/5117
f 5098/3369/5114 5102/3373/5118 5103/3374/5110
f 5101/3372/5117 5096/3375/5111 5102/3373/5118
f 5096/3375/5111 5103/3374/5110 5102/3373/5118
f 5113/3376/5119 5104/3377/5120 5116/3378/5121
f 5105/3379/5122 5104/3377/5120 5113/3376/5119
f 5104/3377/5120 5106/3380/5123 5116/3378/5121
f 5115/3381/5124 5116/3378/5121 5106/3380/5123
f 5107/3382/5125 5115/3381/5124 5106/3380/5123
f 5105/3379/5122 5108/3383/5126 5104/3377/5120
f 5104/3377/5120 5108/3383/5126 5106/3380/5123
f 5106/3380/5123 5109/3384/5127 5107/3382/5125
f 5108/3383/5126 5109/3384/5127 5106/3380/5123
f 5109/3384/5127 5110/3385/5128 5107/3382/5125
f 5110/3385/5128 5109/3384/5127 5111/3386/5129
f 5105/3379/5122 5112/3387/5130 5108/3383/5126
f 5108/3383/5126 5112/3387/5130 5109/3384/5127
f 5105/3379/5122 5113/3388/5119 5112/3387/5130
f 5109/3384/5127 5114/3389/5131 5111/3386/5129
f 5112/3387/5130 5114/3389/5131 5109/3384/5127
f 5112/3387/5130 5113/3388/5119 5114/3389/5131
f 5111/3386/5129 5114/3389/5131 5115/3390/5124
f 5113/3388/5119 5116/3391/5121 5114/3389/5131
f 5114/3389/5131 5116/3391/5121 5115/3390/5124
f 5127/3352/5132 5118/3351/5133 5117/3353/5134
f 5127/3352/5132 5119/3354/5135 5118/3351/5133
f 5119/3354/5135 5120/3355/5136 5118/3351/5133
f 5121/3356/5137 5117/3353/5134 5118/3351/5133
f 5122/3357/5138 5118/3351/5133 5120/3355/5136
f 5123/3358/5139 5122/3357/5138 5120/3355/5136
f 5123/3358/5139 5124/3359/5140 5122/3357/5138
f 5125/3360/5141 5121/3356/5137 5118/3351/5133
f 5125/3360/5141 5118/3351/5133 5122/3357/5138
f 5124/3359/5140 5126/3361/5142 5122/3357/5138
f 5122/3357/5138 5126/3361/5142 5125/3360/5141
f 5125/3360/5141 5126/3361/5142 5121/3356/5137
f 5124/3359/5140 5119/3362/5135 5126/3361/5142
f 5126/3361/5142 5117/3363/5134 5121/3356/5137
f 5119/3362/5135 5127/3364/5132 5126/3361/5142
f 5127/3364/5132 5117/3363/5134 5126/3361/5142
f 5136/3341/5143 5135/3340/5144 5128/3342/5145
f 5129/3343/5146 5136/3341/5143 5128/3342/5145
f 5135/3340/5144 5130/3344/5147 5128/3342/5145
f 5129/3343/5146 5128/3342/5145 5131/3345/5148
f 5130/3344/5147 5131/3345/5148 5128/3342/5145
f 5132/3346/5149 5129/3343/5146 5131/3345/5148
f 5132/3346/5149 5131/3345/5148 5133/3347/5150
f 5131/3345/5148 5130/3344/5147 5134/3348/5151
f 5131/3345/5148 5134/3348/5151 5133/3347/5150
f 5134/3348/5151 5130/3344/5147 5135/3349/5144
f 5136/3350/5143 5133/3347/5150 5134/3348/5151
f 5135/3349/5144 5136/3350/5143 5134/3348/5151
f 5139/3366/5152 5138/3365/5153 5137/3367/5154
f 5140/3368/5155 5139/3366/5152 5137/3367/5154
f 5137/3367/5154 5138/3365/5153 5141/3369/5156
f 5140/3368/5155 5137/3367/5154 5142/3370/5157
f 5142/3370/5157 5137/3367/5154 5141/3369/5156
f 5143/3371/5158 5140/3368/5155 5142/3370/5157
f 5143/3371/5158 5142/3370/5157 5144/3372/5159
f 5142/3370/5157 5141/3369/5156 5145/3373/5160
f 5142/3370/5157 5145/3373/5160 5144/3372/5159
f 5145/3373/5160 5141/3369/5156 5138/3374/5153
f 5139/3375/5152 5144/3372/5159 5145/3373/5160
f 5138/3374/5153 5139/3375/5152 5145/3373/5160
f 5154/3392/5161 5147/3393/5162 5146/3394/5163
f 5148/3395/5164 5154/3392/5161 5146/3394/5163
f 5146/3394/5163 5147/3393/5162 5149/3396/5165
f 5148/3395/5164 5146/3394/5163 5150/3397/5166
f 5150/3397/5166 5146/3394/5163 5149/3396/5165
f 5151/3398/5167 5148/3395/5164 5150/3397/5166
f 5151/3398/5167 5150/3397/5166 5152/3399/5168
f 5150/3397/5166 5149/3396/5165 5153/3400/5169
f 5150/3397/5166 5153/3400/5169 5152/3399/5168
f 5153/3400/5169 5149/3396/5165 5147/3401/5162
f 5154/3402/5161 5152/3399/5168 5153/3400/5169
f 5147/3401/5162 5154/3402/5161 5153/3400/5169
f 5157/3377/5170 5156/3376/5171 5155/3378/5172
f 5157/3377/5170 5158/3379/5173 5156/3376/5171
f 5159/3380/5174 5157/3377/5170 5155/3378/5172
f 5159/3380/5174 5155/3378/5172 5160/3381/5175
f 5161/3382/5176 5159/3380/5174 5160/3381/5175
f 5162/3383/5177 5158/3379/5173 5157/3377/5170
f 5162/3383/5177 5157/3377/5170 5159/3380/5174
f 5159/3380/5174 5161/3382/5176 5163/3384/5178
f 5163/3384/5178 5162/3383/5177 5159/3380/5174
f 5161/3382/5176 5164/3385/5179 5163/3384/5178
f 5163/3384/5178 5164/3385/5179 5165/3386/5180
f 5166/3387/5181 5158/3379/5173 5162/3383/5177
f 5166/3387/5181 5162/3383/5177 5163/3384/5178
f 5156/3388/5171 5158/3379/5173 5166/3387/5181
f 5167/3389/5182 5163/3384/5178 5165/3386/5180
f 5167/3389/5182 5166/3387/5181 5163/3384/5178
f 5156/3388/5171 5166/3387/5181 5167/3389/5182
f 5167/3389/5182 5165/3386/5180 5160/3390/5175
f 5155/3391/5172 5156/3388/5171 5167/3389/5182
f 5155/3391/5172 5167/3389/5182 5160/3390/5175
f 5169/3403/5183 5168/3404/5184 5178/3405/5185
f 5170/3406/5186 5169/3403/5183 5178/3405/5185
f 5169/3403/5183 5171/3407/5187 5168/3404/5184
f 5171/3407/5187 5172/3408/5188 5168/3404/5184
f 5169/3403/5183 5170/3406/5186 5173/3409/5189
f 5173/3409/5189 5170/3406/5186 5174/3410/5190
f 5173/3409/5189 5175/3411/5191 5169/3403/5183
f 5175/3411/5191 5171/3407/5187 5169/3403/5183
f 5175/3411/5191 5173/3409/5189 5174/3410/5190
f 5174/3410/5190 5171/3407/5187 5175/3411/5191
f 5172/3408/5188 5171/3407/5187 5176/3412/5192
f 5176/3412/5192 5171/3407/5187 5174/3410/5190
f 5177/3413/5193 5172/3408/5188 5176/3412/5192
f 5176/3412/5192 5174/3410/5190 5170/3414/5186
f 5177/3413/5193 5176/3412/5192 5178/3415/5185
f 5176/3412/5192 5170/3414/5186 5178/3415/5185
f 4259/3416/4337 5179/3417/5194 5189/3418/4336
f 5179/3417/5194 5190/3419/5195 5189/3418/4336
f 5179/3417/5194 4259/3416/4337 5180/3420/4338
f 5179/3417/5194 5181/3421/5196 5190/3419/5195
f 5182/3422/5197 5179/3417/5194 5180/3420/4338
f 5183/3423/5198 5182/3422/5197 5180/3420/4338
f 5184/3424/4340 5183/3423/5198 5180/3420/4338
f 5183/3423/5198 5184/3424/4340 4264/3425/4344
f 5182/3422/5197 5185/3426/5199 5179/3417/5194
f 5185/3426/5199 5181/3421/5196 5179/3417/5194
f 5185/3426/5199 5182/3422/5197 5183/3423/5198
f 5186/3427/5200 5183/3423/5198 4264/3425/4344
f 5186/3427/5200 4264/3425/4344 5187/3428/4345
f 5188/3429/5201 5186/3427/5200 5187/3428/4345
f 5188/3429/5201 5187/3428/4345 5189/3430/4336
f 5190/3431/5195 5188/3429/5201 5189/3430/4336
f 5190/3431/5195 5181/3432/5196 5188/3429/5201
f 5186/3427/5200 5191/3433/5202 5183/3423/5198
f 5188/3429/5201 5191/3433/5202 5186/3427/5200
f 5181/3432/5196 5192/3434/5203 5188/3429/5201
f 5188/3429/5201 5192/3434/5203 5191/3433/5202
f 5193/3435/5204 5183/3423/5198 5191/3433/5202
f 5193/3435/5204 5185/3426/5199 5183/3423/5198
f 5185/3426/5199 5194/3436/5205 5181/3421/5196
f 5194/3436/5205 5195/3437/5206 5181/3421/5196
f 5194/3436/5205 5196/3438/5207 5195/3437/5206
f 5197/3439/5208 5194/3436/5205 5185/3426/5199
f 5193/3435/5204 5197/3439/5208 5185/3426/5199
f 5197/3439/5208 5196/3438/5207 5194/3436/5205
f 5198/3440/5209 5193/3435/5204 5191/3433/5202
f 5192/3434/5203 5198/3440/5209 5191/3433/5202
f 5197/3439/5208 5193/3435/5204 5198/3440/5209
f 5199/3441/5210 5192/3434/5203 5181/3432/5196
f 5192/3434/5203 5199/3441/5210 5198/3440/5209
f 5195/3442/5206 5199/3441/5210 5181/3432/5196
f 5195/3442/5206 5196/3438/5207 5199/3441/5210
f 5200/3443/5211 5197/3439/5208 5198/3440/5209
f 5199/3441/5210 5200/3443/5211 5198/3440/5209
f 5200/3443/5211 5196/3438/5207 5197/3439/5208
f 5199/3441/5210 5196/3438/5207 5200/3443/5211
f 5202/3444/5212 5201/3445/3803 5220/3446/3940
f 5203/3447/5213 5202/3444/5212 5220/3446/3940
f 5201/3445/3803 5202/3444/5212 5204/3448/3800
f 5205/3449/5214 5202/3444/5212 5203/3447/5213
f 5218/3450/5215 5205/3449/5214 5203/3447/5213
f 5202/3444/5212 5206/3451/5216 5204/3448/3800
f 5206/3451/5216 3676/3452/3793 5204/3448/3800
f 5205/3449/5214 5207/3453/5217 5202/3444/5212
f 5207/3453/5217 5206/3451/5216 5202/3444/5212
f 5207/3453/5217 5208/3454/5218 5206/3451/5216
f 5205/3449/5214 5218/3450/5215 5209/3455/5219
f 5205/3449/5214 5209/3455/5219 5207/3453/5217
f 5208/3454/5218 5207/3453/5217 5209/3455/5219
f 5218/3450/5215 5210/3456/5220 5209/3455/5219
f 5210/3456/5220 5211/3457/5221 5209/3455/5219
f 5206/3451/5216 5212/3458/5222 3676/3452/3793
f 5208/3454/5218 5212/3458/5222 5206/3451/5216
f 5212/3458/5222 3670/3459/3786 3676/3452/3793
f 3670/3459/3786 5212/3458/5222 5213/3460/3783
f 5212/3458/5222 5214/3461/5223 5213/3460/3783
f 5212/3458/5222 5208/3454/5218 5214/3461/5223
f 5213/3460/3783 5214/3461/5223 5215/3462/3781
f 5216/3463/5224 5209/3455/5219 5211/3457/5221
f 5216/3463/5224 5208/3454/5218 5209/3455/5219
f 5216/3463/5224 5211/3457/5221 5217/3464/5225
f 5216/3463/5224 5217/3464/5225 5208/3454/5218
f 5211/3457/5221 5210/3465/5220 5217/3464/5225
f 5210/3465/5220 5218/3466/5215 5217/3464/5225
f 5214/3461/5223 5219/3467/5226 5215/3462/3781
f 5215/3462/3781 5219/3467/5226 3810/3468/3941
f 3810/3468/3941 5219/3467/5226 5220/3469/3940
f 5219/3467/5226 5203/3470/5213 5220/3469/3940
f 5208/3454/5218 5221/3471/5227 5214/3461/5223
f 5217/3464/5225 5221/3471/5227 5208/3454/5218
f 5214/3461/5223 5221/3471/5227 5219/3467/5226
f 5222/3472/5228 5218/3466/5215 5203/3470/5213
f 5218/3466/5215 5222/3472/5228 5217/3464/5225
f 5219/3467/5226 5222/3472/5228 5203/3470/5213
f 5221/3471/5227 5217/3464/5225 5222/3472/5228
f 5221/3471/5227 5222/3472/5228 5219/3467/5226
f 5235/3419/5229 5223/3417/5230 1824/3418/1901
f 5223/3417/5230 1812/3416/1902 1824/3418/1901
f 5224/3421/5231 5223/3417/5230 5235/3419/5229
f 5225/3420/1903 1812/3416/1902 5223/3417/5230
f 5224/3421/5231 5226/3426/5232 5223/3417/5230
f 5227/3422/5233 5225/3420/1903 5223/3417/5230
f 5226/3426/5232 5227/3422/5233 5223/3417/5230
f 5227/3422/5233 5228/3423/5234 5225/3420/1903
f 5228/3423/5234 5227/3422/5233 5226/3426/5232
f 5228/3423/5234 1814/3424/1905 5225/3420/1903
f 1818/3425/1909 1814/3424/1905 5228/3423/5234
f 5229/3436/5235 5226/3426/5232 5224/3421/5231
f 5240/3437/5236 5229/3436/5235 5224/3421/5231
f 5230/3438/5237 5229/3436/5235 5240/3437/5236
f 5229/3436/5235 5231/3439/5238 5226/3426/5232
f 5230/3438/5237 5231/3439/5238 5229/3436/5235
f 5232/3427/5239 1818/3425/1909 5228/3423/5234
f 1819/3428/1910 1818/3425/1909 5232/3427/5239
f 5233/3435/5240 5228/3423/5234 5226/3426/5232
f 5231/3439/5238 5233/3435/5240 5226/3426/5232
f 5234/3429/5241 1819/3428/1910 5232/3427/5239
f 1824/3430/1901 1819/3428/1910 5234/3429/5241
f 5235/3431/5229 1824/3430/1901 5234/3429/5241
f 5224/3432/5231 5235/3431/5229 5234/3429/5241
f 5236/3433/5242 5232/3427/5239 5228/3423/5234
f 5236/3433/5242 5228/3423/5234 5233/3435/5240
f 5236/3433/5242 5234/3429/5241 5232/3427/5239
f 5237/3440/5243 5233/3435/5240 5231/3439/5238
f 5237/3440/5243 5236/3433/5242 5233/3435/5240
f 5238/3434/5244 5234/3429/5241 5236/3433/5242
f 5238/3434/5244 5224/3432/5231 5234/3429/5241
f 5237/3440/5243 5238/3434/5244 5236/3433/5242
f 5224/3432/5231 5238/3434/5244 5239/3441/5245
f 5239/3441/5245 5238/3434/5244 5237/3440/5243
f 5240/3442/5236 5224/3432/5231 5239/3441/5245
f 5230/3438/5237 5240/3442/5236 5239/3441/5245
f 5241/3443/5246 5237/3440/5243 5231/3439/5238
f 5241/3443/5246 5239/3441/5245 5237/3440/5243
f 5230/3438/5237 5241/3443/5246 5231/3439/5238
f 5230/3438/5237 5239/3441/5245 5241/3443/5246
f 5244/3446/1643 5243/3445/1523 5242/3444/5247
f 5242/3444/5247 5243/3445/1523 5245/3448/1520
f 5246/3447/5248 5244/3446/1643 5242/3444/5247
f 5242/3444/5247 5245/3448/1520 5247/3451/5249
f 5245/3448/1520 5248/3452/1513 5247/3451/5249
f 5246/3447/5248 5242/3444/5247 5249/3449/5250
f 5260/3450/5251 5246/3447/5248 5249/3449/5250
f 5249/3449/5250 5242/3444/5247 5250/3453/5252
f 5242/3444/5247 5247/3451/5249 5250/3453/5252
f 5250/3453/5252 5247/3451/5249 5251/3454/5253
f 5247/3451/5249 5248/3452/1513 5252/3458/5254
f 5247/3451/5249 5252/3458/5254 5251/3454/5253
f 5248/3452/1513 1405/3459/1506 5252/3458/5254
f 5252/3458/5254 1405/3459/1506 5253/3460/1502
f 5249/3449/5250 5254/3455/5255 5260/3450/5251
f 5254/3455/5255 5249/3449/5250 5250/3453/5252
f 5250/3453/5252 5251/3454/5253 5254/3455/5255
f 5254/3455/5255 5259/3456/5256 5260/3450/5251
f 5255/3457/5257 5259/3456/5256 5254/3455/5255
f 5256/3461/5258 5252/3458/5254 5253/3460/1502
f 5251/3454/5253 5252/3458/5254 5256/3461/5258
f 5256/3461/5258 5253/3460/1502 1403/3462/1501
f 5254/3455/5255 5257/3463/5259 5255/3457/5257
f 5251/3454/5253 5257/3463/5259 5254/3455/5255
f 5255/3457/5257 5257/3463/5259 5258/3464/5260
f 5257/3463/5259 5251/3454/5253 5258/3464/5260
f 5259/3465/5256 5255/3457/5257 5258/3464/5260
f 5260/3466/5251 5259/3465/5256 5258/3464/5260
f 5261/3467/5261 5256/3461/5258 1403/3462/1501
f 5261/3467/5261 1403/3462/1501 1517/3468/1641
f 5261/3467/5261 1517/3468/1641 5244/3469/1643
f 5246/3470/5248 5261/3467/5261 5244/3469/1643
f 5262/3471/5262 5251/3454/5253 5256/3461/5258
f 5251/3454/5253 5262/3471/5262 5258/3464/5260
f 5256/3461/5258 5261/3467/5261 5262/3471/5262
f 5260/3466/5251 5263/3472/5263 5246/3470/5248
f 5263/3472/5263 5260/3466/5251 5258/3464/5260
f 5258/3464/5260 5262/3471/5262 5263/3472/5263
f 5263/3472/5263 5261/3467/5261 5246/3470/5248
f 5261/3467/5261 5263/3472/5263 5262/3471/5262
f 5266/3473/5264 5265/3474/5265 5264/3475/5266
f 5264/3475/5266 5265/3474/5265 5267/3476/5267
f 5268/3477/5268 5266/3473/5264 5264/3475/5266
f 5269/3478/5269 5266/3473/5264 5268/3477/5268
f 5270/3479/5270 5264/3475/5266 5267/3476/5267
f 5270/3479/5270 5267/3476/5267 5271/3480/5271
f 5272/3481/5272 5269/3478/5269 5268/3477/5268
f 5273/3482/5273 5269/3478/5269 5272/3481/5272
f 5274/3483/5274 5270/3479/5270 5271/3480/5271
f 5274/3483/5274 5271/3480/5271 5275/3484/5275
f 5276/3485/5276 5273/3482/5273 5272/3481/5272
f 5277/3486/5277 5273/3482/5273 5276/3485/5276
f 5278/3487/5278 5277/3486/5277 5276/3485/5276
f 5279/3488/5279 5277/3486/5277 5278/3487/5278
f 5280/3489/5280 5279/3488/5279 5278/3487/5278
f 5281/3490/5281 5279/3488/5279 5280/3489/5280
f 5282/3491/5282 5281/3490/5281 5280/3489/5280
f 5283/3492/5283 5281/3490/5281 5282/3491/5282
f 5284/3493/5284 5283/3492/5283 5282/3491/5282
f 5285/3494/5285 5283/3492/5283 5284/3493/5284
f 5286/3495/5286 5276/3485/5276 5272/3481/5272
f 5287/3496/5287 5278/3487/5278 5276/3485/5276
f 5286/3495/5286 5287/3496/5287 5276/3485/5276
f 5280/3489/5280 5278/3487/5278 5288/3497/5288
f 5278/3487/5278 5287/3496/5287 5288/3497/5288
f 5282/3491/5282 5280/3489/5280 5289/3498/5289
f 5280/3489/5280 5288/3497/5288 5289/3498/5289
f 5284/3493/5284 5282/3491/5282 5290/3499/5290
f 5282/3491/5282 5289/3498/5289 5290/3499/5290
f 5291/3500/5291 5286/3495/5286 5272/3481/5272
f 5291/3500/5291 5272/3481/5272 5268/3477/5268
f 5292/3501/5292 5291/3500/5291 5268/3477/5268
f 5268/3477/5268 5264/3475/5266 5292/3501/5292
f 5264/3475/5266 5293/3502/5293 5292/3501/5292
f 5264/3475/5266 5270/3479/5270 5293/3502/5293
f 5270/3479/5270 5294/3503/5294 5293/3502/5293
f 5294/3503/5294 5270/3479/5270 5274/3483/5274
f 5289/3498/5289 5288/3497/5288 5295/3504/5295
f 5290/3499/5290 5289/3498/5289 5296/3505/5296
f 5296/3505/5296 5289/3498/5289 5295/3504/5295
f 5295/3504/5295 5288/3497/5288 5297/3506/5297
f 5288/3497/5288 5287/3496/5287 5297/3506/5297
f 5297/3506/5297 5287/3496/5287 5298/3507/5298
f 5287/3496/5287 5286/3495/5286 5298/3507/5298
f 5298/3507/5298 5286/3495/5286 5299/3508/5299
f 5286/3495/5286 5291/3500/5291 5299/3508/5299
f 5299/3508/5299 5291/3500/5291 5300/3509/5300
f 5291/3500/5291 5292/3501/5292 5300/3509/5300
f 5300/3509/5300 5292/3501/5292 5301/3510/5301
f 5292/3501/5292 5293/3502/5293 5301/3510/5301
f 5293/3502/5293 5294/3503/5294 5302/3511/5302
f 5301/3510/5301 5293/3502/5293 5302/3511/5302
f 5295/3504/5295 5297/3506/5297 5303/3512/5303
f 5297/3506/5297 5298/3507/5298 5304/3513/5304
f 5303/3512/5303 5297/3506/5297 5304/3513/5304
f 5298/3507/5298 5299/3508/5299 5305/3514/5305
f 5304/3513/5304 5298/3507/5298 5305/3514/5305
f 5299/3508/5299 5300/3509/5300 5306/3515/5306
f 5305/3514/5305 5299/3508/5299 5306/3515/5306
f 5300/3509/5300 5301/3510/5301 5307/3516/5307
f 5306/3515/5306 5300/3509/5300 5307/3516/5307
f 5308/3517/5308 5295/3504/5295 5303/3512/5303
f 5296/3505/5296 5295/3504/5295 5308/3517/5308
f 5309/3518/5309 5303/3512/5303 5304/3513/5304
f 5309/3518/5309 5308/3517/5308 5303/3512/5303
f 5310/3519/5310 5304/3513/5304 5305/3514/5305
f 5310/3519/5310 5305/3514/5305 5306/3515/5306
f 5310/3519/5310 5309/3518/5309 5304/3513/5304
f 5309/3518/5309 5310/3519/5310 5311/3520/5311
f 5312/3521/5312 5310/3519/5310 5306/3515/5306
f 5312/3521/5312 5306/3515/5306 5307/3516/5307
f 5310/3519/5310 5312/3521/5312 5311/3520/5311
f 5307/3516/5307 5301/3510/5301 5313/3522/5313
f 5312/3521/5312 5307/3516/5307 5313/3522/5313
f 5301/3510/5301 5302/3511/5302 5313/3522/5313
f 5309/3518/5309 5314/3523/5314 5308/3517/5308
f 5311/3520/5311 5314/3523/5314 5309/3518/5309
f 5315/3524/5315 5296/3505/5296 5308/3517/5308
f 5314/3523/5314 5315/3524/5315 5308/3517/5308
f 5316/3525/5316 5312/3521/5312 5313/3522/5313
f 5316/3525/5316 5311/3520/5311 5312/3521/5312
f 5313/3522/5313 5302/3511/5302 5317/3526/5317
f 5316/3525/5316 5313/3522/5313 5317/3526/5317
f 5318/3527/5318 5296/3505/5296 5315/3524/5315
f 5318/3527/5318 5290/3499/5290 5296/3505/5296
f 5314/3523/5314 5319/3528/5319 5315/3524/5315
f 5319/3528/5319 5318/3527/5318 5315/3524/5315
f 5302/3511/5302 5320/3529/5320 5317/3526/5317
f 5302/3511/5302 5294/3503/5294 5320/3529/5320
f 5316/3525/5316 5317/3526/5317 5321/3530/5321
f 5317/3526/5317 5320/3529/5320 5321/3530/5321
f 5322/3531/5322 5290/3499/5290 5318/3527/5318
f 5284/3493/5284 5290/3499/5290 5322/3531/5322
f 5294/3503/5294 5323/3532/5323 5320/3529/5320
f 5323/3532/5323 5294/3503/5294 5274/3483/5274
f 5314/3523/5314 5324/3533/5324 5319/3528/5319
f 5314/3523/5314 5311/3520/5311 5324/3533/5324
f 5311/3520/5311 5316/3525/5316 5325/3534/5325
f 5325/3534/5325 5316/3525/5316 5321/3530/5321
f 5326/3535/5326 5318/3527/5318 5319/3528/5319
f 5326/3535/5326 5322/3531/5322 5318/3527/5318
f 5327/3536/5327 5284/3493/5284 5322/3531/5322
f 5327/3536/5327 5285/3494/5285 5284/3493/5284
f 5327/3536/5327 5322/3531/5322 5328/3537/5328
f 5328/3537/5328 5322/3531/5322 5326/3535/5326
f 5327/3536/5327 5329/3538/5329 5285/3494/5285
f 5329/3538/5329 5327/3536/5327 5328/3537/5328
f 5329/3538/5329 5330/3539/5330 5285/3494/5285
f 5331/3540/5331 5330/3539/5330 5329/3538/5329
f 5332/3541/5332 5326/3535/5326 5319/3528/5319
f 5324/3533/5324 5332/3541/5332 5319/3528/5319
f 5333/3542/5333 5328/3537/5328 5326/3535/5326
f 5333/3542/5333 5326/3535/5326 5332/3541/5332
f 5329/3538/5329 5328/3537/5328 5334/3543/5334
f 5334/3543/5334 5328/3537/5328 5333/3542/5333
f 5335/3544/5335 5331/3540/5331 5329/3538/5329
f 5335/3544/5335 5329/3538/5329 5334/3543/5334
f 5336/3545/5336 5332/3541/5332 5324/3533/5324
f 5336/3545/5336 5333/3542/5333 5332/3541/5332
f 5335/3544/5335 5337/3546/5337 5331/3540/5331
f 5337/3546/5337 5338/3547/5338 5331/3540/5331
f 5339/3548/5339 5338/3547/5338 5337/3546/5337
f 5335/3544/5335 5334/3543/5334 5340/3549/5340
f 5337/3546/5337 5335/3544/5335 5340/3549/5340
f 5341/3550/5341 5334/3543/5334 5333/3542/5333
f 5341/3550/5341 5333/3542/5333 5336/3545/5336
f 5340/3549/5340 5334/3543/5334 5341/3550/5341
f 5336/3545/5336 5324/3533/5324 5342/3551/5342
f 5342/3551/5342 5324/3533/5324 5311/3520/5311
f 5325/3534/5325 5342/3551/5342 5311/3520/5311
f 5343/3552/5343 5339/3548/5339 5337/3546/5337
f 5275/3484/5275 5339/3548/5339 5343/3552/5343
f 5344/3553/5344 5341/3550/5341 5336/3545/5336
f 5344/3553/5344 5336/3545/5336 5342/3551/5342
f 5337/3546/5337 5340/3549/5340 5345/3554/5345
f 5343/3552/5343 5337/3546/5337 5345/3554/5345
f 5346/3555/5346 5275/3484/5275 5343/3552/5343
f 5346/3555/5346 5343/3552/5343 5345/3554/5345
f 5346/3555/5346 5274/3483/5274 5275/3484/5275
f 5274/3483/5274 5346/3555/5346 5323/3532/5323
f 5347/3556/5347 5340/3549/5340 5341/3550/5341
f 5341/3550/5341 5344/3553/5344 5347/3556/5347
f 5345/3554/5345 5340/3549/5340 5347/3556/5347
f 5342/3551/5342 5348/3557/5348 5344/3553/5344
f 5342/3551/5342 5325/3534/5325 5348/3557/5348
f 5344/3553/5344 5348/3557/5348 5347/3556/5347
f 5325/3534/5325 5349/3558/5349 5348/3557/5348
f 5348/3557/5348 5349/3558/5349 5347/3556/5347
f 5325/3534/5325 5321/3530/5321 5349/3558/5349
f 5346/3555/5346 5350/3559/5350 5323/3532/5323
f 5350/3559/5350 5346/3555/5346 5345/3554/5345
f 5351/3560/5351 5345/3554/5345 5347/3556/5347
f 5349/3558/5349 5351/3560/5351 5347/3556/5347
f 5350/3559/5350 5345/3554/5345 5351/3560/5351
f 5321/3530/5321 5352/3561/5352 5349/3558/5349
f 5352/3561/5352 5351/3560/5351 5349/3558/5349
f 5352/3561/5352 5350/3559/5350 5351/3560/5351
f 5323/3532/5323 5350/3559/5350 5352/3561/5352
f 5320/3529/5320 5352/3561/5352 5321/3530/5321
f 5320/3529/5320 5323/3532/5323 5352/3561/5352
f 5355/3474/5353 5354/3473/5354 5353/3475/5355
f 5355/3474/5353 5353/3475/5355 5356/3476/5356
f 5354/3473/5354 5357/3477/5357 5353/3475/5355
f 5354/3473/5354 5358/3478/5358 5357/3477/5357
f 5353/3475/5355 5359/3479/5359 5356/3476/5356
f 5356/3476/5356 5359/3479/5359 5360/3480/5360
f 5358/3478/5358 5361/3481/5361 5357/3477/5357
f 5358/3478/5358 5362/3482/5362 5361/3481/5361
f 5359/3479/5359 5363/3483/5363 5360/3480/5360
f 5360/3480/5360 5363/3483/5363 5364/3484/5364
f 5362/3482/5362 5365/3485/5365 5361/3481/5361
f 5362/3482/5362 5366/3486/5366 5365/3485/5365
f 5366/3486/5366 5367/3487/5367 5365/3485/5365
f 5366/3486/5366 5368/3488/5368 5367/3487/5367
f 5368/3488/5368 5369/3489/5369 5367/3487/5367
f 5368/3488/5368 5370/3490/5370 5369/3489/5369
f 5370/3490/5370 5371/3491/5371 5369/3489/5369
f 5370/3490/5370 5372/3492/5372 5371/3491/5371
f 5372/3492/5372 5373/3493/5373 5371/3491/5371
f 5372/3492/5372 5374/3494/5374 5373/3493/5373
f 5365/3485/5365 5375/3495/5375 5361/3481/5361
f 5367/3487/5367 5376/3496/5376 5365/3485/5365
f 5376/3496/5376 5375/3495/5375 5365/3485/5365
f 5369/3489/5369 5377/3497/5377 5367/3487/5367
f 5377/3497/5377 5376/3496/5376 5367/3487/5367
f 5371/3491/5371 5378/3498/5378 5369/3489/5369
f 5378/3498/5378 5377/3497/5377 5369/3489/5369
f 5373/3493/5373 5379/3499/5379 5371/3491/5371
f 5379/3499/5379 5378/3498/5378 5371/3491/5371
f 5375/3495/5375 5380/3500/5380 5361/3481/5361
f 5361/3481/5361 5380/3500/5380 5357/3477/5357
f 5380/3500/5380 5381/3501/5381 5357/3477/5357
f 5357/3477/5357 5381/3501/5381 5353/3475/5355
f 5381/3501/5381 5382/3502/5382 5353/3475/5355
f 5353/3475/5355 5382/3502/5382 5359/3479/5359
f 5382/3502/5382 5383/3503/5383 5359/3479/5359
f 5359/3479/5359 5383/3503/5383 5363/3483/5363
f 5377/3497/5377 5378/3498/5378 5384/3504/5384
f 5378/3498/5378 5379/3499/5379 5385/3505/5385
f 5378/3498/5378 5385/3505/5385 5384/3504/5384
f 5377/3497/5377 5384/3504/5384 5386/3506/5386
f 5376/3496/5376 5377/3497/5377 5386/3506/5386
f 5376/3496/5376 5386/3506/5386 5387/3507/5387
f 5375/3495/5375 5376/3496/5376 5387/3507/5387
f 5375/3495/5375 5387/3507/5387 5388/3508/5388
f 5380/3500/5380 5375/3495/5375 5388/3508/5388
f 5380/3500/5380 5388/3508/5388 5389/3509/5389
f 5381/3501/5381 5380/3500/5380 5389/3509/5389
f 5381/3501/5381 5389/3509/5389 5390/3510/5390
f 5382/3502/5382 5381/3501/5381 5390/3510/5390
f 5382/3502/5382 5390/3510/5390 5391/3511/5391
f 5383/3503/5383 5382/3502/5382 5391/3511/5391
f 5392/3512/5392 5386/3506/5386 5384/3504/5384
f 5393/3513/5393 5387/3507/5387 5386/3506/5386
f 5392/3512/5392 5393/3513/5393 5386/3506/5386
f 5394/3514/5394 5388/3508/5388 5387/3507/5387
f 5393/3513/5393 5394/3514/5394 5387/3507/5387
f 5389/3509/5389 5388/3508/5388 5395/3515/5395
f 5388/3508/5388 5394/3514/5394 5395/3515/5395
f 5396/3516/5396 5390/3510/5390 5389/3509/5389
f 5395/3515/5395 5396/3516/5396 5389/3509/5389
f 5397/3517/5397 5392/3512/5392 5384/3504/5384
f 5397/3517/5397 5384/3504/5384 5385/3505/5385
f 5392/3512/5392 5398/3518/5398 5393/3513/5393
f 5397/3517/5397 5398/3518/5398 5392/3512/5392
f 5393/3513/5393 5399/3519/5399 5394/3514/5394
f 5394/3514/5394 5399/3519/5399 5395/3515/5395
f 5398/3518/5398 5399/3519/5399 5393/3513/5393
f 5399/3519/5399 5398/3518/5398 5400/3520/5400
f 5399/3519/5399 5401/3521/5401 5395/3515/5395
f 5395/3515/5395 5401/3521/5401 5396/3516/5396
f 5401/3521/5401 5399/3519/5399 5400/3520/5400
f 5396/3516/5396 5402/3522/5402 5390/3510/5390
f 5396/3516/5396 5401/3521/5401 5402/3522/5402
f 5402/3522/5402 5391/3511/5391 5390/3510/5390
f 5403/3523/5403 5398/3518/5398 5397/3517/5397
f 5403/3523/5403 5400/3520/5400 5398/3518/5398
f 5404/3524/5404 5397/3517/5397 5385/3505/5385
f 5404/3524/5404 5403/3523/5403 5397/3517/5397
f 5401/3521/5401 5405/3525/5405 5402/3522/5402
f 5400/3520/5400 5405/3525/5405 5401/3521/5401
f 5402/3522/5402 5406/3526/5406 5391/3511/5391
f 5402/3522/5402 5405/3525/5405 5406/3526/5406
f 5404/3524/5404 5385/3505/5385 5407/3527/5407
f 5379/3499/5379 5407/3527/5407 5385/3505/5385
f 5408/3528/5408 5403/3523/5403 5404/3524/5404
f 5408/3528/5408 5404/3524/5404 5407/3527/5407
f 5406/3526/5406 5409/3529/5409 5391/3511/5391
f 5383/3503/5383 5391/3511/5391 5409/3529/5409
f 5406/3526/5406 5405/3525/5405 5410/3530/5410
f 5409/3529/5409 5406/3526/5406 5410/3530/5410
f 5379/3499/5379 5411/3531/5411 5407/3527/5407
f 5411/3531/5411 5379/3499/5379 5373/3493/5373
f 5412/3532/5412 5383/3503/5383 5409/3529/5409
f 5383/3503/5383 5412/3532/5412 5363/3483/5363
f 5413/3533/5413 5403/3523/5403 5408/3528/5408
f 5400/3520/5400 5403/3523/5403 5413/3533/5413
f 5405/3525/5405 5400/3520/5400 5414/3534/5414
f 5405/3525/5405 5414/3534/5414 5410/3530/5410
f 5408/3528/5408 5407/3527/5407 5415/3535/5415
f 5411/3531/5411 5415/3535/5415 5407/3527/5407
f 5416/3536/5416 5411/3531/5411 5373/3493/5373
f 5374/3494/5374 5416/3536/5416 5373/3493/5373
f 5417/3537/5417 5411/3531/5411 5416/3536/5416
f 5411/3531/5411 5417/3537/5417 5415/3535/5415
f 5418/3538/5418 5416/3536/5416 5374/3494/5374
f 5418/3538/5418 5417/3537/5417 5416/3536/5416
f 5419/3539/5419 5418/3538/5418 5374/3494/5374
f 5419/3539/5419 5420/3540/5420 5418/3538/5418
f 5421/3541/5421 5408/3528/5408 5415/3535/5415
f 5421/3541/5421 5413/3533/5413 5408/3528/5408
f 5417/3537/5417 5422/3542/5422 5415/3535/5415
f 5421/3541/5421 5415/3535/5415 5422/3542/5422
f 5423/3543/5423 5417/3537/5417 5418/3538/5418
f 5417/3537/5417 5423/3543/5423 5422/3542/5422
f 5420/3540/5420 5424/3544/5424 5418/3538/5418
f 5424/3544/5424 5423/3543/5423 5418/3538/5418
f 5421/3541/5421 5425/3545/5425 5413/3533/5413
f 5425/3545/5425 5421/3541/5421 5422/3542/5422
f 5426/3546/5426 5424/3544/5424 5420/3540/5420
f 5427/3547/5427 5426/3546/5426 5420/3540/5420
f 5427/3547/5427 5428/3548/5428 5426/3546/5426
f 5429/3549/5429 5423/3543/5423 5424/3544/5424
f 5426/3546/5426 5429/3549/5429 5424/3544/5424
f 5423/3543/5423 5430/3550/5430 5422/3542/5422
f 5425/3545/5425 5422/3542/5422 5430/3550/5430
f 5423/3543/5423 5429/3549/5429 5430/3550/5430
f 5431/3551/5431 5413/3533/5413 5425/3545/5425
f 5413/3533/5413 5431/3551/5431 5400/3520/5400
f 5431/3551/5431 5414/3534/5414 5400/3520/5400
f 5428/3548/5428 5432/3552/5432 5426/3546/5426
f 5428/3548/5428 5364/3484/5364 5432/3552/5432
f 5433/3553/5433 5425/3545/5425 5430/3550/5430
f 5433/3553/5433 5431/3551/5431 5425/3545/5425
f 5434/3554/5434 5429/3549/5429 5426/3546/5426
f 5432/3552/5432 5434/3554/5434 5426/3546/5426
f 5364/3484/5364 5435/3555/5435 5432/3552/5432
f 5432/3552/5432 5435/3555/5435 5434/3554/5434
f 5363/3483/5363 5435/3555/5435 5364/3484/5364
f 5363/3483/5363 5412/3532/5412 5435/3555/5435
f 5429/3549/5429 5436/3556/5436 5430/3550/5430
f 5430/3550/5430 5436/3556/5436 5433/3553/5433
f 5429/3549/5429 5434/3554/5434 5436/3556/5436
f 5437/3557/5437 5431/3551/5431 5433/3553/5433
f 5414/3534/5414 5431/3551/5431 5437/3557/5437
f 5436/3556/5436 5437/3557/5437 5433/3553/5433
f 5438/3558/5438 5414/3534/5414 5437/3557/5437
f 5438/3558/5438 5437/3557/5437 5436/3556/5436
f 5410/3530/5410 5414/3534/5414 5438/3558/5438
f 5412/3532/5412 5439/3559/5439 5435/3555/5435
f 5435/3555/5435 5439/3559/5439 5434/3554/5434
f 5434/3554/5434 5440/3560/5440 5436/3556/5436
f 5440/3560/5440 5438/3558/5438 5436/3556/5436
f 5434/3554/5434 5439/3559/5439 5440/3560/5440
f 5410/3530/5410 5438/3558/5438 5441/3561/5441
f 5438/3558/5438 5440/3560/5440 5441/3561/5441
f 5439/3559/5439 5441/3561/5441 5440/3560/5440
f 5439/3559/5439 5412/3532/5412 5441/3561/5441
f 5441/3561/5441 5409/3529/5409 5410/3530/5410
f 5412/3532/5412 5409/3529/5409 5441/3561/5441
